الجنسية,المحافظة,المنطقة,حجم السكن,الأسر
سعودي,الباحة (مقرالامارة),الباحة,1,1746
سعودي,الباحة (مقرالامارة),الباحة,2,1322
سعودي,الباحة (مقرالامارة),الباحة,3,1401
سعودي,الباحة (مقرالامارة),الباحة,4,1833
سعودي,الباحة (مقرالامارة),الباحة,5,1829
سعودي,الباحة (مقرالامارة),الباحة,6,1907
سعودي,الباحة (مقرالامارة),الباحة,7,1398
سعودي,الباحة (مقرالامارة),الباحة,8,684
سعودي,الباحة (مقرالامارة),الباحة,9,347
سعودي,الباحة (مقرالامارة),الباحة,10+,275
غير سعودي,الباحة (مقرالامارة),الباحة,1,3254
غير سعودي,الباحة (مقرالامارة),الباحة,2,3337
غير سعودي,الباحة (مقرالامارة),الباحة,3,1169
غير سعودي,الباحة (مقرالامارة),الباحة,4,496
غير سعودي,الباحة (مقرالامارة),الباحة,5,445
غير سعودي,الباحة (مقرالامارة),الباحة,6,386
غير سعودي,الباحة (مقرالامارة),الباحة,7,215
غير سعودي,الباحة (مقرالامارة),الباحة,8,101
غير سعودي,الباحة (مقرالامارة),الباحة,9,76
غير سعودي,الباحة (مقرالامارة),الباحة,10+,366
سعودي,الحجرة,الباحة,1,358
سعودي,الحجرة,الباحة,2,214
سعودي,الحجرة,الباحة,3,236
سعودي,الحجرة,الباحة,4,296
سعودي,الحجرة,الباحة,5,253
سعودي,الحجرة,الباحة,6,312
سعودي,الحجرة,الباحة,7,257
سعودي,الحجرة,الباحة,8,130
سعودي,الحجرة,الباحة,9,79
سعودي,الحجرة,الباحة,10+,128
غير سعودي,الحجرة,الباحة,1,342
غير سعودي,الحجرة,الباحة,2,76
غير سعودي,الحجرة,الباحة,3,44
غير سعودي,الحجرة,الباحة,4,24
غير سعودي,الحجرة,الباحة,5,27
غير سعودي,الحجرة,الباحة,6,15
غير سعودي,الحجرة,الباحة,7,7
غير سعودي,الحجرة,الباحة,8,5
غير سعودي,الحجرة,الباحة,9,4
غير سعودي,الحجرة,الباحة,10+,9
سعودي,العقيق,الباحة,1,876
سعودي,العقيق,الباحة,2,562
سعودي,العقيق,الباحة,3,599
سعودي,العقيق,الباحة,4,755
سعودي,العقيق,الباحة,5,774
سعودي,العقيق,الباحة,6,936
سعودي,العقيق,الباحة,7,659
سعودي,العقيق,الباحة,8,369
سعودي,العقيق,الباحة,9,247
سعودي,العقيق,الباحة,10+,416
غير سعودي,العقيق,الباحة,1,1530
غير سعودي,العقيق,الباحة,2,487
غير سعودي,العقيق,الباحة,3,138
غير سعودي,العقيق,الباحة,4,92
غير سعودي,العقيق,الباحة,5,52
غير سعودي,العقيق,الباحة,6,55
غير سعودي,العقيق,الباحة,7,32
غير سعودي,العقيق,الباحة,8,20
غير سعودي,العقيق,الباحة,9,12
غير سعودي,العقيق,الباحة,10+,41
سعودي,القرى,الباحة,1,384
سعودي,القرى,الباحة,2,397
سعودي,القرى,الباحة,3,407
سعودي,القرى,الباحة,4,471
سعودي,القرى,الباحة,5,484
سعودي,القرى,الباحة,6,528
سعودي,القرى,الباحة,7,403
سعودي,القرى,الباحة,8,184
سعودي,القرى,الباحة,9,102
سعودي,القرى,الباحة,10+,140
غير سعودي,القرى,الباحة,1,885
غير سعودي,القرى,الباحة,2,235
غير سعودي,القرى,الباحة,3,73
غير سعودي,القرى,الباحة,4,57
غير سعودي,القرى,الباحة,5,43
غير سعودي,القرى,الباحة,6,26
غير سعودي,القرى,الباحة,7,17
غير سعودي,القرى,الباحة,8,6
غير سعودي,القرى,الباحة,9,6
غير سعودي,القرى,الباحة,10+,10
سعودي,المخواة,الباحة,1,1036
سعودي,المخواة,الباحة,2,964
سعودي,المخواة,الباحة,3,1017
سعودي,المخواة,الباحة,4,1234
سعودي,المخواة,الباحة,5,1256
سعودي,المخواة,الباحة,6,1221
سعودي,المخواة,الباحة,7,863
سعودي,المخواة,الباحة,8,467
سعودي,المخواة,الباحة,9,220
سعودي,المخواة,الباحة,10+,237
غير سعودي,المخواة,الباحة,1,1645
غير سعودي,المخواة,الباحة,2,844
غير سعودي,المخواة,الباحة,3,320
غير سعودي,المخواة,الباحة,4,196
غير سعودي,المخواة,الباحة,5,145
غير سعودي,المخواة,الباحة,6,124
غير سعودي,المخواة,الباحة,7,63
غير سعودي,المخواة,الباحة,8,38
غير سعودي,المخواة,الباحة,9,29
غير سعودي,المخواة,الباحة,10+,78
سعودي,المندق,الباحة,1,431
سعودي,المندق,الباحة,2,379
سعودي,المندق,الباحة,3,374
سعودي,المندق,الباحة,4,483
سعودي,المندق,الباحة,5,504
سعودي,المندق,الباحة,6,569
سعودي,المندق,الباحة,7,355
سعودي,المندق,الباحة,8,178
سعودي,المندق,الباحة,9,106
سعودي,المندق,الباحة,10+,95
غير سعودي,المندق,الباحة,1,1029
غير سعودي,المندق,الباحة,2,239
غير سعودي,المندق,الباحة,3,91
غير سعودي,المندق,الباحة,4,60
غير سعودي,المندق,الباحة,5,64
غير سعودي,المندق,الباحة,6,49
غير سعودي,المندق,الباحة,7,32
غير سعودي,المندق,الباحة,8,12
غير سعودي,المندق,الباحة,9,15
غير سعودي,المندق,الباحة,10+,26
سعودي,بلجرشي,الباحة,1,1073
سعودي,بلجرشي,الباحة,2,1032
سعودي,بلجرشي,الباحة,3,977
سعودي,بلجرشي,الباحة,4,1185
سعودي,بلجرشي,الباحة,5,1169
سعودي,بلجرشي,الباحة,6,1252
سعودي,بلجرشي,الباحة,7,806
سعودي,بلجرشي,الباحة,8,389
سعودي,بلجرشي,الباحة,9,201
سعودي,بلجرشي,الباحة,10+,217
غير سعودي,بلجرشي,الباحة,1,2038
غير سعودي,بلجرشي,الباحة,2,1161
غير سعودي,بلجرشي,الباحة,3,480
غير سعودي,بلجرشي,الباحة,4,323
غير سعودي,بلجرشي,الباحة,5,273
غير سعودي,بلجرشي,الباحة,6,211
غير سعودي,بلجرشي,الباحة,7,103
غير سعودي,بلجرشي,الباحة,8,72
غير سعودي,بلجرشي,الباحة,9,38
غير سعودي,بلجرشي,الباحة,10+,120
سعودي,بني حسن,الباحة,1,292
سعودي,بني حسن,الباحة,2,303
سعودي,بني حسن,الباحة,3,301
سعودي,بني حسن,الباحة,4,382
سعودي,بني حسن,الباحة,5,460
سعودي,بني حسن,الباحة,6,487
سعودي,بني حسن,الباحة,7,305
سعودي,بني حسن,الباحة,8,192
سعودي,بني حسن,الباحة,9,81
سعودي,بني حسن,الباحة,10+,67
غير سعودي,بني حسن,الباحة,1,399
غير سعودي,بني حسن,الباحة,2,188
غير سعودي,بني حسن,الباحة,3,56
غير سعودي,بني حسن,الباحة,4,36
غير سعودي,بني حسن,الباحة,5,20
غير سعودي,بني حسن,الباحة,6,14
غير سعودي,بني حسن,الباحة,7,15
غير سعودي,بني حسن,الباحة,8,12
غير سعودي,بني حسن,الباحة,9,5
غير سعودي,بني حسن,الباحة,10+,6
سعودي,فرعة غامد الزناد,الباحة,1,401
سعودي,فرعة غامد الزناد,الباحة,2,294
سعودي,فرعة غامد الزناد,الباحة,3,269
سعودي,فرعة غامد الزناد,الباحة,4,313
سعودي,فرعة غامد الزناد,الباحة,5,305
سعودي,فرعة غامد الزناد,الباحة,6,304
سعودي,فرعة غامد الزناد,الباحة,7,304
سعودي,فرعة غامد الزناد,الباحة,8,167
سعودي,فرعة غامد الزناد,الباحة,9,82
سعودي,فرعة غامد الزناد,الباحة,10+,126
غير سعودي,فرعة غامد الزناد,الباحة,1,157
غير سعودي,فرعة غامد الزناد,الباحة,2,42
غير سعودي,فرعة غامد الزناد,الباحة,3,20
غير سعودي,فرعة غامد الزناد,الباحة,4,6
غير سعودي,فرعة غامد الزناد,الباحة,5,5
غير سعودي,فرعة غامد الزناد,الباحة,6,2
غير سعودي,فرعة غامد الزناد,الباحة,7,3
غير سعودي,فرعة غامد الزناد,الباحة,8,2
غير سعودي,فرعة غامد الزناد,الباحة,9,2
سعودي,قلوة,الباحة,1,691
سعودي,قلوة,الباحة,2,526
سعودي,قلوة,الباحة,3,613
سعودي,قلوة,الباحة,4,731
سعودي,قلوة,الباحة,5,703
سعودي,قلوة,الباحة,6,813
سعودي,قلوة,الباحة,7,648
سعودي,قلوة,الباحة,8,329
سعودي,قلوة,الباحة,9,202
سعودي,قلوة,الباحة,10+,244
غير سعودي,قلوة,الباحة,1,858
غير سعودي,قلوة,الباحة,2,324
غير سعودي,قلوة,الباحة,3,144
غير سعودي,قلوة,الباحة,4,69
غير سعودي,قلوة,الباحة,5,48
غير سعودي,قلوة,الباحة,6,43
غير سعودي,قلوة,الباحة,7,24
غير سعودي,قلوة,الباحة,8,17
غير سعودي,قلوة,الباحة,9,9
غير سعودي,قلوة,الباحة,10+,43
سعودي,القريات,الجوف,1,2789
سعودي,القريات,الجوف,2,2224
سعودي,القريات,الجوف,3,2088
سعودي,القريات,الجوف,4,2156
سعودي,القريات,الجوف,5,2462
سعودي,القريات,الجوف,6,3980
سعودي,القريات,الجوف,7,2786
سعودي,القريات,الجوف,8,2109
سعودي,القريات,الجوف,9,1681
سعودي,القريات,الجوف,10+,3673
غير سعودي,القريات,الجوف,1,5179
غير سعودي,القريات,الجوف,2,4168
غير سعودي,القريات,الجوف,3,1035
غير سعودي,القريات,الجوف,4,457
غير سعودي,القريات,الجوف,5,388
غير سعودي,القريات,الجوف,6,289
غير سعودي,القريات,الجوف,7,200
غير سعودي,القريات,الجوف,8,88
غير سعودي,القريات,الجوف,9,60
غير سعودي,القريات,الجوف,10+,232
سعودي,دومة الجندل,الجوف,1,705
سعودي,دومة الجندل,الجوف,2,615
سعودي,دومة الجندل,الجوف,3,657
سعودي,دومة الجندل,الجوف,4,748
سعودي,دومة الجندل,الجوف,5,816
سعودي,دومة الجندل,الجوف,6,1100
سعودي,دومة الجندل,الجوف,7,851
سعودي,دومة الجندل,الجوف,8,639
سعودي,دومة الجندل,الجوف,9,453
سعودي,دومة الجندل,الجوف,10+,768
غير سعودي,دومة الجندل,الجوف,1,1560
غير سعودي,دومة الجندل,الجوف,2,1302
غير سعودي,دومة الجندل,الجوف,3,447
غير سعودي,دومة الجندل,الجوف,4,187
غير سعودي,دومة الجندل,الجوف,5,155
غير سعودي,دومة الجندل,الجوف,6,103
غير سعودي,دومة الجندل,الجوف,7,77
غير سعودي,دومة الجندل,الجوف,8,42
غير سعودي,دومة الجندل,الجوف,9,28
غير سعودي,دومة الجندل,الجوف,10+,106
سعودي,سكاكا (مقر الامارة),الجوف,1,3852
سعودي,سكاكا (مقر الامارة),الجوف,2,2939
سعودي,سكاكا (مقر الامارة),الجوف,3,2920
سعودي,سكاكا (مقر الامارة),الجوف,4,3137
سعودي,سكاكا (مقر الامارة),الجوف,5,3538
سعودي,سكاكا (مقر الامارة),الجوف,6,4727
سعودي,سكاكا (مقر الامارة),الجوف,7,3609
سعودي,سكاكا (مقر الامارة),الجوف,8,2530
سعودي,سكاكا (مقر الامارة),الجوف,9,1769
سعودي,سكاكا (مقر الامارة),الجوف,10+,2705
غير سعودي,سكاكا (مقر الامارة),الجوف,1,8890
غير سعودي,سكاكا (مقر الامارة),الجوف,2,7243
غير سعودي,سكاكا (مقر الامارة),الجوف,3,2400
غير سعودي,سكاكا (مقر الامارة),الجوف,4,1106
غير سعودي,سكاكا (مقر الامارة),الجوف,5,877
غير سعودي,سكاكا (مقر الامارة),الجوف,6,721
غير سعودي,سكاكا (مقر الامارة),الجوف,7,368
غير سعودي,سكاكا (مقر الامارة),الجوف,8,203
غير سعودي,سكاكا (مقر الامارة),الجوف,9,116
غير سعودي,سكاكا (مقر الامارة),الجوف,10+,455
سعودي,طبرجل,الجوف,1,1343
سعودي,طبرجل,الجوف,2,1361
سعودي,طبرجل,الجوف,3,1313
سعودي,طبرجل,الجوف,4,1323
سعودي,طبرجل,الجوف,5,1459
سعودي,طبرجل,الجوف,6,2254
سعودي,طبرجل,الجوف,7,1393
سعودي,طبرجل,الجوف,8,1176
سعودي,طبرجل,الجوف,9,1020
سعودي,طبرجل,الجوف,10+,2401
غير سعودي,طبرجل,الجوف,1,3398
غير سعودي,طبرجل,الجوف,2,1654
غير سعودي,طبرجل,الجوف,3,531
غير سعودي,طبرجل,الجوف,4,236
غير سعودي,طبرجل,الجوف,5,197
غير سعودي,طبرجل,الجوف,6,111
غير سعودي,طبرجل,الجوف,7,102
غير سعودي,طبرجل,الجوف,8,63
غير سعودي,طبرجل,الجوف,9,39
غير سعودي,طبرجل,الجوف,10+,148
سعودي,العويقيلة,الحدود الشمالية,1,151
سعودي,العويقيلة,الحدود الشمالية,2,209
سعودي,العويقيلة,الحدود الشمالية,3,234
سعودي,العويقيلة,الحدود الشمالية,4,268
سعودي,العويقيلة,الحدود الشمالية,5,274
سعودي,العويقيلة,الحدود الشمالية,6,366
سعودي,العويقيلة,الحدود الشمالية,7,333
سعودي,العويقيلة,الحدود الشمالية,8,275
سعودي,العويقيلة,الحدود الشمالية,9,195
سعودي,العويقيلة,الحدود الشمالية,10+,359
غير سعودي,العويقيلة,الحدود الشمالية,1,269
غير سعودي,العويقيلة,الحدود الشمالية,2,191
غير سعودي,العويقيلة,الحدود الشمالية,3,136
غير سعودي,العويقيلة,الحدود الشمالية,4,67
غير سعودي,العويقيلة,الحدود الشمالية,5,51
غير سعودي,العويقيلة,الحدود الشمالية,6,36
غير سعودي,العويقيلة,الحدود الشمالية,7,58
غير سعودي,العويقيلة,الحدود الشمالية,8,34
غير سعودي,العويقيلة,الحدود الشمالية,9,16
غير سعودي,العويقيلة,الحدود الشمالية,10+,54
سعودي,رفحاء,الحدود الشمالية,1,1065
سعودي,رفحاء,الحدود الشمالية,2,998
سعودي,رفحاء,الحدود الشمالية,3,1036
سعودي,رفحاء,الحدود الشمالية,4,1177
سعودي,رفحاء,الحدود الشمالية,5,1256
سعودي,رفحاء,الحدود الشمالية,6,1883
سعودي,رفحاء,الحدود الشمالية,7,1383
سعودي,رفحاء,الحدود الشمالية,8,1126
سعودي,رفحاء,الحدود الشمالية,9,727
سعودي,رفحاء,الحدود الشمالية,10+,1219
غير سعودي,رفحاء,الحدود الشمالية,1,2454
غير سعودي,رفحاء,الحدود الشمالية,2,1011
غير سعودي,رفحاء,الحدود الشمالية,3,283
غير سعودي,رفحاء,الحدود الشمالية,4,210
غير سعودي,رفحاء,الحدود الشمالية,5,178
غير سعودي,رفحاء,الحدود الشمالية,6,171
غير سعودي,رفحاء,الحدود الشمالية,7,181
غير سعودي,رفحاء,الحدود الشمالية,8,83
غير سعودي,رفحاء,الحدود الشمالية,9,38
غير سعودي,رفحاء,الحدود الشمالية,10+,155
سعودي,طريف,الحدود الشمالية,1,664
سعودي,طريف,الحدود الشمالية,2,624
سعودي,طريف,الحدود الشمالية,3,659
سعودي,طريف,الحدود الشمالية,4,758
سعودي,طريف,الحدود الشمالية,5,797
سعودي,طريف,الحدود الشمالية,6,1108
سعودي,طريف,الحدود الشمالية,7,924
سعودي,طريف,الحدود الشمالية,8,647
سعودي,طريف,الحدود الشمالية,9,507
سعودي,طريف,الحدود الشمالية,10+,991
غير سعودي,طريف,الحدود الشمالية,1,2426
غير سعودي,طريف,الحدود الشمالية,2,1169
غير سعودي,طريف,الحدود الشمالية,3,428
غير سعودي,طريف,الحدود الشمالية,4,249
غير سعودي,طريف,الحدود الشمالية,5,213
غير سعودي,طريف,الحدود الشمالية,6,204
غير سعودي,طريف,الحدود الشمالية,7,125
غير سعودي,طريف,الحدود الشمالية,8,73
غير سعودي,طريف,الحدود الشمالية,9,45
غير سعودي,طريف,الحدود الشمالية,10+,178
سعودي,عرعر (مقر الامارة),الحدود الشمالية,1,2188
سعودي,عرعر (مقر الامارة),الحدود الشمالية,2,2260
سعودي,عرعر (مقر الامارة),الحدود الشمالية,3,2492
سعودي,عرعر (مقر الامارة),الحدود الشمالية,4,2907
سعودي,عرعر (مقر الامارة),الحدود الشمالية,5,3045
سعودي,عرعر (مقر الامارة),الحدود الشمالية,6,4054
سعودي,عرعر (مقر الامارة),الحدود الشمالية,7,3285
سعودي,عرعر (مقر الامارة),الحدود الشمالية,8,2427
سعودي,عرعر (مقر الامارة),الحدود الشمالية,9,1672
سعودي,عرعر (مقر الامارة),الحدود الشمالية,10+,2714
غير سعودي,عرعر (مقر الامارة),الحدود الشمالية,1,4036
غير سعودي,عرعر (مقر الامارة),الحدود الشمالية,2,3422
غير سعودي,عرعر (مقر الامارة),الحدود الشمالية,3,1643
غير سعودي,عرعر (مقر الامارة),الحدود الشمالية,4,817
غير سعودي,عرعر (مقر الامارة),الحدود الشمالية,5,735
غير سعودي,عرعر (مقر الامارة),الحدود الشمالية,6,619
غير سعودي,عرعر (مقر الامارة),الحدود الشمالية,7,473
غير سعودي,عرعر (مقر الامارة),الحدود الشمالية,8,251
غير سعودي,عرعر (مقر الامارة),الحدود الشمالية,9,162
غير سعودي,عرعر (مقر الامارة),الحدود الشمالية,10+,530
سعودي,الافلاج,الرياض,1,1160
سعودي,الافلاج,الرياض,2,904
سعودي,الافلاج,الرياض,3,921
سعودي,الافلاج,الرياض,4,1026
سعودي,الافلاج,الرياض,5,1097
سعودي,الافلاج,الرياض,6,1269
سعودي,الافلاج,الرياض,7,997
سعودي,الافلاج,الرياض,8,647
سعودي,الافلاج,الرياض,9,381
سعودي,الافلاج,الرياض,10+,550
غير سعودي,الافلاج,الرياض,1,2259
غير سعودي,الافلاج,الرياض,2,634
غير سعودي,الافلاج,الرياض,3,291
غير سعودي,الافلاج,الرياض,4,157
غير سعودي,الافلاج,الرياض,5,124
غير سعودي,الافلاج,الرياض,6,97
غير سعودي,الافلاج,الرياض,7,55
غير سعودي,الافلاج,الرياض,8,27
غير سعودي,الافلاج,الرياض,9,19
غير سعودي,الافلاج,الرياض,10+,61
سعودي,الحريق,الرياض,1,281
سعودي,الحريق,الرياض,2,232
سعودي,الحريق,الرياض,3,232
سعودي,الحريق,الرياض,4,252
سعودي,الحريق,الرياض,5,242
سعودي,الحريق,الرياض,6,280
سعودي,الحريق,الرياض,7,221
سعودي,الحريق,الرياض,8,137
سعودي,الحريق,الرياض,9,63
سعودي,الحريق,الرياض,10+,85
غير سعودي,الحريق,الرياض,1,450
غير سعودي,الحريق,الرياض,2,89
غير سعودي,الحريق,الرياض,3,31
غير سعودي,الحريق,الرياض,4,20
غير سعودي,الحريق,الرياض,5,20
غير سعودي,الحريق,الرياض,6,13
غير سعودي,الحريق,الرياض,7,7
غير سعودي,الحريق,الرياض,8,3
غير سعودي,الحريق,الرياض,9,1
غير سعودي,الحريق,الرياض,10+,10
سعودي,الخرج,الرياض,1,5238
سعودي,الخرج,الرياض,2,4355
سعودي,الخرج,الرياض,3,4969
سعودي,الخرج,الرياض,4,6008
سعودي,الخرج,الرياض,5,6520
سعودي,الخرج,الرياض,6,7497
سعودي,الخرج,الرياض,7,5765
سعودي,الخرج,الرياض,8,3757
سعودي,الخرج,الرياض,9,2145
سعودي,الخرج,الرياض,10+,2851
غير سعودي,الخرج,الرياض,1,18800
غير سعودي,الخرج,الرياض,2,9869
غير سعودي,الخرج,الرياض,3,3952
غير سعودي,الخرج,الرياض,4,2235
غير سعودي,الخرج,الرياض,5,1722
غير سعودي,الخرج,الرياض,6,1361
غير سعودي,الخرج,الرياض,7,760
غير سعودي,الخرج,الرياض,8,439
غير سعودي,الخرج,الرياض,9,314
غير سعودي,الخرج,الرياض,10+,1075
سعودي,الدرعية,الرياض,1,1445
سعودي,الدرعية,الرياض,2,944
سعودي,الدرعية,الرياض,3,1058
سعودي,الدرعية,الرياض,4,1360
سعودي,الدرعية,الرياض,5,1478
سعودي,الدرعية,الرياض,6,1736
سعودي,الدرعية,الرياض,7,1334
سعودي,الدرعية,الرياض,8,932
سعودي,الدرعية,الرياض,9,500
سعودي,الدرعية,الرياض,10+,666
غير سعودي,الدرعية,الرياض,1,4812
غير سعودي,الدرعية,الرياض,2,2483
غير سعودي,الدرعية,الرياض,3,1318
غير سعودي,الدرعية,الرياض,4,858
غير سعودي,الدرعية,الرياض,5,707
غير سعودي,الدرعية,الرياض,6,540
غير سعودي,الدرعية,الرياض,7,334
غير سعودي,الدرعية,الرياض,8,163
غير سعودي,الدرعية,الرياض,9,80
غير سعودي,الدرعية,الرياض,10+,265
سعودي,الدلم,الرياض,1,714
سعودي,الدلم,الرياض,2,701
سعودي,الدلم,الرياض,3,763
سعودي,الدلم,الرياض,4,818
سعودي,الدلم,الرياض,5,940
سعودي,الدلم,الرياض,6,1192
سعودي,الدلم,الرياض,7,835
سعودي,الدلم,الرياض,8,601
سعودي,الدلم,الرياض,9,351
سعودي,الدلم,الرياض,10+,461
غير سعودي,الدلم,الرياض,1,3160
غير سعودي,الدلم,الرياض,2,1253
غير سعودي,الدلم,الرياض,3,516
غير سعودي,الدلم,الرياض,4,319
غير سعودي,الدلم,الرياض,5,247
غير سعودي,الدلم,الرياض,6,163
غير سعودي,الدلم,الرياض,7,121
غير سعودي,الدلم,الرياض,8,76
غير سعودي,الدلم,الرياض,9,48
غير سعودي,الدلم,الرياض,10+,109
سعودي,الدوادمي,الرياض,1,3733
سعودي,الدوادمي,الرياض,2,2869
سعودي,الدوادمي,الرياض,3,3111
سعودي,الدوادمي,الرياض,4,3502
سعودي,الدوادمي,الرياض,5,3827
سعودي,الدوادمي,الرياض,6,4350
سعودي,الدوادمي,الرياض,7,3595
سعودي,الدوادمي,الرياض,8,2235
سعودي,الدوادمي,الرياض,9,1372
سعودي,الدوادمي,الرياض,10+,1961
غير سعودي,الدوادمي,الرياض,1,7711
غير سعودي,الدوادمي,الرياض,2,3755
غير سعودي,الدوادمي,الرياض,3,1488
غير سعودي,الدوادمي,الرياض,4,686
غير سعودي,الدوادمي,الرياض,5,507
غير سعودي,الدوادمي,الرياض,6,478
غير سعودي,الدوادمي,الرياض,7,309
غير سعودي,الدوادمي,الرياض,8,202
غير سعودي,الدوادمي,الرياض,9,116
غير سعودي,الدوادمي,الرياض,10+,376
سعودي,الرياض (مقر الامارة),الرياض,1,128844
سعودي,الرياض (مقر الامارة),الرياض,2,79214
سعودي,الرياض (مقر الامارة),الرياض,3,79867
سعودي,الرياض (مقر الامارة),الرياض,4,91597
سعودي,الرياض (مقر الامارة),الرياض,5,92716
سعودي,الرياض (مقر الامارة),الرياض,6,93768
سعودي,الرياض (مقر الامارة),الرياض,7,85772
سعودي,الرياض (مقر الامارة),الرياض,8,52266
سعودي,الرياض (مقر الامارة),الرياض,9,29786
سعودي,الرياض (مقر الامارة),الرياض,10+,37063
غير سعودي,الرياض (مقر الامارة),الرياض,1,421436
غير سعودي,الرياض (مقر الامارة),الرياض,2,360538
غير سعودي,الرياض (مقر الامارة),الرياض,3,112212
غير سعودي,الرياض (مقر الامارة),الرياض,4,70957
غير سعودي,الرياض (مقر الامارة),الرياض,5,54369
غير سعودي,الرياض (مقر الامارة),الرياض,6,42097
غير سعودي,الرياض (مقر الامارة),الرياض,7,22575
غير سعودي,الرياض (مقر الامارة),الرياض,8,10976
غير سعودي,الرياض (مقر الامارة),الرياض,9,6267
غير سعودي,الرياض (مقر الامارة),الرياض,10+,21750
سعودي,الرين,الرياض,1,1804
سعودي,الرين,الرياض,2,609
سعودي,الرين,الرياض,3,560
سعودي,الرين,الرياض,4,530
سعودي,الرين,الرياض,5,514
سعودي,الرين,الرياض,6,576
سعودي,الرين,الرياض,7,514
سعودي,الرين,الرياض,8,296
سعودي,الرين,الرياض,9,204
سعودي,الرين,الرياض,10+,325
غير سعودي,الرين,الرياض,1,1094
غير سعودي,الرين,الرياض,2,196
غير سعودي,الرين,الرياض,3,103
غير سعودي,الرين,الرياض,4,49
غير سعودي,الرين,الرياض,5,47
غير سعودي,الرين,الرياض,6,33
غير سعودي,الرين,الرياض,7,12
غير سعودي,الرين,الرياض,8,10
غير سعودي,الرين,الرياض,9,5
غير سعودي,الرين,الرياض,10+,15
سعودي,الزلفي,الرياض,1,1221
سعودي,الزلفي,الرياض,2,1080
سعودي,الزلفي,الرياض,3,1101
سعودي,الزلفي,الرياض,4,1371
سعودي,الزلفي,الرياض,5,1496
سعودي,الزلفي,الرياض,6,1710
سعودي,الزلفي,الرياض,7,1195
سعودي,الزلفي,الرياض,8,810
سعودي,الزلفي,الرياض,9,421
سعودي,الزلفي,الرياض,10+,542
غير سعودي,الزلفي,الرياض,1,2847
غير سعودي,الزلفي,الرياض,2,1460
غير سعودي,الزلفي,الرياض,3,752
غير سعودي,الزلفي,الرياض,4,412
غير سعودي,الزلفي,الرياض,5,355
غير سعودي,الزلفي,الرياض,6,281
غير سعودي,الزلفي,الرياض,7,134
غير سعودي,الزلفي,الرياض,8,94
غير سعودي,الزلفي,الرياض,9,69
غير سعودي,الزلفي,الرياض,10+,222
سعودي,السليل,الرياض,1,437
سعودي,السليل,الرياض,2,404
سعودي,السليل,الرياض,3,460
سعودي,السليل,الرياض,4,545
سعودي,السليل,الرياض,5,632
سعودي,السليل,الرياض,6,816
سعودي,السليل,الرياض,7,628
سعودي,السليل,الرياض,8,465
سعودي,السليل,الرياض,9,247
سعودي,السليل,الرياض,10+,394
غير سعودي,السليل,الرياض,1,790
غير سعودي,السليل,الرياض,2,588
غير سعودي,السليل,الرياض,3,257
غير سعودي,السليل,الرياض,4,115
غير سعودي,السليل,الرياض,5,91
غير سعودي,السليل,الرياض,6,71
غير سعودي,السليل,الرياض,7,54
غير سعودي,السليل,الرياض,8,34
غير سعودي,السليل,الرياض,9,19
غير سعودي,السليل,الرياض,10+,91
سعودي,الغاط,الرياض,1,337
سعودي,الغاط,الرياض,2,171
سعودي,الغاط,الرياض,3,147
سعودي,الغاط,الرياض,4,174
سعودي,الغاط,الرياض,5,179
سعودي,الغاط,الرياض,6,188
سعودي,الغاط,الرياض,7,145
سعودي,الغاط,الرياض,8,84
سعودي,الغاط,الرياض,9,39
سعودي,الغاط,الرياض,10+,68
غير سعودي,الغاط,الرياض,1,2128
غير سعودي,الغاط,الرياض,2,214
غير سعودي,الغاط,الرياض,3,82
غير سعودي,الغاط,الرياض,4,44
غير سعودي,الغاط,الرياض,5,33
غير سعودي,الغاط,الرياض,6,38
غير سعودي,الغاط,الرياض,7,21
غير سعودي,الغاط,الرياض,8,10
غير سعودي,الغاط,الرياض,9,5
غير سعودي,الغاط,الرياض,10+,9
سعودي,القويعية,الرياض,1,1855
سعودي,القويعية,الرياض,2,1138
سعودي,القويعية,الرياض,3,1102
سعودي,القويعية,الرياض,4,1238
سعودي,القويعية,الرياض,5,1268
سعودي,القويعية,الرياض,6,1463
سعودي,القويعية,الرياض,7,1300
سعودي,القويعية,الرياض,8,821
سعودي,القويعية,الرياض,9,520
سعودي,القويعية,الرياض,10+,801
غير سعودي,القويعية,الرياض,1,2786
غير سعودي,القويعية,الرياض,2,1166
غير سعودي,القويعية,الرياض,3,335
غير سعودي,القويعية,الرياض,4,185
غير سعودي,القويعية,الرياض,5,141
غير سعودي,القويعية,الرياض,6,186
غير سعودي,القويعية,الرياض,7,86
غير سعودي,القويعية,الرياض,8,41
غير سعودي,القويعية,الرياض,9,15
غير سعودي,القويعية,الرياض,10+,60
سعودي,المجمعة,الرياض,1,2952
سعودي,المجمعة,الرياض,2,1825
سعودي,المجمعة,الرياض,3,1953
سعودي,المجمعة,الرياض,4,2451
سعودي,المجمعة,الرياض,5,2700
سعودي,المجمعة,الرياض,6,3015
سعودي,المجمعة,الرياض,7,2285
سعودي,المجمعة,الرياض,8,1437
سعودي,المجمعة,الرياض,9,875
سعودي,المجمعة,الرياض,10+,1197
غير سعودي,المجمعة,الرياض,1,8355
غير سعودي,المجمعة,الرياض,2,3082
غير سعودي,المجمعة,الرياض,3,1496
غير سعودي,المجمعة,الرياض,4,896
غير سعودي,المجمعة,الرياض,5,656
غير سعودي,المجمعة,الرياض,6,460
غير سعودي,المجمعة,الرياض,7,251
غير سعودي,المجمعة,الرياض,8,181
غير سعودي,المجمعة,الرياض,9,107
غير سعودي,المجمعة,الرياض,10+,399
سعودي,المزاحمية,الرياض,1,729
سعودي,المزاحمية,الرياض,2,745
سعودي,المزاحمية,الرياض,3,774
سعودي,المزاحمية,الرياض,4,962
سعودي,المزاحمية,الرياض,5,1020
سعودي,المزاحمية,الرياض,6,1231
سعودي,المزاحمية,الرياض,7,999
سعودي,المزاحمية,الرياض,8,664
سعودي,المزاحمية,الرياض,9,412
سعودي,المزاحمية,الرياض,10+,586
غير سعودي,المزاحمية,الرياض,1,3381
غير سعودي,المزاحمية,الرياض,2,1593
غير سعودي,المزاحمية,الرياض,3,515
غير سعودي,المزاحمية,الرياض,4,290
غير سعودي,المزاحمية,الرياض,5,248
غير سعودي,المزاحمية,الرياض,6,240
غير سعودي,المزاحمية,الرياض,7,123
غير سعودي,المزاحمية,الرياض,8,94
غير سعودي,المزاحمية,الرياض,9,36
غير سعودي,المزاحمية,الرياض,10+,179
سعودي,ثادق,الرياض,1,221
سعودي,ثادق,الرياض,2,154
سعودي,ثادق,الرياض,3,165
سعودي,ثادق,الرياض,4,199
سعودي,ثادق,الرياض,5,178
سعودي,ثادق,الرياض,6,247
سعودي,ثادق,الرياض,7,182
سعودي,ثادق,الرياض,8,110
سعودي,ثادق,الرياض,9,72
سعودي,ثادق,الرياض,10+,117
غير سعودي,ثادق,الرياض,1,949
غير سعودي,ثادق,الرياض,2,223
غير سعودي,ثادق,الرياض,3,126
غير سعودي,ثادق,الرياض,4,85
غير سعودي,ثادق,الرياض,5,76
غير سعودي,ثادق,الرياض,6,46
غير سعودي,ثادق,الرياض,7,28
غير سعودي,ثادق,الرياض,8,21
غير سعودي,ثادق,الرياض,9,8
غير سعودي,ثادق,الرياض,10+,23
سعودي,حريملاء,الرياض,1,235
سعودي,حريملاء,الرياض,2,215
سعودي,حريملاء,الرياض,3,254
سعودي,حريملاء,الرياض,4,283
سعودي,حريملاء,الرياض,5,287
سعودي,حريملاء,الرياض,6,384
سعودي,حريملاء,الرياض,7,297
سعودي,حريملاء,الرياض,8,201
سعودي,حريملاء,الرياض,9,116
سعودي,حريملاء,الرياض,10+,189
غير سعودي,حريملاء,الرياض,1,1303
غير سعودي,حريملاء,الرياض,2,602
غير سعودي,حريملاء,الرياض,3,213
غير سعودي,حريملاء,الرياض,4,105
غير سعودي,حريملاء,الرياض,5,98
غير سعودي,حريملاء,الرياض,6,84
غير سعودي,حريملاء,الرياض,7,43
غير سعودي,حريملاء,الرياض,8,28
غير سعودي,حريملاء,الرياض,9,21
غير سعودي,حريملاء,الرياض,10+,99
سعودي,حوطة بنى تميم,الرياض,1,1102
سعودي,حوطة بنى تميم,الرياض,2,584
سعودي,حوطة بنى تميم,الرياض,3,713
سعودي,حوطة بنى تميم,الرياض,4,676
سعودي,حوطة بنى تميم,الرياض,5,743
سعودي,حوطة بنى تميم,الرياض,6,875
سعودي,حوطة بنى تميم,الرياض,7,700
سعودي,حوطة بنى تميم,الرياض,8,473
سعودي,حوطة بنى تميم,الرياض,9,316
سعودي,حوطة بنى تميم,الرياض,10+,355
غير سعودي,حوطة بنى تميم,الرياض,1,2028
غير سعودي,حوطة بنى تميم,الرياض,2,1038
غير سعودي,حوطة بنى تميم,الرياض,3,427
غير سعودي,حوطة بنى تميم,الرياض,4,184
غير سعودي,حوطة بنى تميم,الرياض,5,150
غير سعودي,حوطة بنى تميم,الرياض,6,100
غير سعودي,حوطة بنى تميم,الرياض,7,55
غير سعودي,حوطة بنى تميم,الرياض,8,33
غير سعودي,حوطة بنى تميم,الرياض,9,13
غير سعودي,حوطة بنى تميم,الرياض,10+,63
سعودي,رماح,الرياض,1,521
سعودي,رماح,الرياض,2,344
سعودي,رماح,الرياض,3,407
سعودي,رماح,الرياض,4,424
سعودي,رماح,الرياض,5,488
سعودي,رماح,الرياض,6,627
سعودي,رماح,الرياض,7,542
سعودي,رماح,الرياض,8,355
سعودي,رماح,الرياض,9,256
سعودي,رماح,الرياض,10+,466
غير سعودي,رماح,الرياض,1,2491
غير سعودي,رماح,الرياض,2,779
غير سعودي,رماح,الرياض,3,325
غير سعودي,رماح,الرياض,4,187
غير سعودي,رماح,الرياض,5,98
غير سعودي,رماح,الرياض,6,104
غير سعودي,رماح,الرياض,7,66
غير سعودي,رماح,الرياض,8,47
غير سعودي,رماح,الرياض,9,21
غير سعودي,رماح,الرياض,10+,82
سعودي,شقراء,الرياض,1,1064
سعودي,شقراء,الرياض,2,587
سعودي,شقراء,الرياض,3,641
سعودي,شقراء,الرياض,4,751
سعودي,شقراء,الرياض,5,782
سعودي,شقراء,الرياض,6,927
سعودي,شقراء,الرياض,7,703
سعودي,شقراء,الرياض,8,431
سعودي,شقراء,الرياض,9,245
سعودي,شقراء,الرياض,10+,307
غير سعودي,شقراء,الرياض,1,2842
غير سعودي,شقراء,الرياض,2,1068
غير سعودي,شقراء,الرياض,3,454
غير سعودي,شقراء,الرياض,4,247
غير سعودي,شقراء,الرياض,5,191
غير سعودي,شقراء,الرياض,6,164
غير سعودي,شقراء,الرياض,7,94
غير سعودي,شقراء,الرياض,8,52
غير سعودي,شقراء,الرياض,9,37
غير سعودي,شقراء,الرياض,10+,179
سعودي,ضرما,الرياض,1,333
سعودي,ضرما,الرياض,2,272
سعودي,ضرما,الرياض,3,261
سعودي,ضرما,الرياض,4,338
سعودي,ضرما,الرياض,5,334
سعودي,ضرما,الرياض,6,429
سعودي,ضرما,الرياض,7,340
سعودي,ضرما,الرياض,8,245
سعودي,ضرما,الرياض,9,127
سعودي,ضرما,الرياض,10+,239
غير سعودي,ضرما,الرياض,1,3475
غير سعودي,ضرما,الرياض,2,532
غير سعودي,ضرما,الرياض,3,183
غير سعودي,ضرما,الرياض,4,167
غير سعودي,ضرما,الرياض,5,127
غير سعودي,ضرما,الرياض,6,86
غير سعودي,ضرما,الرياض,7,42
غير سعودي,ضرما,الرياض,8,26
غير سعودي,ضرما,الرياض,9,18
غير سعودي,ضرما,الرياض,10+,89
سعودي,عفيف,الرياض,1,1770
سعودي,عفيف,الرياض,2,1338
سعودي,عفيف,الرياض,3,1265
سعودي,عفيف,الرياض,4,1393
سعودي,عفيف,الرياض,5,1435
سعودي,عفيف,الرياض,6,1506
سعودي,عفيف,الرياض,7,1307
سعودي,عفيف,الرياض,8,781
سعودي,عفيف,الرياض,9,522
سعودي,عفيف,الرياض,10+,753
غير سعودي,عفيف,الرياض,1,2804
غير سعودي,عفيف,الرياض,2,1305
غير سعودي,عفيف,الرياض,3,325
غير سعودي,عفيف,الرياض,4,138
غير سعودي,عفيف,الرياض,5,102
غير سعودي,عفيف,الرياض,6,98
غير سعودي,عفيف,الرياض,7,64
غير سعودي,عفيف,الرياض,8,38
غير سعودي,عفيف,الرياض,9,26
غير سعودي,عفيف,الرياض,10+,97
سعودي,مرات,الرياض,1,178
سعودي,مرات,الرياض,2,146
سعودي,مرات,الرياض,3,148
سعودي,مرات,الرياض,4,179
سعودي,مرات,الرياض,5,175
سعودي,مرات,الرياض,6,218
سعودي,مرات,الرياض,7,170
سعودي,مرات,الرياض,8,100
سعودي,مرات,الرياض,9,62
سعودي,مرات,الرياض,10+,81
غير سعودي,مرات,الرياض,1,354
غير سعودي,مرات,الرياض,2,96
غير سعودي,مرات,الرياض,3,65
غير سعودي,مرات,الرياض,4,47
غير سعودي,مرات,الرياض,5,48
غير سعودي,مرات,الرياض,6,23
غير سعودي,مرات,الرياض,7,22
غير سعودي,مرات,الرياض,8,11
غير سعودي,مرات,الرياض,9,10
غير سعودي,مرات,الرياض,10+,35
سعودي,وادى الدواسر,الرياض,1,2118
سعودي,وادى الدواسر,الرياض,2,1386
سعودي,وادى الدواسر,الرياض,3,1383
سعودي,وادى الدواسر,الرياض,4,1581
سعودي,وادى الدواسر,الرياض,5,1444
سعودي,وادى الدواسر,الرياض,6,1848
سعودي,وادى الدواسر,الرياض,7,1487
سعودي,وادى الدواسر,الرياض,8,998
سعودي,وادى الدواسر,الرياض,9,670
سعودي,وادى الدواسر,الرياض,10+,1179
غير سعودي,وادى الدواسر,الرياض,1,3991
غير سعودي,وادى الدواسر,الرياض,2,1832
غير سعودي,وادى الدواسر,الرياض,3,353
غير سعودي,وادى الدواسر,الرياض,4,243
غير سعودي,وادى الدواسر,الرياض,5,212
غير سعودي,وادى الدواسر,الرياض,6,152
غير سعودي,وادى الدواسر,الرياض,7,85
غير سعودي,وادى الدواسر,الرياض,8,44
غير سعودي,وادى الدواسر,الرياض,9,28
غير سعودي,وادى الدواسر,الرياض,10+,99
سعودي,الأسياح,القصيم,1,691
سعودي,الأسياح,القصيم,2,541
سعودي,الأسياح,القصيم,3,610
سعودي,الأسياح,القصيم,4,617
سعودي,الأسياح,القصيم,5,647
سعودي,الأسياح,القصيم,6,805
سعودي,الأسياح,القصيم,7,583
سعودي,الأسياح,القصيم,8,436
سعودي,الأسياح,القصيم,9,251
سعودي,الأسياح,القصيم,10+,403
غير سعودي,الأسياح,القصيم,1,1583
غير سعودي,الأسياح,القصيم,2,475
غير سعودي,الأسياح,القصيم,3,241
غير سعودي,الأسياح,القصيم,4,137
غير سعودي,الأسياح,القصيم,5,100
غير سعودي,الأسياح,القصيم,6,62
غير سعودي,الأسياح,القصيم,7,32
غير سعودي,الأسياح,القصيم,8,20
غير سعودي,الأسياح,القصيم,9,11
غير سعودي,الأسياح,القصيم,10+,38
سعودي,البدائع,القصيم,1,1001
سعودي,البدائع,القصيم,2,750
سعودي,البدائع,القصيم,3,825
سعودي,البدائع,القصيم,4,991
سعودي,البدائع,القصيم,5,1086
سعودي,البدائع,القصيم,6,1300
سعودي,البدائع,القصيم,7,954
سعودي,البدائع,القصيم,8,647
سعودي,البدائع,القصيم,9,392
سعودي,البدائع,القصيم,10+,599
غير سعودي,البدائع,القصيم,1,1256
غير سعودي,البدائع,القصيم,2,1150
غير سعودي,البدائع,القصيم,3,305
غير سعودي,البدائع,القصيم,4,104
غير سعودي,البدائع,القصيم,5,87
غير سعودي,البدائع,القصيم,6,75
غير سعودي,البدائع,القصيم,7,76
غير سعودي,البدائع,القصيم,8,25
غير سعودي,البدائع,القصيم,9,15
غير سعودي,البدائع,القصيم,10+,41
سعودي,البكيرية,القصيم,1,1007
سعودي,البكيرية,القصيم,2,819
سعودي,البكيرية,القصيم,3,831
سعودي,البكيرية,القصيم,4,993
سعودي,البكيرية,القصيم,5,1092
سعودي,البكيرية,القصيم,6,1390
سعودي,البكيرية,القصيم,7,961
سعودي,البكيرية,القصيم,8,689
سعودي,البكيرية,القصيم,9,430
سعودي,البكيرية,القصيم,10+,624
غير سعودي,البكيرية,القصيم,1,2995
غير سعودي,البكيرية,القصيم,2,1610
غير سعودي,البكيرية,القصيم,3,596
غير سعودي,البكيرية,القصيم,4,307
غير سعودي,البكيرية,القصيم,5,252
غير سعودي,البكيرية,القصيم,6,178
غير سعودي,البكيرية,القصيم,7,123
غير سعودي,البكيرية,القصيم,8,70
غير سعودي,البكيرية,القصيم,9,37
غير سعودي,البكيرية,القصيم,10+,125
سعودي,الرس,القصيم,1,2277
سعودي,الرس,القصيم,2,1689
سعودي,الرس,القصيم,3,1873
سعودي,الرس,القصيم,4,2134
سعودي,الرس,القصيم,5,2315
سعودي,الرس,القصيم,6,2545
سعودي,الرس,القصيم,7,2119
سعودي,الرس,القصيم,8,1350
سعودي,الرس,القصيم,9,748
سعودي,الرس,القصيم,10+,1052
غير سعودي,الرس,القصيم,1,3850
غير سعودي,الرس,القصيم,2,2755
غير سعودي,الرس,القصيم,3,927
غير سعودي,الرس,القصيم,4,456
غير سعودي,الرس,القصيم,5,375
غير سعودي,الرس,القصيم,6,322
غير سعودي,الرس,القصيم,7,178
غير سعودي,الرس,القصيم,8,100
غير سعودي,الرس,القصيم,9,79
غير سعودي,الرس,القصيم,10+,325
سعودي,الشماسية,القصيم,1,220
سعودي,الشماسية,القصيم,2,146
سعودي,الشماسية,القصيم,3,153
سعودي,الشماسية,القصيم,4,180
سعودي,الشماسية,القصيم,5,191
سعودي,الشماسية,القصيم,6,193
سعودي,الشماسية,القصيم,7,145
سعودي,الشماسية,القصيم,8,89
سعودي,الشماسية,القصيم,9,44
سعودي,الشماسية,القصيم,10+,42
غير سعودي,الشماسية,القصيم,1,355
غير سعودي,الشماسية,القصيم,2,103
غير سعودي,الشماسية,القصيم,3,43
غير سعودي,الشماسية,القصيم,4,26
غير سعودي,الشماسية,القصيم,5,17
غير سعودي,الشماسية,القصيم,6,12
غير سعودي,الشماسية,القصيم,7,5
غير سعودي,الشماسية,القصيم,8,5
غير سعودي,الشماسية,القصيم,9,5
غير سعودي,الشماسية,القصيم,10+,16
سعودي,المذنب,القصيم,1,772
سعودي,المذنب,القصيم,2,630
سعودي,المذنب,القصيم,3,754
سعودي,المذنب,القصيم,4,864
سعودي,المذنب,القصيم,5,894
سعودي,المذنب,القصيم,6,1021
سعودي,المذنب,القصيم,7,738
سعودي,المذنب,القصيم,8,491
سعودي,المذنب,القصيم,9,292
سعودي,المذنب,القصيم,10+,357
غير سعودي,المذنب,القصيم,1,1263
غير سعودي,المذنب,القصيم,2,650
غير سعودي,المذنب,القصيم,3,245
غير سعودي,المذنب,القصيم,4,172
غير سعودي,المذنب,القصيم,5,134
غير سعودي,المذنب,القصيم,6,97
غير سعودي,المذنب,القصيم,7,54
غير سعودي,المذنب,القصيم,8,34
غير سعودي,المذنب,القصيم,9,32
غير سعودي,المذنب,القصيم,10+,74
سعودي,النبهانية,القصيم,1,1023
سعودي,النبهانية,القصيم,2,710
سعودي,النبهانية,القصيم,3,797
سعودي,النبهانية,القصيم,4,800
سعودي,النبهانية,القصيم,5,834
سعودي,النبهانية,القصيم,6,1071
سعودي,النبهانية,القصيم,7,783
سعودي,النبهانية,القصيم,8,579
سعودي,النبهانية,القصيم,9,412
سعودي,النبهانية,القصيم,10+,767
غير سعودي,النبهانية,القصيم,1,1265
غير سعودي,النبهانية,القصيم,2,355
غير سعودي,النبهانية,القصيم,3,140
غير سعودي,النبهانية,القصيم,4,64
غير سعودي,النبهانية,القصيم,5,49
غير سعودي,النبهانية,القصيم,6,19
غير سعودي,النبهانية,القصيم,7,12
غير سعودي,النبهانية,القصيم,8,10
غير سعودي,النبهانية,القصيم,9,10
غير سعودي,النبهانية,القصيم,10+,30
سعودي,بريدة (مقرالامارة),القصيم,1,12066
سعودي,بريدة (مقرالامارة),القصيم,2,8399
سعودي,بريدة (مقرالامارة),القصيم,3,9298
سعودي,بريدة (مقرالامارة),القصيم,4,11046
سعودي,بريدة (مقرالامارة),القصيم,5,11980
سعودي,بريدة (مقرالامارة),القصيم,6,13699
سعودي,بريدة (مقرالامارة),القصيم,7,10507
سعودي,بريدة (مقرالامارة),القصيم,8,6793
سعودي,بريدة (مقرالامارة),القصيم,9,4102
سعودي,بريدة (مقرالامارة),القصيم,10+,5014
غير سعودي,بريدة (مقرالامارة),القصيم,1,32059
غير سعودي,بريدة (مقرالامارة),القصيم,2,21493
غير سعودي,بريدة (مقرالامارة),القصيم,3,5452
غير سعودي,بريدة (مقرالامارة),القصيم,4,3086
غير سعودي,بريدة (مقرالامارة),القصيم,5,2447
غير سعودي,بريدة (مقرالامارة),القصيم,6,2180
غير سعودي,بريدة (مقرالامارة),القصيم,7,1278
غير سعودي,بريدة (مقرالامارة),القصيم,8,669
غير سعودي,بريدة (مقرالامارة),القصيم,9,397
غير سعودي,بريدة (مقرالامارة),القصيم,10+,1939
سعودي,رياض الخبراء,القصيم,1,548
سعودي,رياض الخبراء,القصيم,2,418
سعودي,رياض الخبراء,القصيم,3,431
سعودي,رياض الخبراء,القصيم,4,577
سعودي,رياض الخبراء,القصيم,5,644
سعودي,رياض الخبراء,القصيم,6,770
سعودي,رياض الخبراء,القصيم,7,555
سعودي,رياض الخبراء,القصيم,8,391
سعودي,رياض الخبراء,القصيم,9,247
سعودي,رياض الخبراء,القصيم,10+,288
غير سعودي,رياض الخبراء,القصيم,1,1029
غير سعودي,رياض الخبراء,القصيم,2,352
غير سعودي,رياض الخبراء,القصيم,3,125
غير سعودي,رياض الخبراء,القصيم,4,101
غير سعودي,رياض الخبراء,القصيم,5,72
غير سعودي,رياض الخبراء,القصيم,6,55
غير سعودي,رياض الخبراء,القصيم,7,37
غير سعودي,رياض الخبراء,القصيم,8,15
غير سعودي,رياض الخبراء,القصيم,9,12
غير سعودي,رياض الخبراء,القصيم,10+,50
سعودي,ضرية,القصيم,1,458
سعودي,ضرية,القصيم,2,298
سعودي,ضرية,القصيم,3,347
سعودي,ضرية,القصيم,4,384
سعودي,ضرية,القصيم,5,376
سعودي,ضرية,القصيم,6,459
سعودي,ضرية,القصيم,7,384
سعودي,ضرية,القصيم,8,242
سعودي,ضرية,القصيم,9,148
سعودي,ضرية,القصيم,10+,264
غير سعودي,ضرية,القصيم,1,711
غير سعودي,ضرية,القصيم,2,190
غير سعودي,ضرية,القصيم,3,119
غير سعودي,ضرية,القصيم,4,93
غير سعودي,ضرية,القصيم,5,57
غير سعودي,ضرية,القصيم,6,33
غير سعودي,ضرية,القصيم,7,13
غير سعودي,ضرية,القصيم,8,14
غير سعودي,ضرية,القصيم,9,2
غير سعودي,ضرية,القصيم,10+,26
سعودي,عقلة الصقور,القصيم,1,615
سعودي,عقلة الصقور,القصيم,2,402
سعودي,عقلة الصقور,القصيم,3,389
سعودي,عقلة الصقور,القصيم,4,424
سعودي,عقلة الصقور,القصيم,5,389
سعودي,عقلة الصقور,القصيم,6,506
سعودي,عقلة الصقور,القصيم,7,341
سعودي,عقلة الصقور,القصيم,8,244
سعودي,عقلة الصقور,القصيم,9,131
سعودي,عقلة الصقور,القصيم,10+,222
غير سعودي,عقلة الصقور,القصيم,1,607
غير سعودي,عقلة الصقور,القصيم,2,177
غير سعودي,عقلة الصقور,القصيم,3,99
غير سعودي,عقلة الصقور,القصيم,4,78
غير سعودي,عقلة الصقور,القصيم,5,57
غير سعودي,عقلة الصقور,القصيم,6,37
غير سعودي,عقلة الصقور,القصيم,7,30
غير سعودي,عقلة الصقور,القصيم,8,15
غير سعودي,عقلة الصقور,القصيم,9,9
غير سعودي,عقلة الصقور,القصيم,10+,30
سعودي,عنيزة,القصيم,1,3559
سعودي,عنيزة,القصيم,2,2578
سعودي,عنيزة,القصيم,3,2832
سعودي,عنيزة,القصيم,4,3374
سعودي,عنيزة,القصيم,5,3672
سعودي,عنيزة,القصيم,6,3964
سعودي,عنيزة,القصيم,7,3001
سعودي,عنيزة,القصيم,8,1808
سعودي,عنيزة,القصيم,9,960
سعودي,عنيزة,القصيم,10+,1160
غير سعودي,عنيزة,القصيم,1,6211
غير سعودي,عنيزة,القصيم,2,3728
غير سعودي,عنيزة,القصيم,3,1663
غير سعودي,عنيزة,القصيم,4,943
غير سعودي,عنيزة,القصيم,5,732
غير سعودي,عنيزة,القصيم,6,632
غير سعودي,عنيزة,القصيم,7,312
غير سعودي,عنيزة,القصيم,8,175
غير سعودي,عنيزة,القصيم,9,119
غير سعودي,عنيزة,القصيم,10+,562
سعودي,عيون الجواء,القصيم,1,398
سعودي,عيون الجواء,القصيم,2,300
سعودي,عيون الجواء,القصيم,3,368
سعودي,عيون الجواء,القصيم,4,389
سعودي,عيون الجواء,القصيم,5,449
سعودي,عيون الجواء,القصيم,6,558
سعودي,عيون الجواء,القصيم,7,406
سعودي,عيون الجواء,القصيم,8,309
سعودي,عيون الجواء,القصيم,9,201
سعودي,عيون الجواء,القصيم,10+,327
غير سعودي,عيون الجواء,القصيم,1,2336
غير سعودي,عيون الجواء,القصيم,2,750
غير سعودي,عيون الجواء,القصيم,3,201
غير سعودي,عيون الجواء,القصيم,4,114
غير سعودي,عيون الجواء,القصيم,5,80
غير سعودي,عيون الجواء,القصيم,6,70
غير سعودي,عيون الجواء,القصيم,7,41
غير سعودي,عيون الجواء,القصيم,8,24
غير سعودي,عيون الجواء,القصيم,9,8
غير سعودي,عيون الجواء,القصيم,10+,44
سعودي,الحناكية,المدينة المنورة,1,1060
سعودي,الحناكية,المدينة المنورة,2,801
سعودي,الحناكية,المدينة المنورة,3,836
سعودي,الحناكية,المدينة المنورة,4,859
سعودي,الحناكية,المدينة المنورة,5,876
سعودي,الحناكية,المدينة المنورة,6,1087
سعودي,الحناكية,المدينة المنورة,7,757
سعودي,الحناكية,المدينة المنورة,8,524
سعودي,الحناكية,المدينة المنورة,9,345
سعودي,الحناكية,المدينة المنورة,10+,592
غير سعودي,الحناكية,المدينة المنورة,1,813
غير سعودي,الحناكية,المدينة المنورة,2,279
غير سعودي,الحناكية,المدينة المنورة,3,117
غير سعودي,الحناكية,المدينة المنورة,4,77
غير سعودي,الحناكية,المدينة المنورة,5,56
غير سعودي,الحناكية,المدينة المنورة,6,45
غير سعودي,الحناكية,المدينة المنورة,7,23
غير سعودي,الحناكية,المدينة المنورة,8,10
غير سعودي,الحناكية,المدينة المنورة,9,5
غير سعودي,الحناكية,المدينة المنورة,10+,29
سعودي,العلا,المدينة المنورة,1,1551
سعودي,العلا,المدينة المنورة,2,988
سعودي,العلا,المدينة المنورة,3,994
سعودي,العلا,المدينة المنورة,4,1045
سعودي,العلا,المدينة المنورة,5,995
سعودي,العلا,المدينة المنورة,6,1223
سعودي,العلا,المدينة المنورة,7,936
سعودي,العلا,المدينة المنورة,8,645
سعودي,العلا,المدينة المنورة,9,413
سعودي,العلا,المدينة المنورة,10+,725
غير سعودي,العلا,المدينة المنورة,1,2671
غير سعودي,العلا,المدينة المنورة,2,1070
غير سعودي,العلا,المدينة المنورة,3,371
غير سعودي,العلا,المدينة المنورة,4,189
غير سعودي,العلا,المدينة المنورة,5,165
غير سعودي,العلا,المدينة المنورة,6,137
غير سعودي,العلا,المدينة المنورة,7,85
غير سعودي,العلا,المدينة المنورة,8,43
غير سعودي,العلا,المدينة المنورة,9,37
غير سعودي,العلا,المدينة المنورة,10+,130
سعودي,العيص,المدينة المنورة,1,719
سعودي,العيص,المدينة المنورة,2,481
سعودي,العيص,المدينة المنورة,3,438
سعودي,العيص,المدينة المنورة,4,442
سعودي,العيص,المدينة المنورة,5,407
سعودي,العيص,المدينة المنورة,6,498
سعودي,العيص,المدينة المنورة,7,397
سعودي,العيص,المدينة المنورة,8,272
سعودي,العيص,المدينة المنورة,9,171
سعودي,العيص,المدينة المنورة,10+,355
غير سعودي,العيص,المدينة المنورة,1,499
غير سعودي,العيص,المدينة المنورة,2,139
غير سعودي,العيص,المدينة المنورة,3,53
غير سعودي,العيص,المدينة المنورة,4,25
غير سعودي,العيص,المدينة المنورة,5,28
غير سعودي,العيص,المدينة المنورة,6,26
غير سعودي,العيص,المدينة المنورة,7,7
غير سعودي,العيص,المدينة المنورة,8,2
غير سعودي,العيص,المدينة المنورة,9,4
غير سعودي,العيص,المدينة المنورة,10+,9
سعودي,المدينة المنورة (مقر الامارة),المدينة المنورة,1,26069
سعودي,المدينة المنورة (مقر الامارة),المدينة المنورة,2,20896
سعودي,المدينة المنورة (مقر الامارة),المدينة المنورة,3,22968
سعودي,المدينة المنورة (مقر الامارة),المدينة المنورة,4,26093
سعودي,المدينة المنورة (مقر الامارة),المدينة المنورة,5,25506
سعودي,المدينة المنورة (مقر الامارة),المدينة المنورة,6,26342
سعودي,المدينة المنورة (مقر الامارة),المدينة المنورة,7,20105
سعودي,المدينة المنورة (مقر الامارة),المدينة المنورة,8,12426
سعودي,المدينة المنورة (مقر الامارة),المدينة المنورة,9,6967
سعودي,المدينة المنورة (مقر الامارة),المدينة المنورة,10+,8653
غير سعودي,المدينة المنورة (مقر الامارة),المدينة المنورة,1,40405
غير سعودي,المدينة المنورة (مقر الامارة),المدينة المنورة,2,55533
غير سعودي,المدينة المنورة (مقر الامارة),المدينة المنورة,3,25861
غير سعودي,المدينة المنورة (مقر الامارة),المدينة المنورة,4,10158
غير سعودي,المدينة المنورة (مقر الامارة),المدينة المنورة,5,7782
غير سعودي,المدينة المنورة (مقر الامارة),المدينة المنورة,6,6930
غير سعودي,المدينة المنورة (مقر الامارة),المدينة المنورة,7,5486
غير سعودي,المدينة المنورة (مقر الامارة),المدينة المنورة,8,2776
غير سعودي,المدينة المنورة (مقر الامارة),المدينة المنورة,9,1281
غير سعودي,المدينة المنورة (مقر الامارة),المدينة المنورة,10+,4145
سعودي,المهد,المدينة المنورة,1,2019
سعودي,المهد,المدينة المنورة,2,883
سعودي,المهد,المدينة المنورة,3,878
سعودي,المهد,المدينة المنورة,4,992
سعودي,المهد,المدينة المنورة,5,1024
سعودي,المهد,المدينة المنورة,6,1128
سعودي,المهد,المدينة المنورة,7,863
سعودي,المهد,المدينة المنورة,8,541
سعودي,المهد,المدينة المنورة,9,302
سعودي,المهد,المدينة المنورة,10+,580
غير سعودي,المهد,المدينة المنورة,1,1613
غير سعودي,المهد,المدينة المنورة,2,519
غير سعودي,المهد,المدينة المنورة,3,209
غير سعودي,المهد,المدينة المنورة,4,110
غير سعودي,المهد,المدينة المنورة,5,80
غير سعودي,المهد,المدينة المنورة,6,67
غير سعودي,المهد,المدينة المنورة,7,42
غير سعودي,المهد,المدينة المنورة,8,15
غير سعودي,المهد,المدينة المنورة,9,14
غير سعودي,المهد,المدينة المنورة,10+,30
سعودي,بدر,المدينة المنورة,1,1358
سعودي,بدر,المدينة المنورة,2,1221
سعودي,بدر,المدينة المنورة,3,1328
سعودي,بدر,المدينة المنورة,4,1386
سعودي,بدر,المدينة المنورة,5,1463
سعودي,بدر,المدينة المنورة,6,1494
سعودي,بدر,المدينة المنورة,7,1123
سعودي,بدر,المدينة المنورة,8,625
سعودي,بدر,المدينة المنورة,9,332
سعودي,بدر,المدينة المنورة,10+,327
غير سعودي,بدر,المدينة المنورة,1,1183
غير سعودي,بدر,المدينة المنورة,2,673
غير سعودي,بدر,المدينة المنورة,3,333
غير سعودي,بدر,المدينة المنورة,4,173
غير سعودي,بدر,المدينة المنورة,5,137
غير سعودي,بدر,المدينة المنورة,6,99
غير سعودي,بدر,المدينة المنورة,7,84
غير سعودي,بدر,المدينة المنورة,8,53
غير سعودي,بدر,المدينة المنورة,9,22
غير سعودي,بدر,المدينة المنورة,10+,109
سعودي,خيبر,المدينة المنورة,1,1017
سعودي,خيبر,المدينة المنورة,2,764
سعودي,خيبر,المدينة المنورة,3,783
سعودي,خيبر,المدينة المنورة,4,849
سعودي,خيبر,المدينة المنورة,5,857
سعودي,خيبر,المدينة المنورة,6,1039
سعودي,خيبر,المدينة المنورة,7,689
سعودي,خيبر,المدينة المنورة,8,543
سعودي,خيبر,المدينة المنورة,9,355
سعودي,خيبر,المدينة المنورة,10+,732
غير سعودي,خيبر,المدينة المنورة,1,1226
غير سعودي,خيبر,المدينة المنورة,2,321
غير سعودي,خيبر,المدينة المنورة,3,207
غير سعودي,خيبر,المدينة المنورة,4,123
غير سعودي,خيبر,المدينة المنورة,5,86
غير سعودي,خيبر,المدينة المنورة,6,62
غير سعودي,خيبر,المدينة المنورة,7,55
غير سعودي,خيبر,المدينة المنورة,8,30
غير سعودي,خيبر,المدينة المنورة,9,15
غير سعودي,خيبر,المدينة المنورة,10+,27
سعودي,وادي الفرع,المدينة المنورة,1,709
سعودي,وادي الفرع,المدينة المنورة,2,476
سعودي,وادي الفرع,المدينة المنورة,3,491
سعودي,وادي الفرع,المدينة المنورة,4,533
سعودي,وادي الفرع,المدينة المنورة,5,483
سعودي,وادي الفرع,المدينة المنورة,6,577
سعودي,وادي الفرع,المدينة المنورة,7,475
سعودي,وادي الفرع,المدينة المنورة,8,277
سعودي,وادي الفرع,المدينة المنورة,9,163
سعودي,وادي الفرع,المدينة المنورة,10+,268
غير سعودي,وادي الفرع,المدينة المنورة,1,731
غير سعودي,وادي الفرع,المدينة المنورة,2,157
غير سعودي,وادي الفرع,المدينة المنورة,3,45
غير سعودي,وادي الفرع,المدينة المنورة,4,22
غير سعودي,وادي الفرع,المدينة المنورة,5,24
غير سعودي,وادي الفرع,المدينة المنورة,6,13
غير سعودي,وادي الفرع,المدينة المنورة,7,9
غير سعودي,وادي الفرع,المدينة المنورة,8,5
غير سعودي,وادي الفرع,المدينة المنورة,9,3
غير سعودي,وادي الفرع,المدينة المنورة,10+,1
سعودي,ينبع,المدينة المنورة,1,6428
سعودي,ينبع,المدينة المنورة,2,5033
سعودي,ينبع,المدينة المنورة,3,5867
سعودي,ينبع,المدينة المنورة,4,6868
سعودي,ينبع,المدينة المنورة,5,6634
سعودي,ينبع,المدينة المنورة,6,6940
سعودي,ينبع,المدينة المنورة,7,4881
سعودي,ينبع,المدينة المنورة,8,2925
سعودي,ينبع,المدينة المنورة,9,1571
سعودي,ينبع,المدينة المنورة,10+,1892
غير سعودي,ينبع,المدينة المنورة,1,19117
غير سعودي,ينبع,المدينة المنورة,2,12481
غير سعودي,ينبع,المدينة المنورة,3,4517
غير سعودي,ينبع,المدينة المنورة,4,2576
غير سعودي,ينبع,المدينة المنورة,5,1856
غير سعودي,ينبع,المدينة المنورة,6,1347
غير سعودي,ينبع,المدينة المنورة,7,755
غير سعودي,ينبع,المدينة المنورة,8,369
غير سعودي,ينبع,المدينة المنورة,9,229
غير سعودي,ينبع,المدينة المنورة,10+,765
سعودي,الاحساء,المنطقة الشرقية,1,18424
سعودي,الاحساء,المنطقة الشرقية,2,19629
سعودي,الاحساء,المنطقة الشرقية,3,22191
سعودي,الاحساء,المنطقة الشرقية,4,28273
سعودي,الاحساء,المنطقة الشرقية,5,28310
سعودي,الاحساء,المنطقة الشرقية,6,28947
سعودي,الاحساء,المنطقة الشرقية,7,17527
سعودي,الاحساء,المنطقة الشرقية,8,9467
سعودي,الاحساء,المنطقة الشرقية,9,5107
سعودي,الاحساء,المنطقة الشرقية,10+,6394
غير سعودي,الاحساء,المنطقة الشرقية,1,36755
غير سعودي,الاحساء,المنطقة الشرقية,2,20990
غير سعودي,الاحساء,المنطقة الشرقية,3,7362
غير سعودي,الاحساء,المنطقة الشرقية,4,4389
غير سعودي,الاحساء,المنطقة الشرقية,5,3410
غير سعودي,الاحساء,المنطقة الشرقية,6,2435
غير سعودي,الاحساء,المنطقة الشرقية,7,1358
غير سعودي,الاحساء,المنطقة الشرقية,8,741
غير سعودي,الاحساء,المنطقة الشرقية,9,479
غير سعودي,الاحساء,المنطقة الشرقية,10+,1761
سعودي,الجبيل,المنطقة الشرقية,1,6486
سعودي,الجبيل,المنطقة الشرقية,2,3978
سعودي,الجبيل,المنطقة الشرقية,3,4338
سعودي,الجبيل,المنطقة الشرقية,4,5445
سعودي,الجبيل,المنطقة الشرقية,5,5724
سعودي,الجبيل,المنطقة الشرقية,6,6625
سعودي,الجبيل,المنطقة الشرقية,7,4873
سعودي,الجبيل,المنطقة الشرقية,8,2860
سعودي,الجبيل,المنطقة الشرقية,9,1628
سعودي,الجبيل,المنطقة الشرقية,10+,1706
غير سعودي,الجبيل,المنطقة الشرقية,1,57907
غير سعودي,الجبيل,المنطقة الشرقية,2,26821
غير سعودي,الجبيل,المنطقة الشرقية,3,6833
غير سعودي,الجبيل,المنطقة الشرقية,4,5235
غير سعودي,الجبيل,المنطقة الشرقية,5,3313
غير سعودي,الجبيل,المنطقة الشرقية,6,2347
غير سعودي,الجبيل,المنطقة الشرقية,7,1009
غير سعودي,الجبيل,المنطقة الشرقية,8,518
غير سعودي,الجبيل,المنطقة الشرقية,9,346
غير سعودي,الجبيل,المنطقة الشرقية,10+,1467
سعودي,الخبر,المنطقة الشرقية,1,11632
سعودي,الخبر,المنطقة الشرقية,2,6048
سعودي,الخبر,المنطقة الشرقية,3,5654
سعودي,الخبر,المنطقة الشرقية,4,6401
سعودي,الخبر,المنطقة الشرقية,5,6357
سعودي,الخبر,المنطقة الشرقية,6,6227
سعودي,الخبر,المنطقة الشرقية,7,4953
سعودي,الخبر,المنطقة الشرقية,8,2892
سعودي,الخبر,المنطقة الشرقية,9,1488
سعودي,الخبر,المنطقة الشرقية,10+,1731
غير سعودي,الخبر,المنطقة الشرقية,1,64693
غير سعودي,الخبر,المنطقة الشرقية,2,45029
غير سعودي,الخبر,المنطقة الشرقية,3,14267
غير سعودي,الخبر,المنطقة الشرقية,4,11052
غير سعودي,الخبر,المنطقة الشرقية,5,7707
غير سعودي,الخبر,المنطقة الشرقية,6,5322
غير سعودي,الخبر,المنطقة الشرقية,7,2356
غير سعودي,الخبر,المنطقة الشرقية,8,1131
غير سعودي,الخبر,المنطقة الشرقية,9,720
غير سعودي,الخبر,المنطقة الشرقية,10+,2655
سعودي,الخفجي,المنطقة الشرقية,1,1321
سعودي,الخفجي,المنطقة الشرقية,2,852
سعودي,الخفجي,المنطقة الشرقية,3,941
سعودي,الخفجي,المنطقة الشرقية,4,984
سعودي,الخفجي,المنطقة الشرقية,5,1145
سعودي,الخفجي,المنطقة الشرقية,6,1547
سعودي,الخفجي,المنطقة الشرقية,7,1450
سعودي,الخفجي,المنطقة الشرقية,8,977
سعودي,الخفجي,المنطقة الشرقية,9,662
سعودي,الخفجي,المنطقة الشرقية,10+,1001
غير سعودي,الخفجي,المنطقة الشرقية,1,3465
غير سعودي,الخفجي,المنطقة الشرقية,2,2582
غير سعودي,الخفجي,المنطقة الشرقية,3,766
غير سعودي,الخفجي,المنطقة الشرقية,4,248
غير سعودي,الخفجي,المنطقة الشرقية,5,193
غير سعودي,الخفجي,المنطقة الشرقية,6,177
غير سعودي,الخفجي,المنطقة الشرقية,7,115
غير سعودي,الخفجي,المنطقة الشرقية,8,52
غير سعودي,الخفجي,المنطقة الشرقية,9,18
غير سعودي,الخفجي,المنطقة الشرقية,10+,123
سعودي,الدمام (مقرالامارة),المنطقة الشرقية,1,27309
سعودي,الدمام (مقرالامارة),المنطقة الشرقية,2,19284
سعودي,الدمام (مقرالامارة),المنطقة الشرقية,3,20091
سعودي,الدمام (مقرالامارة),المنطقة الشرقية,4,24070
سعودي,الدمام (مقرالامارة),المنطقة الشرقية,5,23556
سعودي,الدمام (مقرالامارة),المنطقة الشرقية,6,23534
سعودي,الدمام (مقرالامارة),المنطقة الشرقية,7,18148
سعودي,الدمام (مقرالامارة),المنطقة الشرقية,8,10122
سعودي,الدمام (مقرالامارة),المنطقة الشرقية,9,5354
سعودي,الدمام (مقرالامارة),المنطقة الشرقية,10+,6034
غير سعودي,الدمام (مقرالامارة),المنطقة الشرقية,1,112996
غير سعودي,الدمام (مقرالامارة),المنطقة الشرقية,2,70947
غير سعودي,الدمام (مقرالامارة),المنطقة الشرقية,3,20538
غير سعودي,الدمام (مقرالامارة),المنطقة الشرقية,4,14437
غير سعودي,الدمام (مقرالامارة),المنطقة الشرقية,5,10812
غير سعودي,الدمام (مقرالامارة),المنطقة الشرقية,6,7997
غير سعودي,الدمام (مقرالامارة),المنطقة الشرقية,7,3713
غير سعودي,الدمام (مقرالامارة),المنطقة الشرقية,8,1918
غير سعودي,الدمام (مقرالامارة),المنطقة الشرقية,9,1111
غير سعودي,الدمام (مقرالامارة),المنطقة الشرقية,10+,4102
سعودي,العديد,المنطقة الشرقية,1,117
سعودي,العديد,المنطقة الشرقية,2,99
سعودي,العديد,المنطقة الشرقية,3,93
سعودي,العديد,المنطقة الشرقية,4,119
سعودي,العديد,المنطقة الشرقية,5,105
سعودي,العديد,المنطقة الشرقية,6,191
سعودي,العديد,المنطقة الشرقية,7,124
سعودي,العديد,المنطقة الشرقية,8,78
سعودي,العديد,المنطقة الشرقية,9,65
سعودي,العديد,المنطقة الشرقية,10+,102
غير سعودي,العديد,المنطقة الشرقية,1,393
غير سعودي,العديد,المنطقة الشرقية,2,156
غير سعودي,العديد,المنطقة الشرقية,3,16
غير سعودي,العديد,المنطقة الشرقية,4,7
غير سعودي,العديد,المنطقة الشرقية,5,17
غير سعودي,العديد,المنطقة الشرقية,6,19
غير سعودي,العديد,المنطقة الشرقية,7,9
غير سعودي,العديد,المنطقة الشرقية,8,5
غير سعودي,العديد,المنطقة الشرقية,9,5
غير سعودي,العديد,المنطقة الشرقية,10+,7
سعودي,القطيف,المنطقة الشرقية,1,10017
سعودي,القطيف,المنطقة الشرقية,2,12336
سعودي,القطيف,المنطقة الشرقية,3,14755
سعودي,القطيف,المنطقة الشرقية,4,19813
سعودي,القطيف,المنطقة الشرقية,5,18230
سعودي,القطيف,المنطقة الشرقية,6,15164
سعودي,القطيف,المنطقة الشرقية,7,7516
سعودي,القطيف,المنطقة الشرقية,8,3593
سعودي,القطيف,المنطقة الشرقية,9,1659
سعودي,القطيف,المنطقة الشرقية,10+,1786
غير سعودي,القطيف,المنطقة الشرقية,1,11674
غير سعودي,القطيف,المنطقة الشرقية,2,6996
غير سعودي,القطيف,المنطقة الشرقية,3,2820
غير سعودي,القطيف,المنطقة الشرقية,4,1636
غير سعودي,القطيف,المنطقة الشرقية,5,1068
غير سعودي,القطيف,المنطقة الشرقية,6,783
غير سعودي,القطيف,المنطقة الشرقية,7,560
غير سعودي,القطيف,المنطقة الشرقية,8,341
غير سعودي,القطيف,المنطقة الشرقية,9,264
غير سعودي,القطيف,المنطقة الشرقية,10+,1056
سعودي,النعيرية,المنطقة الشرقية,1,1155
سعودي,النعيرية,المنطقة الشرقية,2,844
سعودي,النعيرية,المنطقة الشرقية,3,826
سعودي,النعيرية,المنطقة الشرقية,4,796
سعودي,النعيرية,المنطقة الشرقية,5,855
سعودي,النعيرية,المنطقة الشرقية,6,1088
سعودي,النعيرية,المنطقة الشرقية,7,882
سعودي,النعيرية,المنطقة الشرقية,8,565
سعودي,النعيرية,المنطقة الشرقية,9,369
سعودي,النعيرية,المنطقة الشرقية,10+,661
غير سعودي,النعيرية,المنطقة الشرقية,1,3403
غير سعودي,النعيرية,المنطقة الشرقية,2,1456
غير سعودي,النعيرية,المنطقة الشرقية,3,402
غير سعودي,النعيرية,المنطقة الشرقية,4,224
غير سعودي,النعيرية,المنطقة الشرقية,5,187
غير سعودي,النعيرية,المنطقة الشرقية,6,107
غير سعودي,النعيرية,المنطقة الشرقية,7,75
غير سعودي,النعيرية,المنطقة الشرقية,8,37
غير سعودي,النعيرية,المنطقة الشرقية,9,20
غير سعودي,النعيرية,المنطقة الشرقية,10+,110
سعودي,بقيق,المنطقة الشرقية,1,1023
سعودي,بقيق,المنطقة الشرقية,2,571
سعودي,بقيق,المنطقة الشرقية,3,603
سعودي,بقيق,المنطقة الشرقية,4,690
سعودي,بقيق,المنطقة الشرقية,5,756
سعودي,بقيق,المنطقة الشرقية,6,952
سعودي,بقيق,المنطقة الشرقية,7,787
سعودي,بقيق,المنطقة الشرقية,8,536
سعودي,بقيق,المنطقة الشرقية,9,349
سعودي,بقيق,المنطقة الشرقية,10+,554
غير سعودي,بقيق,المنطقة الشرقية,1,5333
غير سعودي,بقيق,المنطقة الشرقية,2,1997
غير سعودي,بقيق,المنطقة الشرقية,3,402
غير سعودي,بقيق,المنطقة الشرقية,4,299
غير سعودي,بقيق,المنطقة الشرقية,5,235
غير سعودي,بقيق,المنطقة الشرقية,6,158
غير سعودي,بقيق,المنطقة الشرقية,7,81
غير سعودي,بقيق,المنطقة الشرقية,8,62
غير سعودي,بقيق,المنطقة الشرقية,9,43
غير سعودي,بقيق,المنطقة الشرقية,10+,185
سعودي,حفر الباطن,المنطقة الشرقية,1,6431
سعودي,حفر الباطن,المنطقة الشرقية,2,5371
سعودي,حفر الباطن,المنطقة الشرقية,3,5934
سعودي,حفر الباطن,المنطقة الشرقية,4,6764
سعودي,حفر الباطن,المنطقة الشرقية,5,7495
سعودي,حفر الباطن,المنطقة الشرقية,6,9647
سعودي,حفر الباطن,المنطقة الشرقية,7,7582
سعودي,حفر الباطن,المنطقة الشرقية,8,5450
سعودي,حفر الباطن,المنطقة الشرقية,9,3736
سعودي,حفر الباطن,المنطقة الشرقية,10+,5490
غير سعودي,حفر الباطن,المنطقة الشرقية,1,12542
غير سعودي,حفر الباطن,المنطقة الشرقية,2,10274
غير سعودي,حفر الباطن,المنطقة الشرقية,3,3583
غير سعودي,حفر الباطن,المنطقة الشرقية,4,1858
غير سعودي,حفر الباطن,المنطقة الشرقية,5,1444
غير سعودي,حفر الباطن,المنطقة الشرقية,6,1375
غير سعودي,حفر الباطن,المنطقة الشرقية,7,1160
غير سعودي,حفر الباطن,المنطقة الشرقية,8,734
غير سعودي,حفر الباطن,المنطقة الشرقية,9,453
غير سعودي,حفر الباطن,المنطقة الشرقية,10+,1434
سعودي,رأس تنورة,المنطقة الشرقية,1,738
سعودي,رأس تنورة,المنطقة الشرقية,2,553
سعودي,رأس تنورة,المنطقة الشرقية,3,615
سعودي,رأس تنورة,المنطقة الشرقية,4,663
سعودي,رأس تنورة,المنطقة الشرقية,5,675
سعودي,رأس تنورة,المنطقة الشرقية,6,685
سعودي,رأس تنورة,المنطقة الشرقية,7,568
سعودي,رأس تنورة,المنطقة الشرقية,8,363
سعودي,رأس تنورة,المنطقة الشرقية,9,200
سعودي,رأس تنورة,المنطقة الشرقية,10+,294
غير سعودي,رأس تنورة,المنطقة الشرقية,1,5660
غير سعودي,رأس تنورة,المنطقة الشرقية,2,2553
غير سعودي,رأس تنورة,المنطقة الشرقية,3,752
غير سعودي,رأس تنورة,المنطقة الشرقية,4,518
غير سعودي,رأس تنورة,المنطقة الشرقية,5,328
غير سعودي,رأس تنورة,المنطقة الشرقية,6,233
غير سعودي,رأس تنورة,المنطقة الشرقية,7,121
غير سعودي,رأس تنورة,المنطقة الشرقية,8,69
غير سعودي,رأس تنورة,المنطقة الشرقية,9,49
غير سعودي,رأس تنورة,المنطقة الشرقية,10+,208
سعودي,قرية العليا,المنطقة الشرقية,1,392
سعودي,قرية العليا,المنطقة الشرقية,2,283
سعودي,قرية العليا,المنطقة الشرقية,3,273
سعودي,قرية العليا,المنطقة الشرقية,4,269
سعودي,قرية العليا,المنطقة الشرقية,5,358
سعودي,قرية العليا,المنطقة الشرقية,6,389
سعودي,قرية العليا,المنطقة الشرقية,7,349
سعودي,قرية العليا,المنطقة الشرقية,8,247
سعودي,قرية العليا,المنطقة الشرقية,9,141
سعودي,قرية العليا,المنطقة الشرقية,10+,265
غير سعودي,قرية العليا,المنطقة الشرقية,1,1195
غير سعودي,قرية العليا,المنطقة الشرقية,2,456
غير سعودي,قرية العليا,المنطقة الشرقية,3,212
غير سعودي,قرية العليا,المنطقة الشرقية,4,137
غير سعودي,قرية العليا,المنطقة الشرقية,5,94
غير سعودي,قرية العليا,المنطقة الشرقية,6,87
غير سعودي,قرية العليا,المنطقة الشرقية,7,45
غير سعودي,قرية العليا,المنطقة الشرقية,8,32
غير سعودي,قرية العليا,المنطقة الشرقية,9,19
غير سعودي,قرية العليا,المنطقة الشرقية,10+,37
سعودي,البدع,تبوك,1,474
سعودي,البدع,تبوك,2,300
سعودي,البدع,تبوك,3,295
سعودي,البدع,تبوك,4,295
سعودي,البدع,تبوك,5,290
سعودي,البدع,تبوك,6,390
سعودي,البدع,تبوك,7,237
سعودي,البدع,تبوك,8,187
سعودي,البدع,تبوك,9,133
سعودي,البدع,تبوك,10+,236
غير سعودي,البدع,تبوك,1,772
غير سعودي,البدع,تبوك,2,314
غير سعودي,البدع,تبوك,3,82
غير سعودي,البدع,تبوك,4,39
غير سعودي,البدع,تبوك,5,28
غير سعودي,البدع,تبوك,6,18
غير سعودي,البدع,تبوك,7,9
غير سعودي,البدع,تبوك,8,8
غير سعودي,البدع,تبوك,9,5
غير سعودي,البدع,تبوك,10+,23
سعودي,الوجة,تبوك,1,1247
سعودي,الوجة,تبوك,2,773
سعودي,الوجة,تبوك,3,779
سعودي,الوجة,تبوك,4,927
سعودي,الوجة,تبوك,5,870
سعودي,الوجة,تبوك,6,984
سعودي,الوجة,تبوك,7,825
سعودي,الوجة,تبوك,8,506
سعودي,الوجة,تبوك,9,309
سعودي,الوجة,تبوك,10+,556
غير سعودي,الوجة,تبوك,1,1563
غير سعودي,الوجة,تبوك,2,1041
غير سعودي,الوجة,تبوك,3,365
غير سعودي,الوجة,تبوك,4,150
غير سعودي,الوجة,تبوك,5,111
غير سعودي,الوجة,تبوك,6,76
غير سعودي,الوجة,تبوك,7,59
غير سعودي,الوجة,تبوك,8,32
غير سعودي,الوجة,تبوك,9,18
غير سعودي,الوجة,تبوك,10+,80
سعودي,املج,تبوك,1,1393
سعودي,املج,تبوك,2,1154
سعودي,املج,تبوك,3,1243
سعودي,املج,تبوك,4,1282
سعودي,املج,تبوك,5,1345
سعودي,املج,تبوك,6,1408
سعودي,املج,تبوك,7,1073
سعودي,املج,تبوك,8,728
سعودي,املج,تبوك,9,449
سعودي,املج,تبوك,10+,659
غير سعودي,املج,تبوك,1,2400
غير سعودي,املج,تبوك,2,1314
غير سعودي,املج,تبوك,3,580
غير سعودي,املج,تبوك,4,289
غير سعودي,املج,تبوك,5,215
غير سعودي,املج,تبوك,6,146
غير سعودي,املج,تبوك,7,97
غير سعودي,املج,تبوك,8,70
غير سعودي,املج,تبوك,9,43
غير سعودي,املج,تبوك,10+,166
سعودي,تبوك (مقرالامارة),تبوك,1,12769
سعودي,تبوك (مقرالامارة),تبوك,2,8436
سعودي,تبوك (مقرالامارة),تبوك,3,9304
سعودي,تبوك (مقرالامارة),تبوك,4,10928
سعودي,تبوك (مقرالامارة),تبوك,5,11233
سعودي,تبوك (مقرالامارة),تبوك,6,13040
سعودي,تبوك (مقرالامارة),تبوك,7,9673
سعودي,تبوك (مقرالامارة),تبوك,8,6426
سعودي,تبوك (مقرالامارة),تبوك,9,3830
سعودي,تبوك (مقرالامارة),تبوك,10+,6268
غير سعودي,تبوك (مقرالامارة),تبوك,1,20570
غير سعودي,تبوك (مقرالامارة),تبوك,2,19700
غير سعودي,تبوك (مقرالامارة),تبوك,3,4973
غير سعودي,تبوك (مقرالامارة),تبوك,4,2282
غير سعودي,تبوك (مقرالامارة),تبوك,5,1815
غير سعودي,تبوك (مقرالامارة),تبوك,6,1578
غير سعودي,تبوك (مقرالامارة),تبوك,7,879
غير سعودي,تبوك (مقرالامارة),تبوك,8,480
غير سعودي,تبوك (مقرالامارة),تبوك,9,281
غير سعودي,تبوك (مقرالامارة),تبوك,10+,1100
سعودي,تيماء,تبوك,1,832
سعودي,تيماء,تبوك,2,601
سعودي,تيماء,تبوك,3,611
سعودي,تيماء,تبوك,4,655
سعودي,تيماء,تبوك,5,713
سعودي,تيماء,تبوك,6,889
سعودي,تيماء,تبوك,7,596
سعودي,تيماء,تبوك,8,474
سعودي,تيماء,تبوك,9,319
سعودي,تيماء,تبوك,10+,540
غير سعودي,تيماء,تبوك,1,1322
غير سعودي,تيماء,تبوك,2,1046
غير سعودي,تيماء,تبوك,3,347
غير سعودي,تيماء,تبوك,4,152
غير سعودي,تيماء,تبوك,5,113
غير سعودي,تيماء,تبوك,6,92
غير سعودي,تيماء,تبوك,7,51
غير سعودي,تيماء,تبوك,8,35
غير سعودي,تيماء,تبوك,9,20
غير سعودي,تيماء,تبوك,10+,75
سعودي,حقل,تبوك,1,605
سعودي,حقل,تبوك,2,461
سعودي,حقل,تبوك,3,448
سعودي,حقل,تبوك,4,532
سعودي,حقل,تبوك,5,480
سعودي,حقل,تبوك,6,576
سعودي,حقل,تبوك,7,399
سعودي,حقل,تبوك,8,297
سعودي,حقل,تبوك,9,168
سعودي,حقل,تبوك,10+,283
غير سعودي,حقل,تبوك,1,1032
غير سعودي,حقل,تبوك,2,733
غير سعودي,حقل,تبوك,3,215
غير سعودي,حقل,تبوك,4,103
غير سعودي,حقل,تبوك,5,97
غير سعودي,حقل,تبوك,6,61
غير سعودي,حقل,تبوك,7,40
غير سعودي,حقل,تبوك,8,22
غير سعودي,حقل,تبوك,9,5
غير سعودي,حقل,تبوك,10+,44
سعودي,ضباء,تبوك,1,991
سعودي,ضباء,تبوك,2,774
سعودي,ضباء,تبوك,3,682
سعودي,ضباء,تبوك,4,835
سعودي,ضباء,تبوك,5,784
سعودي,ضباء,تبوك,6,846
سعودي,ضباء,تبوك,7,762
سعودي,ضباء,تبوك,8,462
سعودي,ضباء,تبوك,9,307
سعودي,ضباء,تبوك,10+,513
غير سعودي,ضباء,تبوك,1,3228
غير سعودي,ضباء,تبوك,2,2364
غير سعودي,ضباء,تبوك,3,726
غير سعودي,ضباء,تبوك,4,241
غير سعودي,ضباء,تبوك,5,138
غير سعودي,ضباء,تبوك,6,126
غير سعودي,ضباء,تبوك,7,84
غير سعودي,ضباء,تبوك,8,59
غير سعودي,ضباء,تبوك,9,47
غير سعودي,ضباء,تبوك,10+,175
سعودي,ابو عريش,جازان,1,3021
سعودي,ابو عريش,جازان,2,3153
سعودي,ابو عريش,جازان,3,3569
سعودي,ابو عريش,جازان,4,4290
سعودي,ابو عريش,جازان,5,4165
سعودي,ابو عريش,جازان,6,4180
سعودي,ابو عريش,جازان,7,3032
سعودي,ابو عريش,جازان,8,1865
سعودي,ابو عريش,جازان,9,1014
سعودي,ابو عريش,جازان,10+,1519
غير سعودي,ابو عريش,جازان,1,4619
غير سعودي,ابو عريش,جازان,2,3832
غير سعودي,ابو عريش,جازان,3,1647
غير سعودي,ابو عريش,جازان,4,691
غير سعودي,ابو عريش,جازان,5,604
غير سعودي,ابو عريش,جازان,6,560
غير سعودي,ابو عريش,جازان,7,370
غير سعودي,ابو عريش,جازان,8,197
غير سعودي,ابو عريش,جازان,9,147
غير سعودي,ابو عريش,جازان,10+,392
سعودي,احد المسارحة,جازان,1,2109
سعودي,احد المسارحة,جازان,2,1969
سعودي,احد المسارحة,جازان,3,2256
سعودي,احد المسارحة,جازان,4,2709
سعودي,احد المسارحة,جازان,5,2696
سعودي,احد المسارحة,جازان,6,2957
سعودي,احد المسارحة,جازان,7,2050
سعودي,احد المسارحة,جازان,8,1363
سعودي,احد المسارحة,جازان,9,779
سعودي,احد المسارحة,جازان,10+,1457
غير سعودي,احد المسارحة,جازان,1,1959
غير سعودي,احد المسارحة,جازان,2,1316
غير سعودي,احد المسارحة,جازان,3,744
غير سعودي,احد المسارحة,جازان,4,365
غير سعودي,احد المسارحة,جازان,5,322
غير سعودي,احد المسارحة,جازان,6,334
غير سعودي,احد المسارحة,جازان,7,671
غير سعودي,احد المسارحة,جازان,8,208
غير سعودي,احد المسارحة,جازان,9,118
غير سعودي,احد المسارحة,جازان,10+,346
سعودي,الحرث,جازان,1,157
سعودي,الحرث,جازان,2,184
سعودي,الحرث,جازان,3,136
سعودي,الحرث,جازان,4,182
سعودي,الحرث,جازان,5,156
سعودي,الحرث,جازان,6,228
سعودي,الحرث,جازان,7,168
سعودي,الحرث,جازان,8,100
سعودي,الحرث,جازان,9,81
سعودي,الحرث,جازان,10+,167
غير سعودي,الحرث,جازان,1,75
غير سعودي,الحرث,جازان,2,41
غير سعودي,الحرث,جازان,3,43
غير سعودي,الحرث,جازان,4,35
غير سعودي,الحرث,جازان,5,30
غير سعودي,الحرث,جازان,6,27
غير سعودي,الحرث,جازان,7,157
غير سعودي,الحرث,جازان,8,60
غير سعودي,الحرث,جازان,9,16
غير سعودي,الحرث,جازان,10+,34
سعودي,الدائر,جازان,1,956
سعودي,الدائر,جازان,2,942
سعودي,الدائر,جازان,3,1065
سعودي,الدائر,جازان,4,1148
سعودي,الدائر,جازان,5,1113
سعودي,الدائر,جازان,6,1072
سعودي,الدائر,جازان,7,931
سعودي,الدائر,جازان,8,458
سعودي,الدائر,جازان,9,280
سعودي,الدائر,جازان,10+,575
غير سعودي,الدائر,جازان,1,534
غير سعودي,الدائر,جازان,2,562
غير سعودي,الدائر,جازان,3,253
غير سعودي,الدائر,جازان,4,123
غير سعودي,الدائر,جازان,5,61
غير سعودي,الدائر,جازان,6,62
غير سعودي,الدائر,جازان,7,40
غير سعودي,الدائر,جازان,8,22
غير سعودي,الدائر,جازان,9,5
غير سعودي,الدائر,جازان,10+,42
سعودي,الدرب,جازان,1,1148
سعودي,الدرب,جازان,2,1023
سعودي,الدرب,جازان,3,1197
سعودي,الدرب,جازان,4,1496
سعودي,الدرب,جازان,5,1309
سعودي,الدرب,جازان,6,1517
سعودي,الدرب,جازان,7,1079
سعودي,الدرب,جازان,8,616
سعودي,الدرب,جازان,9,442
سعودي,الدرب,جازان,10+,668
غير سعودي,الدرب,جازان,1,2788
غير سعودي,الدرب,جازان,2,1045
غير سعودي,الدرب,جازان,3,415
غير سعودي,الدرب,جازان,4,238
غير سعودي,الدرب,جازان,5,185
غير سعودي,الدرب,جازان,6,178
غير سعودي,الدرب,جازان,7,124
غير سعودي,الدرب,جازان,8,66
غير سعودي,الدرب,جازان,9,49
غير سعودي,الدرب,جازان,10+,167
سعودي,الريث,جازان,1,210
سعودي,الريث,جازان,2,206
سعودي,الريث,جازان,3,184
سعودي,الريث,جازان,4,204
سعودي,الريث,جازان,5,214
سعودي,الريث,جازان,6,317
سعودي,الريث,جازان,7,265
سعودي,الريث,جازان,8,146
سعودي,الريث,جازان,9,135
سعودي,الريث,جازان,10+,524
غير سعودي,الريث,جازان,1,114
غير سعودي,الريث,جازان,2,26
غير سعودي,الريث,جازان,3,9
غير سعودي,الريث,جازان,4,10
غير سعودي,الريث,جازان,5,5
غير سعودي,الريث,جازان,6,16
غير سعودي,الريث,جازان,7,11
غير سعودي,الريث,جازان,8,1
غير سعودي,الريث,جازان,9,3
غير سعودي,الريث,جازان,10+,6
سعودي,الطوال,جازان,1,669
سعودي,الطوال,جازان,2,740
سعودي,الطوال,جازان,3,765
سعودي,الطوال,جازان,4,890
سعودي,الطوال,جازان,5,890
سعودي,الطوال,جازان,6,1042
سعودي,الطوال,جازان,7,596
سعودي,الطوال,جازان,8,386
سعودي,الطوال,جازان,9,257
سعودي,الطوال,جازان,10+,335
غير سعودي,الطوال,جازان,1,293
غير سعودي,الطوال,جازان,2,118
غير سعودي,الطوال,جازان,3,85
غير سعودي,الطوال,جازان,4,73
غير سعودي,الطوال,جازان,5,61
غير سعودي,الطوال,جازان,6,52
غير سعودي,الطوال,جازان,7,122
غير سعودي,الطوال,جازان,8,50
غير سعودي,الطوال,جازان,9,20
غير سعودي,الطوال,جازان,10+,48
سعودي,العارضة,جازان,1,1138
سعودي,العارضة,جازان,2,956
سعودي,العارضة,جازان,3,1086
سعودي,العارضة,جازان,4,1218
سعودي,العارضة,جازان,5,1133
سعودي,العارضة,جازان,6,1612
سعودي,العارضة,جازان,7,1292
سعودي,العارضة,جازان,8,898
سعودي,العارضة,جازان,9,590
سعودي,العارضة,جازان,10+,1489
غير سعودي,العارضة,جازان,1,609
غير سعودي,العارضة,جازان,2,521
غير سعودي,العارضة,جازان,3,334
غير سعودي,العارضة,جازان,4,156
غير سعودي,العارضة,جازان,5,150
غير سعودي,العارضة,جازان,6,163
غير سعودي,العارضة,جازان,7,337
غير سعودي,العارضة,جازان,8,163
غير سعودي,العارضة,جازان,9,86
غير سعودي,العارضة,جازان,10+,187
سعودي,العيدابي,جازان,1,641
سعودي,العيدابي,جازان,2,523
سعودي,العيدابي,جازان,3,533
سعودي,العيدابي,جازان,4,633
سعودي,العيدابي,جازان,5,615
سعودي,العيدابي,جازان,6,657
سعودي,العيدابي,جازان,7,565
سعودي,العيدابي,جازان,8,316
سعودي,العيدابي,جازان,9,212
سعودي,العيدابي,جازان,10+,418
غير سعودي,العيدابي,جازان,1,596
غير سعودي,العيدابي,جازان,2,373
غير سعودي,العيدابي,جازان,3,168
غير سعودي,العيدابي,جازان,4,117
غير سعودي,العيدابي,جازان,5,107
غير سعودي,العيدابي,جازان,6,105
غير سعودي,العيدابي,جازان,7,95
غير سعودي,العيدابي,جازان,8,55
غير سعودي,العيدابي,جازان,9,38
غير سعودي,العيدابي,جازان,10+,82
سعودي,بيش,جازان,1,1512
سعودي,بيش,جازان,2,1344
سعودي,بيش,جازان,3,1446
سعودي,بيش,جازان,4,1590
سعودي,بيش,جازان,5,1491
سعودي,بيش,جازان,6,1581
سعودي,بيش,جازان,7,1190
سعودي,بيش,جازان,8,760
سعودي,بيش,جازان,9,507
سعودي,بيش,جازان,10+,754
غير سعودي,بيش,جازان,1,4359
غير سعودي,بيش,جازان,2,1820
غير سعودي,بيش,جازان,3,685
غير سعودي,بيش,جازان,4,368
غير سعودي,بيش,جازان,5,332
غير سعودي,بيش,جازان,6,300
غير سعودي,بيش,جازان,7,227
غير سعودي,بيش,جازان,8,108
غير سعودي,بيش,جازان,9,73
غير سعودي,بيش,جازان,10+,220
سعودي,جازان (مقر الامارة),جازان,1,4163
سعودي,جازان (مقر الامارة),جازان,2,3204
سعودي,جازان (مقر الامارة),جازان,3,3634
سعودي,جازان (مقر الامارة),جازان,4,3998
سعودي,جازان (مقر الامارة),جازان,5,3651
سعودي,جازان (مقر الامارة),جازان,6,3182
سعودي,جازان (مقر الامارة),جازان,7,2590
سعودي,جازان (مقر الامارة),جازان,8,1401
سعودي,جازان (مقر الامارة),جازان,9,692
سعودي,جازان (مقر الامارة),جازان,10+,920
غير سعودي,جازان (مقر الامارة),جازان,1,8637
غير سعودي,جازان (مقر الامارة),جازان,2,8442
غير سعودي,جازان (مقر الامارة),جازان,3,2991
غير سعودي,جازان (مقر الامارة),جازان,4,1546
غير سعودي,جازان (مقر الامارة),جازان,5,1185
غير سعودي,جازان (مقر الامارة),جازان,6,1049
غير سعودي,جازان (مقر الامارة),جازان,7,565
غير سعودي,جازان (مقر الامارة),جازان,8,292
غير سعودي,جازان (مقر الامارة),جازان,9,151
غير سعودي,جازان (مقر الامارة),جازان,10+,602
سعودي,صامطة,جازان,1,2614
سعودي,صامطة,جازان,2,2188
سعودي,صامطة,جازان,3,2278
سعودي,صامطة,جازان,4,2629
سعودي,صامطة,جازان,5,2599
سعودي,صامطة,جازان,6,2984
سعودي,صامطة,جازان,7,2081
سعودي,صامطة,جازان,8,1323
سعودي,صامطة,جازان,9,791
سعودي,صامطة,جازان,10+,1518
غير سعودي,صامطة,جازان,1,2512
غير سعودي,صامطة,جازان,2,2088
غير سعودي,صامطة,جازان,3,942
غير سعودي,صامطة,جازان,4,575
غير سعودي,صامطة,جازان,5,616
غير سعودي,صامطة,جازان,6,674
غير سعودي,صامطة,جازان,7,1225
غير سعودي,صامطة,جازان,8,404
غير سعودي,صامطة,جازان,9,224
غير سعودي,صامطة,جازان,10+,535
سعودي,صبياء,جازان,1,3905
سعودي,صبياء,جازان,2,3355
سعودي,صبياء,جازان,3,3744
سعودي,صبياء,جازان,4,4236
سعودي,صبياء,جازان,5,4200
سعودي,صبياء,جازان,6,4334
سعودي,صبياء,جازان,7,3064
سعودي,صبياء,جازان,8,2089
سعودي,صبياء,جازان,9,1166
سعودي,صبياء,جازان,10+,1630
غير سعودي,صبياء,جازان,1,5003
غير سعودي,صبياء,جازان,2,4451
غير سعودي,صبياء,جازان,3,2188
غير سعودي,صبياء,جازان,4,1309
غير سعودي,صبياء,جازان,5,1136
غير سعودي,صبياء,جازان,6,1025
غير سعودي,صبياء,جازان,7,1026
غير سعودي,صبياء,جازان,8,573
غير سعودي,صبياء,جازان,9,300
غير سعودي,صبياء,جازان,10+,816
سعودي,ضمد,جازان,1,1007
سعودي,ضمد,جازان,2,987
سعودي,ضمد,جازان,3,1080
سعودي,ضمد,جازان,4,1250
سعودي,ضمد,جازان,5,1240
سعودي,ضمد,جازان,6,1346
سعودي,ضمد,جازان,7,982
سعودي,ضمد,جازان,8,612
سعودي,ضمد,جازان,9,342
سعودي,ضمد,جازان,10+,528
غير سعودي,ضمد,جازان,1,1081
غير سعودي,ضمد,جازان,2,749
غير سعودي,ضمد,جازان,3,464
غير سعودي,ضمد,جازان,4,342
غير سعودي,ضمد,جازان,5,318
غير سعودي,ضمد,جازان,6,297
غير سعودي,ضمد,جازان,7,367
غير سعودي,ضمد,جازان,8,204
غير سعودي,ضمد,جازان,9,80
غير سعودي,ضمد,جازان,10+,249
سعودي,فرسان,جازان,1,283
سعودي,فرسان,جازان,2,212
سعودي,فرسان,جازان,3,264
سعودي,فرسان,جازان,4,308
سعودي,فرسان,جازان,5,315
سعودي,فرسان,جازان,6,309
سعودي,فرسان,جازان,7,212
سعودي,فرسان,جازان,8,117
سعودي,فرسان,جازان,9,78
سعودي,فرسان,جازان,10+,112
غير سعودي,فرسان,جازان,1,320
غير سعودي,فرسان,جازان,2,211
غير سعودي,فرسان,جازان,3,99
غير سعودي,فرسان,جازان,4,71
غير سعودي,فرسان,جازان,5,50
غير سعودي,فرسان,جازان,6,30
غير سعودي,فرسان,جازان,7,18
غير سعودي,فرسان,جازان,8,13
غير سعودي,فرسان,جازان,9,15
غير سعودي,فرسان,جازان,10+,28
سعودي,فيفا,جازان,1,571
سعودي,فيفا,جازان,2,494
سعودي,فيفا,جازان,3,455
سعودي,فيفا,جازان,4,489
سعودي,فيفا,جازان,5,479
سعودي,فيفا,جازان,6,485
سعودي,فيفا,جازان,7,333
سعودي,فيفا,جازان,8,179
سعودي,فيفا,جازان,9,126
سعودي,فيفا,جازان,10+,171
غير سعودي,فيفا,جازان,1,265
غير سعودي,فيفا,جازان,2,105
غير سعودي,فيفا,جازان,3,49
غير سعودي,فيفا,جازان,4,32
غير سعودي,فيفا,جازان,5,31
غير سعودي,فيفا,جازان,6,41
غير سعودي,فيفا,جازان,7,18
غير سعودي,فيفا,جازان,8,10
غير سعودي,فيفا,جازان,9,11
غير سعودي,فيفا,جازان,10+,14
سعودي,هروب,جازان,1,561
سعودي,هروب,جازان,2,465
سعودي,هروب,جازان,3,460
سعودي,هروب,جازان,4,464
سعودي,هروب,جازان,5,479
سعودي,هروب,جازان,6,617
سعودي,هروب,جازان,7,488
سعودي,هروب,جازان,8,354
سعودي,هروب,جازان,9,269
سعودي,هروب,جازان,10+,588
غير سعودي,هروب,جازان,1,397
غير سعودي,هروب,جازان,2,143
غير سعودي,هروب,جازان,3,124
غير سعودي,هروب,جازان,4,90
غير سعودي,هروب,جازان,5,71
غير سعودي,هروب,جازان,6,78
غير سعودي,هروب,جازان,7,72
غير سعودي,هروب,جازان,8,29
غير سعودي,هروب,جازان,9,20
غير سعودي,هروب,جازان,10+,41
سعودي,الحائط,حائل,1,2356
سعودي,الحائط,حائل,2,1197
سعودي,الحائط,حائل,3,1228
سعودي,الحائط,حائل,4,1189
سعودي,الحائط,حائل,5,1125
سعودي,الحائط,حائل,6,1562
سعودي,الحائط,حائل,7,1168
سعودي,الحائط,حائل,8,767
سعودي,الحائط,حائل,9,653
سعودي,الحائط,حائل,10+,1494
غير سعودي,الحائط,حائل,1,1664
غير سعودي,الحائط,حائل,2,779
غير سعودي,الحائط,حائل,3,242
غير سعودي,الحائط,حائل,4,83
غير سعودي,الحائط,حائل,5,66
غير سعودي,الحائط,حائل,6,57
غير سعودي,الحائط,حائل,7,25
غير سعودي,الحائط,حائل,8,15
غير سعودي,الحائط,حائل,9,10
غير سعودي,الحائط,حائل,10+,44
سعودي,السليمي,حائل,1,344
سعودي,السليمي,حائل,2,263
سعودي,السليمي,حائل,3,219
سعودي,السليمي,حائل,4,234
سعودي,السليمي,حائل,5,251
سعودي,السليمي,حائل,6,388
سعودي,السليمي,حائل,7,299
سعودي,السليمي,حائل,8,187
سعودي,السليمي,حائل,9,168
سعودي,السليمي,حائل,10+,413
غير سعودي,السليمي,حائل,1,244
غير سعودي,السليمي,حائل,2,94
غير سعودي,السليمي,حائل,3,24
غير سعودي,السليمي,حائل,4,12
غير سعودي,السليمي,حائل,5,11
غير سعودي,السليمي,حائل,6,8
غير سعودي,السليمي,حائل,7,2
غير سعودي,السليمي,حائل,8,2
غير سعودي,السليمي,حائل,9,1
غير سعودي,السليمي,حائل,10+,3
سعودي,الشملي,حائل,1,370
سعودي,الشملي,حائل,2,311
سعودي,الشملي,حائل,3,305
سعودي,الشملي,حائل,4,299
سعودي,الشملي,حائل,5,315
سعودي,الشملي,حائل,6,420
سعودي,الشملي,حائل,7,291
سعودي,الشملي,حائل,8,238
سعودي,الشملي,حائل,9,150
سعودي,الشملي,حائل,10+,375
غير سعودي,الشملي,حائل,1,665
غير سعودي,الشملي,حائل,2,456
غير سعودي,الشملي,حائل,3,137
غير سعودي,الشملي,حائل,4,72
غير سعودي,الشملي,حائل,5,43
غير سعودي,الشملي,حائل,6,32
غير سعودي,الشملي,حائل,7,23
غير سعودي,الشملي,حائل,8,9
غير سعودي,الشملي,حائل,9,7
غير سعودي,الشملي,حائل,10+,26
سعودي,الشنان,حائل,1,425
سعودي,الشنان,حائل,2,328
سعودي,الشنان,حائل,3,373
سعودي,الشنان,حائل,4,409
سعودي,الشنان,حائل,5,424
سعودي,الشنان,حائل,6,572
سعودي,الشنان,حائل,7,425
سعودي,الشنان,حائل,8,333
سعودي,الشنان,حائل,9,207
سعودي,الشنان,حائل,10+,363
غير سعودي,الشنان,حائل,1,2472
غير سعودي,الشنان,حائل,2,671
غير سعودي,الشنان,حائل,3,184
غير سعودي,الشنان,حائل,4,71
غير سعودي,الشنان,حائل,5,53
غير سعودي,الشنان,حائل,6,40
غير سعودي,الشنان,حائل,7,31
غير سعودي,الشنان,حائل,8,23
غير سعودي,الشنان,حائل,9,18
غير سعودي,الشنان,حائل,10+,43
سعودي,الغزالة,حائل,1,406
سعودي,الغزالة,حائل,2,192
سعودي,الغزالة,حائل,3,166
سعودي,الغزالة,حائل,4,199
سعودي,الغزالة,حائل,5,203
سعودي,الغزالة,حائل,6,275
سعودي,الغزالة,حائل,7,203
سعودي,الغزالة,حائل,8,132
سعودي,الغزالة,حائل,9,109
سعودي,الغزالة,حائل,10+,226
غير سعودي,الغزالة,حائل,1,424
غير سعودي,الغزالة,حائل,2,191
غير سعودي,الغزالة,حائل,3,70
غير سعودي,الغزالة,حائل,4,34
غير سعودي,الغزالة,حائل,5,23
غير سعودي,الغزالة,حائل,6,14
غير سعودي,الغزالة,حائل,7,10
غير سعودي,الغزالة,حائل,8,2
غير سعودي,الغزالة,حائل,9,3
غير سعودي,الغزالة,حائل,10+,12
سعودي,بقعاء,حائل,1,1071
سعودي,بقعاء,حائل,2,820
سعودي,بقعاء,حائل,3,773
سعودي,بقعاء,حائل,4,862
سعودي,بقعاء,حائل,5,915
سعودي,بقعاء,حائل,6,1122
سعودي,بقعاء,حائل,7,910
سعودي,بقعاء,حائل,8,608
سعودي,بقعاء,حائل,9,376
سعودي,بقعاء,حائل,10+,614
غير سعودي,بقعاء,حائل,1,2566
غير سعودي,بقعاء,حائل,2,1319
غير سعودي,بقعاء,حائل,3,557
غير سعودي,بقعاء,حائل,4,228
غير سعودي,بقعاء,حائل,5,158
غير سعودي,بقعاء,حائل,6,105
غير سعودي,بقعاء,حائل,7,121
غير سعودي,بقعاء,حائل,8,53
غير سعودي,بقعاء,حائل,9,27
غير سعودي,بقعاء,حائل,10+,69
سعودي,حائل(مقر الامارة),حائل,1,8794
سعودي,حائل(مقر الامارة),حائل,2,6094
سعودي,حائل(مقر الامارة),حائل,3,6143
سعودي,حائل(مقر الامارة),حائل,4,7277
سعودي,حائل(مقر الامارة),حائل,5,7801
سعودي,حائل(مقر الامارة),حائل,6,9553
سعودي,حائل(مقر الامارة),حائل,7,8048
سعودي,حائل(مقر الامارة),حائل,8,5427
سعودي,حائل(مقر الامارة),حائل,9,3235
سعودي,حائل(مقر الامارة),حائل,10+,4621
غير سعودي,حائل(مقر الامارة),حائل,1,25370
غير سعودي,حائل(مقر الامارة),حائل,2,18027
غير سعودي,حائل(مقر الامارة),حائل,3,5217
غير سعودي,حائل(مقر الامارة),حائل,4,2145
غير سعودي,حائل(مقر الامارة),حائل,5,1615
غير سعودي,حائل(مقر الامارة),حائل,6,1337
غير سعودي,حائل(مقر الامارة),حائل,7,825
غير سعودي,حائل(مقر الامارة),حائل,8,392
غير سعودي,حائل(مقر الامارة),حائل,9,259
غير سعودي,حائل(مقر الامارة),حائل,10+,864
سعودي,سميراء,حائل,1,511
سعودي,سميراء,حائل,2,352
سعودي,سميراء,حائل,3,282
سعودي,سميراء,حائل,4,330
سعودي,سميراء,حائل,5,361
سعودي,سميراء,حائل,6,411
سعودي,سميراء,حائل,7,309
سعودي,سميراء,حائل,8,221
سعودي,سميراء,حائل,9,159
سعودي,سميراء,حائل,10+,290
غير سعودي,سميراء,حائل,1,518
غير سعودي,سميراء,حائل,2,194
غير سعودي,سميراء,حائل,3,79
غير سعودي,سميراء,حائل,4,27
غير سعودي,سميراء,حائل,5,17
غير سعودي,سميراء,حائل,6,30
غير سعودي,سميراء,حائل,7,14
غير سعودي,سميراء,حائل,8,6
غير سعودي,سميراء,حائل,9,2
غير سعودي,سميراء,حائل,10+,12
سعودي,موقق,حائل,1,520
سعودي,موقق,حائل,2,276
سعودي,موقق,حائل,3,258
سعودي,موقق,حائل,4,266
سعودي,موقق,حائل,5,314
سعودي,موقق,حائل,6,395
سعودي,موقق,حائل,7,301
سعودي,موقق,حائل,8,207
سعودي,موقق,حائل,9,157
سعودي,موقق,حائل,10+,261
غير سعودي,موقق,حائل,1,497
غير سعودي,موقق,حائل,2,144
غير سعودي,موقق,حائل,3,61
غير سعودي,موقق,حائل,4,21
غير سعودي,موقق,حائل,5,20
غير سعودي,موقق,حائل,6,12
غير سعودي,موقق,حائل,7,7
غير سعودي,موقق,حائل,8,3
غير سعودي,موقق,حائل,9,1
غير سعودي,موقق,حائل,10+,18
سعودي,ابها (مقر الإمارة),عسير,1,9055
سعودي,ابها (مقر الإمارة),عسير,2,6025
سعودي,ابها (مقر الإمارة),عسير,3,6562
سعودي,ابها (مقر الإمارة),عسير,4,8165
سعودي,ابها (مقر الإمارة),عسير,5,8466
سعودي,ابها (مقر الإمارة),عسير,6,9002
سعودي,ابها (مقر الإمارة),عسير,7,7002
سعودي,ابها (مقر الإمارة),عسير,8,4007
سعودي,ابها (مقر الإمارة),عسير,9,2194
سعودي,ابها (مقر الإمارة),عسير,10+,2642
غير سعودي,ابها (مقر الإمارة),عسير,1,16576
غير سعودي,ابها (مقر الإمارة),عسير,2,14329
غير سعودي,ابها (مقر الإمارة),عسير,3,4052
غير سعودي,ابها (مقر الإمارة),عسير,4,1712
غير سعودي,ابها (مقر الإمارة),عسير,5,1288
غير سعودي,ابها (مقر الإمارة),عسير,6,1162
غير سعودي,ابها (مقر الإمارة),عسير,7,660
غير سعودي,ابها (مقر الإمارة),عسير,8,337
غير سعودي,ابها (مقر الإمارة),عسير,9,234
غير سعودي,ابها (مقر الإمارة),عسير,10+,879
سعودي,احد رفيدة,عسير,1,1952
سعودي,احد رفيدة,عسير,2,1674
سعودي,احد رفيدة,عسير,3,1709
سعودي,احد رفيدة,عسير,4,2102
سعودي,احد رفيدة,عسير,5,2307
سعودي,احد رفيدة,عسير,6,2832
سعودي,احد رفيدة,عسير,7,1969
سعودي,احد رفيدة,عسير,8,1268
سعودي,احد رفيدة,عسير,9,785
سعودي,احد رفيدة,عسير,10+,992
غير سعودي,احد رفيدة,عسير,1,2656
غير سعودي,احد رفيدة,عسير,2,1779
غير سعودي,احد رفيدة,عسير,3,571
غير سعودي,احد رفيدة,عسير,4,296
غير سعودي,احد رفيدة,عسير,5,221
غير سعودي,احد رفيدة,عسير,6,192
غير سعودي,احد رفيدة,عسير,7,114
غير سعودي,احد رفيدة,عسير,8,86
غير سعودي,احد رفيدة,عسير,9,45
غير سعودي,احد رفيدة,عسير,10+,141
سعودي,الا مواة,عسير,1,716
سعودي,الا مواة,عسير,2,270
سعودي,الا مواة,عسير,3,168
سعودي,الا مواة,عسير,4,189
سعودي,الا مواة,عسير,5,181
سعودي,الا مواة,عسير,6,230
سعودي,الا مواة,عسير,7,167
سعودي,الا مواة,عسير,8,90
سعودي,الا مواة,عسير,9,78
سعودي,الا مواة,عسير,10+,214
غير سعودي,الا مواة,عسير,1,271
غير سعودي,الا مواة,عسير,2,84
غير سعودي,الا مواة,عسير,3,24
غير سعودي,الا مواة,عسير,4,10
غير سعودي,الا مواة,عسير,5,8
غير سعودي,الا مواة,عسير,6,6
غير سعودي,الا مواة,عسير,7,4
غير سعودي,الا مواة,عسير,8,1
غير سعودي,الا مواة,عسير,9,1
غير سعودي,الا مواة,عسير,10+,1
سعودي,البرك,عسير,1,399
سعودي,البرك,عسير,2,491
سعودي,البرك,عسير,3,576
سعودي,البرك,عسير,4,664
سعودي,البرك,عسير,5,543
سعودي,البرك,عسير,6,530
سعودي,البرك,عسير,7,447
سعودي,البرك,عسير,8,235
سعودي,البرك,عسير,9,142
سعودي,البرك,عسير,10+,243
غير سعودي,البرك,عسير,1,275
غير سعودي,البرك,عسير,2,218
غير سعودي,البرك,عسير,3,72
غير سعودي,البرك,عسير,4,17
غير سعودي,البرك,عسير,5,22
غير سعودي,البرك,عسير,6,9
غير سعودي,البرك,عسير,7,5
غير سعودي,البرك,عسير,8,6
غير سعودي,البرك,عسير,9,6
غير سعودي,البرك,عسير,10+,10
سعودي,الحرجة,عسير,1,257
سعودي,الحرجة,عسير,2,238
سعودي,الحرجة,عسير,3,234
سعودي,الحرجة,عسير,4,257
سعودي,الحرجة,عسير,5,342
سعودي,الحرجة,عسير,6,380
سعودي,الحرجة,عسير,7,373
سعودي,الحرجة,عسير,8,207
سعودي,الحرجة,عسير,9,137
سعودي,الحرجة,عسير,10+,289
غير سعودي,الحرجة,عسير,1,653
غير سعودي,الحرجة,عسير,2,299
غير سعودي,الحرجة,عسير,3,83
غير سعودي,الحرجة,عسير,4,38
غير سعودي,الحرجة,عسير,5,29
غير سعودي,الحرجة,عسير,6,47
غير سعودي,الحرجة,عسير,7,25
غير سعودي,الحرجة,عسير,8,12
غير سعودي,الحرجة,عسير,9,3
غير سعودي,الحرجة,عسير,10+,19
سعودي,المجاردة,عسير,1,1135
سعودي,المجاردة,عسير,2,1041
سعودي,المجاردة,عسير,3,1001
سعودي,المجاردة,عسير,4,1072
سعودي,المجاردة,عسير,5,1064
سعودي,المجاردة,عسير,6,1075
سعودي,المجاردة,عسير,7,887
سعودي,المجاردة,عسير,8,550
سعودي,المجاردة,عسير,9,287
سعودي,المجاردة,عسير,10+,365
غير سعودي,المجاردة,عسير,1,1189
غير سعودي,المجاردة,عسير,2,834
غير سعودي,المجاردة,عسير,3,354
غير سعودي,المجاردة,عسير,4,146
غير سعودي,المجاردة,عسير,5,87
غير سعودي,المجاردة,عسير,6,80
غير سعودي,المجاردة,عسير,7,43
غير سعودي,المجاردة,عسير,8,32
غير سعودي,المجاردة,عسير,9,16
غير سعودي,المجاردة,عسير,10+,61
سعودي,النماص,عسير,1,843
سعودي,النماص,عسير,2,619
سعودي,النماص,عسير,3,575
سعودي,النماص,عسير,4,731
سعودي,النماص,عسير,5,693
سعودي,النماص,عسير,6,800
سعودي,النماص,عسير,7,561
سعودي,النماص,عسير,8,326
سعودي,النماص,عسير,9,180
سعودي,النماص,عسير,10+,222
غير سعودي,النماص,عسير,1,1490
غير سعودي,النماص,عسير,2,1463
غير سعودي,النماص,عسير,3,633
غير سعودي,النماص,عسير,4,249
غير سعودي,النماص,عسير,5,149
غير سعودي,النماص,عسير,6,109
غير سعودي,النماص,عسير,7,62
غير سعودي,النماص,عسير,8,41
غير سعودي,النماص,عسير,9,18
غير سعودي,النماص,عسير,10+,81
سعودي,بارق,عسير,1,1166
سعودي,بارق,عسير,2,928
سعودي,بارق,عسير,3,903
سعودي,بارق,عسير,4,1011
سعودي,بارق,عسير,5,1083
سعودي,بارق,عسير,6,1106
سعودي,بارق,عسير,7,991
سعودي,بارق,عسير,8,503
سعودي,بارق,عسير,9,303
سعودي,بارق,عسير,10+,387
غير سعودي,بارق,عسير,1,1242
غير سعودي,بارق,عسير,2,285
غير سعودي,بارق,عسير,3,144
غير سعودي,بارق,عسير,4,71
غير سعودي,بارق,عسير,5,38
غير سعودي,بارق,عسير,6,26
غير سعودي,بارق,عسير,7,13
غير سعودي,بارق,عسير,8,5
غير سعودي,بارق,عسير,9,4
غير سعودي,بارق,عسير,10+,36
سعودي,بالقرن,عسير,1,1052
سعودي,بالقرن,عسير,2,1005
سعودي,بالقرن,عسير,3,913
سعودي,بالقرن,عسير,4,1081
سعودي,بالقرن,عسير,5,1180
سعودي,بالقرن,عسير,6,1343
سعودي,بالقرن,عسير,7,1098
سعودي,بالقرن,عسير,8,669
سعودي,بالقرن,عسير,9,380
سعودي,بالقرن,عسير,10+,535
غير سعودي,بالقرن,عسير,1,2005
غير سعودي,بالقرن,عسير,2,1382
غير سعودي,بالقرن,عسير,3,527
غير سعودي,بالقرن,عسير,4,214
غير سعودي,بالقرن,عسير,5,153
غير سعودي,بالقرن,عسير,6,136
غير سعودي,بالقرن,عسير,7,72
غير سعودي,بالقرن,عسير,8,59
غير سعودي,بالقرن,عسير,9,20
غير سعودي,بالقرن,عسير,10+,107
سعودي,بيشة,عسير,1,4084
سعودي,بيشة,عسير,2,2947
سعودي,بيشة,عسير,3,3137
سعودي,بيشة,عسير,4,3481
سعودي,بيشة,عسير,5,3723
سعودي,بيشة,عسير,6,4614
سعودي,بيشة,عسير,7,3502
سعودي,بيشة,عسير,8,2236
سعودي,بيشة,عسير,9,1357
سعودي,بيشة,عسير,10+,1924
غير سعودي,بيشة,عسير,1,7041
غير سعودي,بيشة,عسير,2,4791
غير سعودي,بيشة,عسير,3,1431
غير سعودي,بيشة,عسير,4,582
غير سعودي,بيشة,عسير,5,520
غير سعودي,بيشة,عسير,6,419
غير سعودي,بيشة,عسير,7,244
غير سعودي,بيشة,عسير,8,129
غير سعودي,بيشة,عسير,9,115
غير سعودي,بيشة,عسير,10+,388
سعودي,تثليث,عسير,1,1158
سعودي,تثليث,عسير,2,656
سعودي,تثليث,عسير,3,664
سعودي,تثليث,عسير,4,589
سعودي,تثليث,عسير,5,569
سعودي,تثليث,عسير,6,681
سعودي,تثليث,عسير,7,602
سعودي,تثليث,عسير,8,455
سعودي,تثليث,عسير,9,289
سعودي,تثليث,عسير,10+,600
غير سعودي,تثليث,عسير,1,568
غير سعودي,تثليث,عسير,2,774
غير سعودي,تثليث,عسير,3,253
غير سعودي,تثليث,عسير,4,60
غير سعودي,تثليث,عسير,5,36
غير سعودي,تثليث,عسير,6,20
غير سعودي,تثليث,عسير,7,13
غير سعودي,تثليث,عسير,8,17
غير سعودي,تثليث,عسير,9,5
غير سعودي,تثليث,عسير,10+,33
سعودي,تنومة,عسير,1,368
سعودي,تنومة,عسير,2,343
سعودي,تنومة,عسير,3,303
سعودي,تنومة,عسير,4,300
سعودي,تنومة,عسير,5,313
سعودي,تنومة,عسير,6,378
سعودي,تنومة,عسير,7,307
سعودي,تنومة,عسير,8,165
سعودي,تنومة,عسير,9,78
سعودي,تنومة,عسير,10+,101
غير سعودي,تنومة,عسير,1,665
غير سعودي,تنومة,عسير,2,528
غير سعودي,تنومة,عسير,3,237
غير سعودي,تنومة,عسير,4,97
غير سعودي,تنومة,عسير,5,85
غير سعودي,تنومة,عسير,6,61
غير سعودي,تنومة,عسير,7,38
غير سعودي,تنومة,عسير,8,23
غير سعودي,تنومة,عسير,9,11
غير سعودي,تنومة,عسير,10+,31
سعودي,خميس  مشيط,عسير,1,9676
سعودي,خميس  مشيط,عسير,2,7229
سعودي,خميس  مشيط,عسير,3,8158
سعودي,خميس  مشيط,عسير,4,9977
سعودي,خميس  مشيط,عسير,5,10718
سعودي,خميس  مشيط,عسير,6,12283
سعودي,خميس  مشيط,عسير,7,9198
سعودي,خميس  مشيط,عسير,8,5312
سعودي,خميس  مشيط,عسير,9,3093
سعودي,خميس  مشيط,عسير,10+,3712
غير سعودي,خميس  مشيط,عسير,1,28741
غير سعودي,خميس  مشيط,عسير,2,24607
غير سعودي,خميس  مشيط,عسير,3,6861
غير سعودي,خميس  مشيط,عسير,4,2990
غير سعودي,خميس  مشيط,عسير,5,2416
غير سعودي,خميس  مشيط,عسير,6,1913
غير سعودي,خميس  مشيط,عسير,7,1156
غير سعودي,خميس  مشيط,عسير,8,622
غير سعودي,خميس  مشيط,عسير,9,347
غير سعودي,خميس  مشيط,عسير,10+,1504
سعودي,رجال المع,عسير,1,1217
سعودي,رجال المع,عسير,2,911
سعودي,رجال المع,عسير,3,978
سعودي,رجال المع,عسير,4,1068
سعودي,رجال المع,عسير,5,1167
سعودي,رجال المع,عسير,6,1326
سعودي,رجال المع,عسير,7,1067
سعودي,رجال المع,عسير,8,559
سعودي,رجال المع,عسير,9,351
سعودي,رجال المع,عسير,10+,488
غير سعودي,رجال المع,عسير,1,1119
غير سعودي,رجال المع,عسير,2,427
غير سعودي,رجال المع,عسير,3,152
غير سعودي,رجال المع,عسير,4,78
غير سعودي,رجال المع,عسير,5,70
غير سعودي,رجال المع,عسير,6,50
غير سعودي,رجال المع,عسير,7,39
غير سعودي,رجال المع,عسير,8,16
غير سعودي,رجال المع,عسير,9,19
غير سعودي,رجال المع,عسير,10+,51
سعودي,سراة عبيدة,عسير,1,907
سعودي,سراة عبيدة,عسير,2,775
سعودي,سراة عبيدة,عسير,3,743
سعودي,سراة عبيدة,عسير,4,830
سعودي,سراة عبيدة,عسير,5,810
سعودي,سراة عبيدة,عسير,6,1165
سعودي,سراة عبيدة,عسير,7,924
سعودي,سراة عبيدة,عسير,8,670
سعودي,سراة عبيدة,عسير,9,416
سعودي,سراة عبيدة,عسير,10+,999
غير سعودي,سراة عبيدة,عسير,1,1369
غير سعودي,سراة عبيدة,عسير,2,1216
غير سعودي,سراة عبيدة,عسير,3,431
غير سعودي,سراة عبيدة,عسير,4,113
غير سعودي,سراة عبيدة,عسير,5,82
غير سعودي,سراة عبيدة,عسير,6,64
غير سعودي,سراة عبيدة,عسير,7,28
غير سعودي,سراة عبيدة,عسير,8,27
غير سعودي,سراة عبيدة,عسير,9,9
غير سعودي,سراة عبيدة,عسير,10+,67
سعودي,طريب,عسير,1,597
سعودي,طريب,عسير,2,340
سعودي,طريب,عسير,3,349
سعودي,طريب,عسير,4,427
سعودي,طريب,عسير,5,408
سعودي,طريب,عسير,6,518
سعودي,طريب,عسير,7,377
سعودي,طريب,عسير,8,235
سعودي,طريب,عسير,9,160
سعودي,طريب,عسير,10+,347
غير سعودي,طريب,عسير,1,689
غير سعودي,طريب,عسير,2,299
غير سعودي,طريب,عسير,3,89
غير سعودي,طريب,عسير,4,34
غير سعودي,طريب,عسير,5,26
غير سعودي,طريب,عسير,6,19
غير سعودي,طريب,عسير,7,6
غير سعودي,طريب,عسير,8,8
غير سعودي,طريب,عسير,9,3
غير سعودي,طريب,عسير,10+,13
سعودي,ظهران الجنوب,عسير,1,527
سعودي,ظهران الجنوب,عسير,2,432
سعودي,ظهران الجنوب,عسير,3,437
سعودي,ظهران الجنوب,عسير,4,483
سعودي,ظهران الجنوب,عسير,5,487
سعودي,ظهران الجنوب,عسير,6,623
سعودي,ظهران الجنوب,عسير,7,464
سعودي,ظهران الجنوب,عسير,8,325
سعودي,ظهران الجنوب,عسير,9,207
سعودي,ظهران الجنوب,عسير,10+,502
غير سعودي,ظهران الجنوب,عسير,1,874
غير سعودي,ظهران الجنوب,عسير,2,551
غير سعودي,ظهران الجنوب,عسير,3,252
غير سعودي,ظهران الجنوب,عسير,4,91
غير سعودي,ظهران الجنوب,عسير,5,67
غير سعودي,ظهران الجنوب,عسير,6,53
غير سعودي,ظهران الجنوب,عسير,7,40
غير سعودي,ظهران الجنوب,عسير,8,21
غير سعودي,ظهران الجنوب,عسير,9,10
غير سعودي,ظهران الجنوب,عسير,10+,60
سعودي,محايل,عسير,1,3982
سعودي,محايل,عسير,2,3756
سعودي,محايل,عسير,3,4186
سعودي,محايل,عسير,4,5017
سعودي,محايل,عسير,5,5097
سعودي,محايل,عسير,6,5212
سعودي,محايل,عسير,7,4124
سعودي,محايل,عسير,8,2400
سعودي,محايل,عسير,9,1343
سعودي,محايل,عسير,10+,2010
غير سعودي,محايل,عسير,1,5219
غير سعودي,محايل,عسير,2,4392
غير سعودي,محايل,عسير,3,1450
غير سعودي,محايل,عسير,4,529
غير سعودي,محايل,عسير,5,351
غير سعودي,محايل,عسير,6,304
غير سعودي,محايل,عسير,7,202
غير سعودي,محايل,عسير,8,116
غير سعودي,محايل,عسير,9,86
غير سعودي,محايل,عسير,10+,369
سعودي,أضم,مكة المكرمة,1,701
سعودي,أضم,مكة المكرمة,2,438
سعودي,أضم,مكة المكرمة,3,522
سعودي,أضم,مكة المكرمة,4,607
سعودي,أضم,مكة المكرمة,5,658
سعودي,أضم,مكة المكرمة,6,737
سعودي,أضم,مكة المكرمة,7,656
سعودي,أضم,مكة المكرمة,8,354
سعودي,أضم,مكة المكرمة,9,267
سعودي,أضم,مكة المكرمة,10+,553
غير سعودي,أضم,مكة المكرمة,1,862
غير سعودي,أضم,مكة المكرمة,2,210
غير سعودي,أضم,مكة المكرمة,3,96
غير سعودي,أضم,مكة المكرمة,4,79
غير سعودي,أضم,مكة المكرمة,5,64
غير سعودي,أضم,مكة المكرمة,6,73
غير سعودي,أضم,مكة المكرمة,7,67
غير سعودي,أضم,مكة المكرمة,8,22
غير سعودي,أضم,مكة المكرمة,9,11
غير سعودي,أضم,مكة المكرمة,10+,33
سعودي,الجموم,مكة المكرمة,1,2109
سعودي,الجموم,مكة المكرمة,2,1603
سعودي,الجموم,مكة المكرمة,3,1689
سعودي,الجموم,مكة المكرمة,4,2047
سعودي,الجموم,مكة المكرمة,5,1989
سعودي,الجموم,مكة المكرمة,6,2122
سعودي,الجموم,مكة المكرمة,7,1508
سعودي,الجموم,مكة المكرمة,8,823
سعودي,الجموم,مكة المكرمة,9,424
سعودي,الجموم,مكة المكرمة,10+,643
غير سعودي,الجموم,مكة المكرمة,1,3279
غير سعودي,الجموم,مكة المكرمة,2,1500
غير سعودي,الجموم,مكة المكرمة,3,680
غير سعودي,الجموم,مكة المكرمة,4,355
غير سعودي,الجموم,مكة المكرمة,5,290
غير سعودي,الجموم,مكة المكرمة,6,283
غير سعودي,الجموم,مكة المكرمة,7,172
غير سعودي,الجموم,مكة المكرمة,8,89
غير سعودي,الجموم,مكة المكرمة,9,50
غير سعودي,الجموم,مكة المكرمة,10+,138
سعودي,الخرمة,مكة المكرمة,1,837
سعودي,الخرمة,مكة المكرمة,2,647
سعودي,الخرمة,مكة المكرمة,3,678
سعودي,الخرمة,مكة المكرمة,4,719
سعودي,الخرمة,مكة المكرمة,5,734
سعودي,الخرمة,مكة المكرمة,6,855
سعودي,الخرمة,مكة المكرمة,7,676
سعودي,الخرمة,مكة المكرمة,8,413
سعودي,الخرمة,مكة المكرمة,9,245
سعودي,الخرمة,مكة المكرمة,10+,462
غير سعودي,الخرمة,مكة المكرمة,1,1272
غير سعودي,الخرمة,مكة المكرمة,2,537
غير سعودي,الخرمة,مكة المكرمة,3,202
غير سعودي,الخرمة,مكة المكرمة,4,121
غير سعودي,الخرمة,مكة المكرمة,5,91
غير سعودي,الخرمة,مكة المكرمة,6,79
غير سعودي,الخرمة,مكة المكرمة,7,41
غير سعودي,الخرمة,مكة المكرمة,8,22
غير سعودي,الخرمة,مكة المكرمة,9,19
غير سعودي,الخرمة,مكة المكرمة,10+,56
سعودي,الطائف,مكة المكرمة,1,19616
سعودي,الطائف,مكة المكرمة,2,15775
سعودي,الطائف,مكة المكرمة,3,16516
سعودي,الطائف,مكة المكرمة,4,19733
سعودي,الطائف,مكة المكرمة,5,20264
سعودي,الطائف,مكة المكرمة,6,21465
سعودي,الطائف,مكة المكرمة,7,15129
سعودي,الطائف,مكة المكرمة,8,8701
سعودي,الطائف,مكة المكرمة,9,4647
سعودي,الطائف,مكة المكرمة,10+,5203
غير سعودي,الطائف,مكة المكرمة,1,31818
غير سعودي,الطائف,مكة المكرمة,2,19848
غير سعودي,الطائف,مكة المكرمة,3,8238
غير سعودي,الطائف,مكة المكرمة,4,4724
غير سعودي,الطائف,مكة المكرمة,5,3938
غير سعودي,الطائف,مكة المكرمة,6,3376
غير سعودي,الطائف,مكة المكرمة,7,2295
غير سعودي,الطائف,مكة المكرمة,8,1170
غير سعودي,الطائف,مكة المكرمة,9,551
غير سعودي,الطائف,مكة المكرمة,10+,1410
سعودي,العرضيات,مكة المكرمة,1,1954
سعودي,العرضيات,مكة المكرمة,2,1499
سعودي,العرضيات,مكة المكرمة,3,1351
سعودي,العرضيات,مكة المكرمة,4,1534
سعودي,العرضيات,مكة المكرمة,5,1458
سعودي,العرضيات,مكة المكرمة,6,1605
سعودي,العرضيات,مكة المكرمة,7,1290
سعودي,العرضيات,مكة المكرمة,8,661
سعودي,العرضيات,مكة المكرمة,9,388
سعودي,العرضيات,مكة المكرمة,10+,501
غير سعودي,العرضيات,مكة المكرمة,1,2007
غير سعودي,العرضيات,مكة المكرمة,2,775
غير سعودي,العرضيات,مكة المكرمة,3,460
غير سعودي,العرضيات,مكة المكرمة,4,234
غير سعودي,العرضيات,مكة المكرمة,5,154
غير سعودي,العرضيات,مكة المكرمة,6,111
غير سعودي,العرضيات,مكة المكرمة,7,73
غير سعودي,العرضيات,مكة المكرمة,8,36
غير سعودي,العرضيات,مكة المكرمة,9,25
غير سعودي,العرضيات,مكة المكرمة,10+,43
سعودي,القنفذة,مكة المكرمة,1,5083
سعودي,القنفذة,مكة المكرمة,2,4110
سعودي,القنفذة,مكة المكرمة,3,4218
سعودي,القنفذة,مكة المكرمة,4,4946
سعودي,القنفذة,مكة المكرمة,5,4689
سعودي,القنفذة,مكة المكرمة,6,4834
سعودي,القنفذة,مكة المكرمة,7,3623
سعودي,القنفذة,مكة المكرمة,8,1987
سعودي,القنفذة,مكة المكرمة,9,1115
سعودي,القنفذة,مكة المكرمة,10+,1389
غير سعودي,القنفذة,مكة المكرمة,1,5767
غير سعودي,القنفذة,مكة المكرمة,2,3903
غير سعودي,القنفذة,مكة المكرمة,3,1656
غير سعودي,القنفذة,مكة المكرمة,4,891
غير سعودي,القنفذة,مكة المكرمة,5,579
غير سعودي,القنفذة,مكة المكرمة,6,494
غير سعودي,القنفذة,مكة المكرمة,7,310
غير سعودي,القنفذة,مكة المكرمة,8,195
غير سعودي,القنفذة,مكة المكرمة,9,102
غير سعودي,القنفذة,مكة المكرمة,10+,377
سعودي,الكامل,مكة المكرمة,1,665
سعودي,الكامل,مكة المكرمة,2,271
سعودي,الكامل,مكة المكرمة,3,250
سعودي,الكامل,مكة المكرمة,4,303
سعودي,الكامل,مكة المكرمة,5,283
سعودي,الكامل,مكة المكرمة,6,320
سعودي,الكامل,مكة المكرمة,7,251
سعودي,الكامل,مكة المكرمة,8,154
سعودي,الكامل,مكة المكرمة,9,78
سعودي,الكامل,مكة المكرمة,10+,134
غير سعودي,الكامل,مكة المكرمة,1,798
غير سعودي,الكامل,مكة المكرمة,2,178
غير سعودي,الكامل,مكة المكرمة,3,73
غير سعودي,الكامل,مكة المكرمة,4,53
غير سعودي,الكامل,مكة المكرمة,5,41
غير سعودي,الكامل,مكة المكرمة,6,31
غير سعودي,الكامل,مكة المكرمة,7,19
غير سعودي,الكامل,مكة المكرمة,8,7
غير سعودي,الكامل,مكة المكرمة,9,3
غير سعودي,الكامل,مكة المكرمة,10+,18
سعودي,الليث,مكة المكرمة,1,2260
سعودي,الليث,مكة المكرمة,2,1542
سعودي,الليث,مكة المكرمة,3,1433
سعودي,الليث,مكة المكرمة,4,1586
سعودي,الليث,مكة المكرمة,5,1536
سعودي,الليث,مكة المكرمة,6,1656
سعودي,الليث,مكة المكرمة,7,1294
سعودي,الليث,مكة المكرمة,8,757
سعودي,الليث,مكة المكرمة,9,469
سعودي,الليث,مكة المكرمة,10+,704
غير سعودي,الليث,مكة المكرمة,1,2830
غير سعودي,الليث,مكة المكرمة,2,906
غير سعودي,الليث,مكة المكرمة,3,374
غير سعودي,الليث,مكة المكرمة,4,216
غير سعودي,الليث,مكة المكرمة,5,177
غير سعودي,الليث,مكة المكرمة,6,142
غير سعودي,الليث,مكة المكرمة,7,61
غير سعودي,الليث,مكة المكرمة,8,25
غير سعودي,الليث,مكة المكرمة,9,20
غير سعودي,الليث,مكة المكرمة,10+,86
سعودي,الموية,مكة المكرمة,1,949
سعودي,الموية,مكة المكرمة,2,622
سعودي,الموية,مكة المكرمة,3,598
سعودي,الموية,مكة المكرمة,4,669
سعودي,الموية,مكة المكرمة,5,697
سعودي,الموية,مكة المكرمة,6,738
سعودي,الموية,مكة المكرمة,7,501
سعودي,الموية,مكة المكرمة,8,322
سعودي,الموية,مكة المكرمة,9,191
سعودي,الموية,مكة المكرمة,10+,307
غير سعودي,الموية,مكة المكرمة,1,654
غير سعودي,الموية,مكة المكرمة,2,330
غير سعودي,الموية,مكة المكرمة,3,101
غير سعودي,الموية,مكة المكرمة,4,40
غير سعودي,الموية,مكة المكرمة,5,28
غير سعودي,الموية,مكة المكرمة,6,24
غير سعودي,الموية,مكة المكرمة,7,13
غير سعودي,الموية,مكة المكرمة,8,9
غير سعودي,الموية,مكة المكرمة,9,3
غير سعودي,الموية,مكة المكرمة,10+,20
سعودي,بحرة,مكة المكرمة,1,1742
سعودي,بحرة,مكة المكرمة,2,1380
سعودي,بحرة,مكة المكرمة,3,1496
سعودي,بحرة,مكة المكرمة,4,1795
سعودي,بحرة,مكة المكرمة,5,1739
سعودي,بحرة,مكة المكرمة,6,2017
سعودي,بحرة,مكة المكرمة,7,1283
سعودي,بحرة,مكة المكرمة,8,742
سعودي,بحرة,مكة المكرمة,9,432
سعودي,بحرة,مكة المكرمة,10+,591
غير سعودي,بحرة,مكة المكرمة,1,8186
غير سعودي,بحرة,مكة المكرمة,2,1863
غير سعودي,بحرة,مكة المكرمة,3,582
غير سعودي,بحرة,مكة المكرمة,4,373
غير سعودي,بحرة,مكة المكرمة,5,328
غير سعودي,بحرة,مكة المكرمة,6,361
غير سعودي,بحرة,مكة المكرمة,7,256
غير سعودي,بحرة,مكة المكرمة,8,135
غير سعودي,بحرة,مكة المكرمة,9,66
غير سعودي,بحرة,مكة المكرمة,10+,136
سعودي,تربة,مكة المكرمة,1,1380
سعودي,تربة,مكة المكرمة,2,882
سعودي,تربة,مكة المكرمة,3,862
سعودي,تربة,مكة المكرمة,4,886
سعودي,تربة,مكة المكرمة,5,891
سعودي,تربة,مكة المكرمة,6,996
سعودي,تربة,مكة المكرمة,7,672
سعودي,تربة,مكة المكرمة,8,408
سعودي,تربة,مكة المكرمة,9,247
سعودي,تربة,مكة المكرمة,10+,424
غير سعودي,تربة,مكة المكرمة,1,2134
غير سعودي,تربة,مكة المكرمة,2,528
غير سعودي,تربة,مكة المكرمة,3,226
غير سعودي,تربة,مكة المكرمة,4,113
غير سعودي,تربة,مكة المكرمة,5,88
غير سعودي,تربة,مكة المكرمة,6,84
غير سعودي,تربة,مكة المكرمة,7,43
غير سعودي,تربة,مكة المكرمة,8,19
غير سعودي,تربة,مكة المكرمة,9,15
غير سعودي,تربة,مكة المكرمة,10+,33
سعودي,جدة,مكة المكرمة,1,77008
سعودي,جدة,مكة المكرمة,2,50447
سعودي,جدة,مكة المكرمة,3,52411
سعودي,جدة,مكة المكرمة,4,60767
سعودي,جدة,مكة المكرمة,5,58044
سعودي,جدة,مكة المكرمة,6,53607
سعودي,جدة,مكة المكرمة,7,39142
سعودي,جدة,مكة المكرمة,8,21618
سعودي,جدة,مكة المكرمة,9,10579
سعودي,جدة,مكة المكرمة,10+,11297
غير سعودي,جدة,مكة المكرمة,1,236335
غير سعودي,جدة,مكة المكرمة,2,176998
غير سعودي,جدة,مكة المكرمة,3,76007
غير سعودي,جدة,مكة المكرمة,4,50212
غير سعودي,جدة,مكة المكرمة,5,38705
غير سعودي,جدة,مكة المكرمة,6,31441
غير سعودي,جدة,مكة المكرمة,7,18217
غير سعودي,جدة,مكة المكرمة,8,7665
غير سعودي,جدة,مكة المكرمة,9,3518
غير سعودي,جدة,مكة المكرمة,10+,7890
سعودي,خليص,مكة المكرمة,1,1355
سعودي,خليص,مكة المكرمة,2,1127
سعودي,خليص,مكة المكرمة,3,1201
سعودي,خليص,مكة المكرمة,4,1397
سعودي,خليص,مكة المكرمة,5,1315
سعودي,خليص,مكة المكرمة,6,1306
سعودي,خليص,مكة المكرمة,7,863
سعودي,خليص,مكة المكرمة,8,442
سعودي,خليص,مكة المكرمة,9,232
سعودي,خليص,مكة المكرمة,10+,270
غير سعودي,خليص,مكة المكرمة,1,1984
غير سعودي,خليص,مكة المكرمة,2,788
غير سعودي,خليص,مكة المكرمة,3,365
غير سعودي,خليص,مكة المكرمة,4,182
غير سعودي,خليص,مكة المكرمة,5,156
غير سعودي,خليص,مكة المكرمة,6,113
غير سعودي,خليص,مكة المكرمة,7,74
غير سعودي,خليص,مكة المكرمة,8,39
غير سعودي,خليص,مكة المكرمة,9,20
غير سعودي,خليص,مكة المكرمة,10+,54
سعودي,رابغ,مكة المكرمة,1,2513
سعودي,رابغ,مكة المكرمة,2,1840
سعودي,رابغ,مكة المكرمة,3,2006
سعودي,رابغ,مكة المكرمة,4,2222
سعودي,رابغ,مكة المكرمة,5,2090
سعودي,رابغ,مكة المكرمة,6,2059
سعودي,رابغ,مكة المكرمة,7,1362
سعودي,رابغ,مكة المكرمة,8,719
سعودي,رابغ,مكة المكرمة,9,369
سعودي,رابغ,مكة المكرمة,10+,365
غير سعودي,رابغ,مكة المكرمة,1,5647
غير سعودي,رابغ,مكة المكرمة,2,3247
غير سعودي,رابغ,مكة المكرمة,3,1205
غير سعودي,رابغ,مكة المكرمة,4,817
غير سعودي,رابغ,مكة المكرمة,5,632
غير سعودي,رابغ,مكة المكرمة,6,457
غير سعودي,رابغ,مكة المكرمة,7,250
غير سعودي,رابغ,مكة المكرمة,8,126
غير سعودي,رابغ,مكة المكرمة,9,68
غير سعودي,رابغ,مكة المكرمة,10+,229
سعودي,رنية,مكة المكرمة,1,1621
سعودي,رنية,مكة المكرمة,2,879
سعودي,رنية,مكة المكرمة,3,882
سعودي,رنية,مكة المكرمة,4,939
سعودي,رنية,مكة المكرمة,5,905
سعودي,رنية,مكة المكرمة,6,1009
سعودي,رنية,مكة المكرمة,7,761
سعودي,رنية,مكة المكرمة,8,568
سعودي,رنية,مكة المكرمة,9,339
سعودي,رنية,مكة المكرمة,10+,673
غير سعودي,رنية,مكة المكرمة,1,2280
غير سعودي,رنية,مكة المكرمة,2,626
غير سعودي,رنية,مكة المكرمة,3,292
غير سعودي,رنية,مكة المكرمة,4,190
غير سعودي,رنية,مكة المكرمة,5,128
غير سعودي,رنية,مكة المكرمة,6,83
غير سعودي,رنية,مكة المكرمة,7,41
غير سعودي,رنية,مكة المكرمة,8,34
غير سعودي,رنية,مكة المكرمة,9,26
غير سعودي,رنية,مكة المكرمة,10+,66
سعودي,مكة المكرمة (مقر الإمارة),مكة المكرمة,1,30394
سعودي,مكة المكرمة (مقر الإمارة),مكة المكرمة,2,28087
سعودي,مكة المكرمة (مقر الإمارة),مكة المكرمة,3,32337
سعودي,مكة المكرمة (مقر الإمارة),مكة المكرمة,4,35996
سعودي,مكة المكرمة (مقر الإمارة),مكة المكرمة,5,34420
سعودي,مكة المكرمة (مقر الإمارة),مكة المكرمة,6,31271
سعودي,مكة المكرمة (مقر الإمارة),مكة المكرمة,7,25730
سعودي,مكة المكرمة (مقر الإمارة),مكة المكرمة,8,15795
سعودي,مكة المكرمة (مقر الإمارة),مكة المكرمة,9,8083
سعودي,مكة المكرمة (مقر الإمارة),مكة المكرمة,10+,10782
غير سعودي,مكة المكرمة (مقر الإمارة),مكة المكرمة,1,65964
غير سعودي,مكة المكرمة (مقر الإمارة),مكة المكرمة,2,122477
غير سعودي,مكة المكرمة (مقر الإمارة),مكة المكرمة,3,65472
غير سعودي,مكة المكرمة (مقر الإمارة),مكة المكرمة,4,25163
غير سعودي,مكة المكرمة (مقر الإمارة),مكة المكرمة,5,17621
غير سعودي,مكة المكرمة (مقر الإمارة),مكة المكرمة,6,14613
غير سعودي,مكة المكرمة (مقر الإمارة),مكة المكرمة,7,11508
غير سعودي,مكة المكرمة (مقر الإمارة),مكة المكرمة,8,7464
غير سعودي,مكة المكرمة (مقر الإمارة),مكة المكرمة,9,4004
غير سعودي,مكة المكرمة (مقر الإمارة),مكة المكرمة,10+,9791
سعودي,ميسان,مكة المكرمة,1,1201
سعودي,ميسان,مكة المكرمة,2,635
سعودي,ميسان,مكة المكرمة,3,541
سعودي,ميسان,مكة المكرمة,4,560
سعودي,ميسان,مكة المكرمة,5,625
سعودي,ميسان,مكة المكرمة,6,677
سعودي,ميسان,مكة المكرمة,7,581
سعودي,ميسان,مكة المكرمة,8,314
سعودي,ميسان,مكة المكرمة,9,157
سعودي,ميسان,مكة المكرمة,10+,265
غير سعودي,ميسان,مكة المكرمة,1,2060
غير سعودي,ميسان,مكة المكرمة,2,136
غير سعودي,ميسان,مكة المكرمة,3,59
غير سعودي,ميسان,مكة المكرمة,4,54
غير سعودي,ميسان,مكة المكرمة,5,38
غير سعودي,ميسان,مكة المكرمة,6,35
غير سعودي,ميسان,مكة المكرمة,7,16
غير سعودي,ميسان,مكة المكرمة,8,8
غير سعودي,ميسان,مكة المكرمة,9,5
غير سعودي,ميسان,مكة المكرمة,10+,10
سعودي,بدر الجنوب,نجران,1,160
سعودي,بدر الجنوب,نجران,2,118
سعودي,بدر الجنوب,نجران,3,113
سعودي,بدر الجنوب,نجران,4,107
سعودي,بدر الجنوب,نجران,5,144
سعودي,بدر الجنوب,نجران,6,166
سعودي,بدر الجنوب,نجران,7,182
سعودي,بدر الجنوب,نجران,8,92
سعودي,بدر الجنوب,نجران,9,63
سعودي,بدر الجنوب,نجران,10+,142
غير سعودي,بدر الجنوب,نجران,1,243
غير سعودي,بدر الجنوب,نجران,2,74
غير سعودي,بدر الجنوب,نجران,3,25
غير سعودي,بدر الجنوب,نجران,4,12
غير سعودي,بدر الجنوب,نجران,5,8
غير سعودي,بدر الجنوب,نجران,6,6
غير سعودي,بدر الجنوب,نجران,7,1
غير سعودي,بدر الجنوب,نجران,9,2
غير سعودي,بدر الجنوب,نجران,10+,2
سعودي,ثار,نجران,1,344
سعودي,ثار,نجران,2,209
سعودي,ثار,نجران,3,170
سعودي,ثار,نجران,4,163
سعودي,ثار,نجران,5,181
سعودي,ثار,نجران,6,257
سعودي,ثار,نجران,7,221
سعودي,ثار,نجران,8,144
سعودي,ثار,نجران,9,103
سعودي,ثار,نجران,10+,276
غير سعودي,ثار,نجران,1,612
غير سعودي,ثار,نجران,2,130
غير سعودي,ثار,نجران,3,44
غير سعودي,ثار,نجران,4,41
غير سعودي,ثار,نجران,5,25
غير سعودي,ثار,نجران,6,23
غير سعودي,ثار,نجران,7,8
غير سعودي,ثار,نجران,8,5
غير سعودي,ثار,نجران,9,2
غير سعودي,ثار,نجران,10+,7
سعودي,حبونا,نجران,1,492
سعودي,حبونا,نجران,2,422
سعودي,حبونا,نجران,3,378
سعودي,حبونا,نجران,4,386
سعودي,حبونا,نجران,5,385
سعودي,حبونا,نجران,6,439
سعودي,حبونا,نجران,7,430
سعودي,حبونا,نجران,8,280
سعودي,حبونا,نجران,9,186
سعودي,حبونا,نجران,10+,324
غير سعودي,حبونا,نجران,1,1148
غير سعودي,حبونا,نجران,2,613
غير سعودي,حبونا,نجران,3,247
غير سعودي,حبونا,نجران,4,61
غير سعودي,حبونا,نجران,5,47
غير سعودي,حبونا,نجران,6,51
غير سعودي,حبونا,نجران,7,31
غير سعودي,حبونا,نجران,8,13
غير سعودي,حبونا,نجران,9,13
غير سعودي,حبونا,نجران,10+,44
سعودي,خباش,نجران,1,189
سعودي,خباش,نجران,2,120
سعودي,خباش,نجران,3,139
سعودي,خباش,نجران,4,125
سعودي,خباش,نجران,5,109
سعودي,خباش,نجران,6,162
سعودي,خباش,نجران,7,119
سعودي,خباش,نجران,8,96
سعودي,خباش,نجران,9,73
سعودي,خباش,نجران,10+,130
غير سعودي,خباش,نجران,1,341
غير سعودي,خباش,نجران,2,162
غير سعودي,خباش,نجران,3,51
غير سعودي,خباش,نجران,4,16
غير سعودي,خباش,نجران,5,11
غير سعودي,خباش,نجران,6,9
غير سعودي,خباش,نجران,7,11
غير سعودي,خباش,نجران,8,2
غير سعودي,خباش,نجران,10+,1
سعودي,شرورة,نجران,1,1305
سعودي,شرورة,نجران,2,1128
سعودي,شرورة,نجران,3,1326
سعودي,شرورة,نجران,4,1588
سعودي,شرورة,نجران,5,1549
سعودي,شرورة,نجران,6,1843
سعودي,شرورة,نجران,7,1377
سعودي,شرورة,نجران,8,1023
سعودي,شرورة,نجران,9,605
سعودي,شرورة,نجران,10+,1263
غير سعودي,شرورة,نجران,1,2094
غير سعودي,شرورة,نجران,2,1846
غير سعودي,شرورة,نجران,3,776
غير سعودي,شرورة,نجران,4,392
غير سعودي,شرورة,نجران,5,347
غير سعودي,شرورة,نجران,6,537
غير سعودي,شرورة,نجران,7,561
غير سعودي,شرورة,نجران,8,313
غير سعودي,شرورة,نجران,9,121
غير سعودي,شرورة,نجران,10+,313
سعودي,نجران (مقر الامارة),نجران,1,6745
سعودي,نجران (مقر الامارة),نجران,2,4947
سعودي,نجران (مقر الامارة),نجران,3,5202
سعودي,نجران (مقر الامارة),نجران,4,5736
سعودي,نجران (مقر الامارة),نجران,5,6134
سعودي,نجران (مقر الامارة),نجران,6,7529
سعودي,نجران (مقر الامارة),نجران,7,5914
سعودي,نجران (مقر الامارة),نجران,8,4181
سعودي,نجران (مقر الامارة),نجران,9,2837
سعودي,نجران (مقر الامارة),نجران,10+,5010
غير سعودي,نجران (مقر الامارة),نجران,1,14865
غير سعودي,نجران (مقر الامارة),نجران,2,12291
غير سعودي,نجران (مقر الامارة),نجران,3,4554
غير سعودي,نجران (مقر الامارة),نجران,4,2096
غير سعودي,نجران (مقر الامارة),نجران,5,1871
غير سعودي,نجران (مقر الامارة),نجران,6,1758
غير سعودي,نجران (مقر الامارة),نجران,7,1191
غير سعودي,نجران (مقر الامارة),نجران,8,721
غير سعودي,نجران (مقر الامارة),نجران,9,428
غير سعودي,نجران (مقر الامارة),نجران,10+,1234
سعودي,يدمة,نجران,1,468
سعودي,يدمة,نجران,2,260
سعودي,يدمة,نجران,3,244
سعودي,يدمة,نجران,4,222
سعودي,يدمة,نجران,5,229
سعودي,يدمة,نجران,6,310
سعودي,يدمة,نجران,7,224
سعودي,يدمة,نجران,8,165
سعودي,يدمة,نجران,9,129
سعودي,يدمة,نجران,10+,330
غير سعودي,يدمة,نجران,1,485
غير سعودي,يدمة,نجران,2,226
غير سعودي,يدمة,نجران,3,37
غير سعودي,يدمة,نجران,4,35
غير سعودي,يدمة,نجران,5,20
غير سعودي,يدمة,نجران,6,18
غير سعودي,يدمة,نجران,7,12
غير سعودي,يدمة,نجران,8,11
غير سعودي,يدمة,نجران,9,5
غير سعودي,يدمة,نجران,10+,18
