المنطقة,المدينة,نوع السند الرئيسي,تاريخ القرار ميلادي,الرقم المرجعي
 الرياض,الرياض,أوراق تجارية,2025/04/06,"14,812,785"
 الرياض,الرياض,أوراق تجارية,2025/04/06,"14,812,782"
 الرياض,الرياض,أوراق تجارية,2025/04/06,"14,812,784"
 الرياض,الرياض,احكام و قرارات,2025/04/06,"14,822,377"
 الرياض,الرياض,عقود,2025/04/06,"14,812,383"
 مكة المكرمه,مكة المكرمة,احكام و قرارات,2025/04/06,"14,811,215"
 مكة المكرمه,جده,احكام و قرارات,2025/04/06,"14,815,492"
 مكة المكرمه,جده,احكام و قرارات,2025/04/06,"14,815,489"
 مكة المكرمه,جده,احكام و قرارات,2025/04/06,"14,815,490"
 مكة المكرمه,جده,احكام و قرارات,2025/04/06,"14,815,486"
 مكة المكرمه,جده,احكام و قرارات,2025/04/06,"14,812,434"
 مكة المكرمه,جده,احكام و قرارات,2025/04/06,"14,815,485"
 مكة المكرمه,جده,احكام و قرارات,2025/04/06,"14,815,487"
 مكة المكرمه,جده,أوراق تجارية,2025/04/06,"14,811,251"
 مكة المكرمه,جده,احكام و قرارات,2025/04/06,"14,821,610"
 مكة المكرمه,جده,أوراق تجارية إلكترونية,2025/04/06,"14,809,823"
 مكة المكرمه,جده,أوراق تجارية إلكترونية,2025/04/06,"14,809,822"
 مكة المكرمه,الطائف,احكام و قرارات,2025/04/06,"14,813,032"
 الشرقية,الدمام,اخلاء,2025/04/06,"14,805,300"
 الشرقية,الدمام,احكام و قرارات,2025/04/06,"14,809,610"
 عسير,ابها,اخلاء,2025/04/06,"14,815,186"
 جازان,جيزان,اخلاء,2025/04/06,"14,814,356"
 جازان,جيزان,اخلاء,2025/04/06,"14,814,357"
 جازان,جيزان,اخلاء,2025/04/06,"14,814,354"
 جازان,جيزان,اخلاء,2025/04/06,"14,814,355"
 الرياض,الرياض,احكام و قرارات,2025/04/07,"14,827,086"
 الرياض,الرياض,عقود,2025/04/07,"14,827,313"
 الرياض,الرياض,أوراق تجارية إلكترونية,2025/04/07,"14,824,102"
 مكة المكرمه,مكة المكرمة,احكام و قرارات,2025/04/07,"14,826,143"
 مكة المكرمه,مكة المكرمة,احكام و قرارات,2025/04/07,"14,826,142"
 مكة المكرمه,مكة المكرمة,احكام و قرارات,2025/04/07,"14,825,350"
 مكة المكرمه,مكة المكرمة,احكام و قرارات,2025/04/07,"14,826,141"
 مكة المكرمه,مكة المكرمة,احكام و قرارات,2025/04/07,"14,822,941"
 مكة المكرمه,مكة المكرمة,أوراق تجارية,2025/04/07,"14,825,913"
 مكة المكرمه,مكة المكرمة,احكام و قرارات,2025/04/07,"14,826,140"
 مكة المكرمه,جده,احكام و قرارات,2025/04/07,"14,827,011"
 مكة المكرمه,جده,احكام و قرارات,2025/04/07,"14,826,001"
 مكة المكرمه,جده,احكام و قرارات,2025/04/07,"14,826,866"
 مكة المكرمه,جده,احكام و قرارات,2025/04/07,"14,826,003"
 مكة المكرمه,جده,احكام و قرارات,2025/04/07,"14,826,004"
 مكة المكرمه,جده,أوراق تجارية,2025/04/07,"14,826,724"
 مكة المكرمه,جده,احكام و قرارات,2025/04/07,"14,826,299"
 مكة المكرمه,جده,احكام و قرارات,2025/04/07,"14,826,298"
 مكة المكرمه,جده,أوراق تجارية,2025/04/07,"14,826,723"
 مكة المكرمه,جده,احكام و قرارات,2025/04/07,"14,826,002"
 مكة المكرمه,جده,احكام و قرارات,2025/04/07,"14,827,010"
 المدينة المنوره,المدينة المنورة,احكام و قرارات,2025/04/07,"14,827,497"
 المدينة المنوره,المدينة المنورة,احكام و قرارات,2025/04/07,"14,826,978"
 الشرقية,الدمام,اخلاء,2025/04/07,"14,827,333"
 الشرقية,الدمام,احكام و قرارات,2025/04/07,"14,823,971"
 الشرقية,الدمام,احكام و قرارات,2025/04/07,"14,823,972"
 الشرقية,الدمام,احكام و قرارات,2025/04/07,"14,823,973"
 الشرقية,الدمام,احكام و قرارات,2025/04/07,"14,823,968"
 الشرقية,الدمام,احكام و قرارات,2025/04/07,"14,823,969"
 الشرقية,الدمام,احكام و قرارات,2025/04/07,"14,823,970"
 تبوك,تبوك,عقود,2025/04/07,"14,826,135"
 الجوف,سكاكا,أوراق تجارية,2025/04/07,"14,823,824"
 الجوف,سكاكا,أوراق تجارية,2025/04/07,"14,826,740"
 الجوف,سكاكا,أوراق تجارية,2025/04/07,"14,823,825"
 الرياض,الرياض,أوراق تجارية,2025/04/08,"14,831,969"
 الرياض,الرياض,أوراق تجارية,2025/04/08,"14,831,830"
 الرياض,الرياض,أوراق تجارية,2025/04/08,"14,831,970"
 الرياض,الرياض,عقود,2025/04/08,"14,831,214"
 الرياض,الرياض,عقود,2025/04/08,"14,831,215"
 الرياض,الرياض,احكام و قرارات,2025/04/08,"14,832,812"
 الرياض,الرياض,أوراق تجارية,2025/04/08,"14,828,367"
 الرياض,الرياض,احكام و قرارات,2025/04/08,"14,832,811"
 مكة المكرمه,مكة المكرمة,احكام و قرارات,2025/04/08,"14,830,631"
 مكة المكرمه,مكة المكرمة,اخلاء,2025/04/08,"14,829,076"
 مكة المكرمه,جده,أوراق تجارية,2025/04/08,"14,829,465"
 مكة المكرمه,جده,أوراق تجارية,2025/04/08,"14,831,504"
 مكة المكرمه,جده,احكام و قرارات,2025/04/08,"14,830,612"
 مكة المكرمه,جده,احكام و قرارات,2025/04/08,"14,830,613"
 مكة المكرمه,جده,احكام و قرارات,2025/04/08,"14,830,614"
 مكة المكرمه,جده,احكام و قرارات,2025/04/08,"14,830,615"
 مكة المكرمه,جده,احكام و قرارات,2025/04/08,"14,830,616"
 مكة المكرمه,جده,أوراق تجارية,2025/04/08,"14,829,272"
 مكة المكرمه,جده,احكام و قرارات,2025/04/08,"14,831,426"
 المدينة المنوره,المدينة المنورة,عام,2025/04/08,"14,832,453"
 المدينة المنوره,المدينة المنورة,احكام و قرارات,2025/04/08,"14,831,041"
 المدينة المنوره,المدينة المنورة,أوراق تجارية إلكترونية,2025/04/08,"14,831,034"
 القصيم,بريده,عام,2025/04/08,"14,831,142"
 القصيم,بريده,أوراق تجارية,2025/04/08,"14,832,032"
 القصيم,بريده,أوراق تجارية,2025/04/08,"14,828,753"
 الشرقية,الدمام,احكام و قرارات,2025/04/08,"14,831,471"
 الشرقية,الدمام,احكام و قرارات,2025/04/08,"14,831,472"
 الشرقية,الدمام,احكام و قرارات,2025/04/08,"14,830,961"
 الشرقية,حفر الباطن,احكام و قرارات,2025/04/08,"14,828,743"
 تبوك,تبوك,عقود,2025/04/08,"14,832,534"
 الحدود الشمالية,عرعر,عقود,2025/04/08,"14,831,364"
 الحدود الشمالية,عرعر,عقود,2025/04/08,"14,831,920"
 الرياض,الرياض,أوراق تجارية,2025/04/09,"14,837,120"
 الرياض,الرياض,عقود,2025/04/09,"14,837,464"
 مكة المكرمه,مكة المكرمة,احكام و قرارات,2025/04/09,"14,834,470"
 مكة المكرمه,جده,احكام و قرارات,2025/04/09,"14,836,990"
 مكة المكرمه,جده,احكام و قرارات,2025/04/09,"14,837,287"
 مكة المكرمه,جده,احكام و قرارات,2025/04/09,"14,834,202"
 مكة المكرمه,جده,احكام و قرارات,2025/04/09,"14,835,364"
 المدينة المنوره,المدينة المنورة,احكام و قرارات,2025/04/09,"14,834,380"
 المدينة المنوره,المدينة المنورة,احكام و قرارات,2025/04/09,"14,835,888"
 الشرقية,الدمام,مزاد,2025/04/09,"14,836,601"
 عسير,ابها,أوراق تجارية,2025/04/09,"14,833,063"
 عسير,ابها,احكام و قرارات,2025/04/09,"14,836,043"
 حائل,حائل,عقود,2025/04/09,"14,833,923"
 حائل,حائل,أوراق تجارية,2025/04/09,"14,833,941"
 جازان,جيزان,احكام و قرارات,2025/04/09,"14,836,055"
 جازان,جيزان,احكام و قرارات,2025/04/09,"14,836,088"
 جازان,جيزان,احكام و قرارات,2025/04/09,"14,836,246"
 جازان,جيزان,احكام و قرارات,2025/04/09,"14,836,245"
 جازان,جيزان,احكام و قرارات,2025/04/09,"14,836,244"
 جازان,جيزان,احكام و قرارات,2025/04/09,"14,836,243"
 الجوف,سكاكا,اخلاء,2025/04/09,"14,835,582"
 الرياض,الرياض,أوراق تجارية,2025/04/10,"14,841,504"
 الرياض,الرياض,أوراق تجارية,2025/04/10,"14,839,203"
 الرياض,الرياض,أوراق تجارية,2025/04/10,"14,839,204"
 الرياض,الرياض,أوراق تجارية إلكترونية,2025/04/10,"14,840,295"
 مكة المكرمه,مكة المكرمة,عقود,2025/04/10,"14,842,368"
 مكة المكرمه,مكة المكرمة,عقود,2025/04/10,"14,841,975"
 مكة المكرمه,مكة المكرمة,أوراق تجارية,2025/04/10,"14,841,144"
 مكة المكرمه,مكة المكرمة,عقود,2025/04/10,"14,842,540"
 مكة المكرمه,مكة المكرمة,أوراق تجارية,2025/04/10,"14,841,143"
 مكة المكرمه,جده,أوراق تجارية,2025/04/10,"14,841,938"
 مكة المكرمه,جده,احكام و قرارات,2025/04/10,"14,842,069"
 مكة المكرمه,جده,احكام و قرارات,2025/04/10,"14,838,738"
 الشرقية,الدمام,احكام و قرارات,2025/04/10,"14,841,735"
 الشرقية,حفر الباطن,أوراق تجارية,2025/04/10,"14,838,627"
 تبوك,تبوك,احكام و قرارات,2025/04/10,"14,842,429"
 حائل,حائل,عقود,2025/04/10,"14,838,877"
 الباحة,الباحه,أوراق تجارية,2025/04/10,"14,842,359"
 الباحة,الباحه,أوراق تجارية,2025/04/10,"14,842,360"
 الباحة,الباحه,أوراق تجارية,2025/04/10,"14,842,362"
 الباحة,الباحه,أوراق تجارية,2025/04/10,"14,842,358"
 الباحة,الباحه,أوراق تجارية,2025/04/10,"14,841,014"
 الرياض,الرياض,أوراق تجارية إلكترونية,2025/04/13,"14,857,326"
 الرياض,الرياض,عقود,2025/04/13,"14,849,876"
 الرياض,الرياض,احكام و قرارات,2025/04/13,"14,858,356"
 الرياض,الرياض,احكام و قرارات,2025/04/13,"14,856,002"
 الرياض,الرياض,أوراق تجارية,2025/04/13,"14,850,260"
 الرياض,الرياض,أوراق تجارية,2025/04/13,"14,853,815"
 الرياض,الرياض,أوراق تجارية,2025/04/13,"14,853,816"
 الرياض,الرياض,أوراق تجارية,2025/04/13,"14,853,817"
 الرياض,الرياض,أوراق تجارية,2025/04/13,"14,853,813"
 الرياض,الرياض,أوراق تجارية إلكترونية,2025/04/13,"14,857,327"
 الرياض,الرياض,أوراق تجارية,2025/04/13,"14,853,814"
 الرياض,الرياض,احكام و قرارات,2025/04/13,"14,856,931"
 الرياض,الرياض,أوراق تجارية,2025/04/13,"14,853,178"
 الرياض,الرياض,مزاد,2025/04/13,"14,856,828"
 مكة المكرمه,مكة المكرمة,احكام و قرارات,2025/04/13,"14,851,885"
 مكة المكرمه,مكة المكرمة,احكام و قرارات,2025/04/13,"14,851,886"
 مكة المكرمه,مكة المكرمة,احكام و قرارات,2025/04/13,"14,851,888"
 مكة المكرمه,مكة المكرمة,احكام و قرارات,2025/04/13,"14,848,859"
 مكة المكرمه,جده,أوراق تجارية إلكترونية,2025/04/13,"14,856,179"
 مكة المكرمه,جده,عقود,2025/04/13,"14,852,097"
 المدينة المنوره,المدينة المنورة,أوراق تجارية,2025/04/13,"14,853,912"
 المدينة المنوره,المدينة المنورة,أوراق تجارية,2025/04/13,"14,855,136"
 المدينة المنوره,المدينة المنورة,احكام و قرارات,2025/04/13,"14,849,629"
 المدينة المنوره,المدينة المنورة,احكام و قرارات,2025/04/13,"14,849,628"
 المدينة المنوره,المدينة المنورة,احكام و قرارات,2025/04/13,"14,849,627"
 المدينة المنوره,المدينة المنورة,احكام و قرارات,2025/04/13,"14,849,631"
 المدينة المنوره,المدينة المنورة,أوراق تجارية,2025/04/13,"14,855,134"
 المدينة المنوره,المدينة المنورة,احكام و قرارات,2025/04/13,"14,849,630"
 الشرقية,الدمام,اخلاء,2025/04/13,"14,850,423"
 الشرقية,الدمام,احكام و قرارات,2025/04/13,"14,850,803"
 الشرقية,الدمام,احكام و قرارات,2025/04/13,"14,850,806"
 الشرقية,الدمام,احكام و قرارات,2025/04/13,"14,850,805"
 الشرقية,الدمام,احكام و قرارات,2025/04/13,"14,853,777"
 الشرقية,الدمام,اخلاء,2025/04/13,"14,850,565"
 الشرقية,الدمام,احكام و قرارات,2025/04/13,"14,850,804"
 حائل,حائل,عقود,2025/04/13,"14,849,394"
 الرياض,الرياض,عام,2025/04/14,"14,864,763"
 الرياض,الرياض,احكام و قرارات,2025/04/14,"14,860,090"
 مكة المكرمه,مكة المكرمة,أوراق تجارية,2025/04/14,"14,863,110"
 مكة المكرمه,مكة المكرمة,احكام و قرارات,2025/04/14,"14,863,171"
 مكة المكرمه,مكة المكرمة,احكام و قرارات,2025/04/14,"14,863,515"
 مكة المكرمه,مكة المكرمة,احكام و قرارات,2025/04/14,"14,860,211"
 مكة المكرمه,مكة المكرمة,أوراق تجارية,2025/04/14,"14,863,112"
 مكة المكرمه,مكة المكرمة,احكام و قرارات,2025/04/14,"14,864,799"
 مكة المكرمه,جده,احكام و قرارات,2025/04/14,"14,866,950"
 مكة المكرمه,جده,احكام و قرارات,2025/04/14,"14,865,165"
 مكة المكرمه,جده,أوراق تجارية إلكترونية,2025/04/14,"14,861,753"
 مكة المكرمه,جده,عقود,2025/04/14,"14,867,402"
 مكة المكرمه,جده,احكام و قرارات,2025/04/14,"14,866,949"
 مكة المكرمه,جده,احكام و قرارات,2025/04/14,"14,866,955"
 مكة المكرمه,جده,احكام و قرارات,2025/04/14,"14,866,953"
 مكة المكرمه,جده,احكام و قرارات,2025/04/14,"14,866,952"
 مكة المكرمه,جده,اخلاء,2025/04/14,"14,865,930"
 مكة المكرمه,جده,عقود,2025/04/14,"14,867,406"
 مكة المكرمه,جده,عقود,2025/04/14,"14,867,403"
 مكة المكرمه,جده,عقود,2025/04/14,"14,867,404"
 مكة المكرمه,جده,عقود,2025/04/14,"14,867,407"
 مكة المكرمه,جده,عقود,2025/04/14,"14,867,408"
 مكة المكرمه,جده,عقود,2025/04/14,"14,867,405"
 القصيم,بريده,عقود,2025/04/14,"14,867,869"
 القصيم,بريده,عقود,2025/04/14,"14,867,162"
 القصيم,بريده,عقود,2025/04/14,"14,867,386"
 القصيم,بريده,عقود,2025/04/14,"14,867,550"
 الشرقية,الدمام,احكام و قرارات,2025/04/14,"14,867,214"
 عسير,ابها,احكام و قرارات,2025/04/14,"14,863,016"
 حائل,حائل,أوراق تجارية,2025/04/14,"14,860,856"
 جازان,جيزان,احكام و قرارات,2025/04/14,"14,867,329"
 جازان,جيزان,أوراق تجارية,2025/04/14,"14,860,419"
 الرياض,الرياض,اخلاء,2025/04/15,"14,879,651"
 الرياض,الرياض,عقود,2025/04/15,"14,877,289"
 الرياض,الرياض,احكام و قرارات,2025/04/15,"14,869,217"
 مكة المكرمه,مكة المكرمة,أوراق تجارية,2025/04/15,"14,875,851"
 مكة المكرمه,جده,أوراق تجارية إلكترونية,2025/04/15,"14,879,140"
 مكة المكرمه,جده,أوراق تجارية,2025/04/15,"14,875,785"
 مكة المكرمه,جده,أوراق تجارية إلكترونية,2025/04/15,"14,879,138"
 مكة المكرمه,جده,احكام و قرارات,2025/04/15,"14,877,154"
 مكة المكرمه,جده,أوراق تجارية,2025/04/15,"14,870,285"
 مكة المكرمه,جده,احكام و قرارات,2025/04/15,"14,871,262"
 مكة المكرمه,جده,أوراق تجارية,2025/04/15,"14,870,924"
 مكة المكرمه,جده,أوراق تجارية,2025/04/15,"14,870,761"
 مكة المكرمه,جده,احكام و قرارات,2025/04/15,"14,879,736"
 مكة المكرمه,جده,أوراق تجارية إلكترونية,2025/04/15,"14,879,139"
 مكة المكرمه,جده,أوراق تجارية,2025/04/15,"14,870,925"
 مكة المكرمه,جده,أوراق تجارية,2025/04/15,"14,877,300"
 المدينة المنوره,المدينة المنورة,أوراق تجارية,2025/04/15,"14,871,102"
 المدينة المنوره,المدينة المنورة,أوراق تجارية,2025/04/15,"14,876,806"
 المدينة المنوره,المدينة المنورة,أوراق تجارية,2025/04/15,"14,876,804"
 المدينة المنوره,المدينة المنورة,أوراق تجارية,2025/04/15,"14,871,103"
 المدينة المنوره,المدينة المنورة,أوراق تجارية,2025/04/15,"14,876,805"
 القصيم,بريده,أوراق تجارية,2025/04/15,"14,876,270"
 الشرقية,الدمام,احكام و قرارات,2025/04/15,"14,879,047"
 الشرقية,الاحساء,أوراق تجارية,2025/04/15,"14,878,125"
 عسير,ابها,اخلاء,2025/04/15,"14,876,335"
 عسير,ابها,احكام و قرارات,2025/04/15,"14,876,009"
 جازان,جيزان,أوراق تجارية,2025/04/15,"14,875,343"
 جازان,جيزان,أوراق تجارية,2025/04/15,"14,879,817"
 جازان,جيزان,اخلاء,2025/04/15,"14,877,647"
 جازان,جيزان,أوراق تجارية,2025/04/15,"14,869,569"
 جازان,جيزان,أوراق تجارية,2025/04/15,"14,875,546"
 جازان,جيزان,أوراق تجارية,2025/04/15,"14,879,807"
 جازان,جيزان,أوراق تجارية,2025/04/15,"14,869,689"
 نجران,نجران,عقود,2025/04/15,"14,877,979"
 نجران,نجران,عقود,2025/04/15,"14,879,209"
 الرياض,الرياض,احكام و قرارات,2025/04/16,"14,884,321"
 الرياض,الرياض,احكام و قرارات,2025/04/16,"14,884,322"
 الرياض,الرياض,اخلاء,2025/04/16,"14,886,965"
 الرياض,الرياض,أوراق تجارية,2025/04/16,"14,886,334"
 الرياض,الرياض,أوراق تجارية,2025/04/16,"14,886,583"
 الرياض,الرياض,أوراق تجارية إلكترونية,2025/04/16,"14,885,558"
 مكة المكرمه,مكة المكرمة,احكام و قرارات,2025/04/16,"14,884,061"
 مكة المكرمه,جده,أوراق تجارية,2025/04/16,"14,885,077"
 مكة المكرمه,جده,أوراق تجارية,2025/04/16,"14,885,079"
 مكة المكرمه,جده,أوراق تجارية,2025/04/16,"14,885,078"
 مكة المكرمه,جده,احكام و قرارات,2025/04/16,"14,881,191"
 مكة المكرمه,جده,احكام و قرارات,2025/04/16,"14,884,577"
 القصيم,بريده,أوراق تجارية,2025/04/16,"14,885,721"
 الشرقية,الدمام,اخلاء,2025/04/16,"14,885,886"
 الشرقية,الدمام,احكام و قرارات,2025/04/16,"14,881,047"
 الشرقية,الدمام,احكام و قرارات,2025/04/16,"14,881,048"
 الشرقية,الدمام,احكام و قرارات,2025/04/16,"14,881,049"
 الشرقية,الدمام,اخلاء,2025/04/16,"14,885,906"
 الشرقية,حفر الباطن,احكام و قرارات,2025/04/16,"14,886,395"
 الشرقية,حفر الباطن,احكام و قرارات,2025/04/16,"14,886,394"
 حائل,حائل,أوراق تجارية,2025/04/16,"14,883,998"
 مكة المكرمه,مكة المكرمة,احكام و قرارات,2025/04/17,"14,888,436"
 مكة المكرمه,مكة المكرمة,احكام و قرارات,2025/04/17,"14,888,435"
 مكة المكرمه,مكة المكرمة,احكام و قرارات,2025/04/17,"14,893,054"
 مكة المكرمه,مكة المكرمة,احكام و قرارات,2025/04/17,"14,891,003"
 مكة المكرمه,جده,احكام و قرارات,2025/04/17,"14,891,396"
 مكة المكرمه,جده,احكام و قرارات,2025/04/17,"14,890,928"
 مكة المكرمه,جده,أوراق تجارية,2025/04/17,"14,892,310"
 مكة المكرمه,جده,احكام و قرارات,2025/04/17,"14,890,927"
 مكة المكرمه,جده,احكام و قرارات,2025/04/17,"14,890,931"
 مكة المكرمه,جده,احكام و قرارات,2025/04/17,"14,890,930"
 مكة المكرمه,جده,احكام و قرارات,2025/04/17,"14,890,929"
 مكة المكرمه,جده,احكام و قرارات,2025/04/17,"14,891,252"
 مكة المكرمه,جده,احكام و قرارات,2025/04/17,"14,891,253"
 مكة المكرمه,جده,احكام و قرارات,2025/04/17,"14,891,254"
 مكة المكرمه,جده,احكام و قرارات,2025/04/17,"14,891,255"
 مكة المكرمه,الطائف,احكام و قرارات,2025/04/17,"14,888,166"
 المدينة المنوره,المدينة المنورة,احكام و قرارات,2025/04/17,"14,891,366"
 المدينة المنوره,المدينة المنورة,احكام و قرارات,2025/04/17,"14,892,623"
 المدينة المنوره,المدينة المنورة,احكام و قرارات,2025/04/17,"14,892,625"
 المدينة المنوره,المدينة المنورة,احكام و قرارات,2025/04/17,"14,892,620"
 المدينة المنوره,المدينة المنورة,احكام و قرارات,2025/04/17,"14,892,621"
 المدينة المنوره,المدينة المنورة,احكام و قرارات,2025/04/17,"14,892,622"
 المدينة المنوره,المدينة المنورة,احكام و قرارات,2025/04/17,"14,892,624"
 المدينة المنوره,المدينة المنورة,احكام و قرارات,2025/04/17,"14,893,215"
 المدينة المنوره,المدينة المنورة,احكام و قرارات,2025/04/17,"14,893,216"
 المدينة المنوره,المدينة المنورة,أوراق تجارية,2025/04/17,"14,891,994"
 القصيم,بريده,أوراق تجارية,2025/04/17,"14,893,031"
 القصيم,بريده,أوراق تجارية,2025/04/17,"14,893,000"
 الشرقية,الدمام,اخلاء,2025/04/17,"14,891,322"
 الشرقية,الدمام,احكام و قرارات,2025/04/17,"14,892,137"
 الشرقية,الدمام,أوراق تجارية,2025/04/17,"14,888,673"
 الشرقية,الدمام,أوراق تجارية,2025/04/17,"14,892,717"
 الشرقية,الدمام,أوراق تجارية,2025/04/17,"14,892,720"
 الشرقية,الدمام,أوراق تجارية,2025/04/17,"14,892,719"
 الشرقية,الدمام,عقود,2025/04/17,"14,891,211"
 الشرقية,الدمام,أوراق تجارية,2025/04/17,"14,892,718"
 الشرقية,الدمام,أوراق تجارية,2025/04/17,"14,888,674"
 تبوك,تبوك,أوراق تجارية,2025/04/17,"14,893,540"
 حائل,حائل,أوراق تجارية,2025/04/17,"14,890,911"
 الشرقية,الدمام,اخلاء,2025/04/18,"14,898,836"
 الرياض,الرياض,عقود,2025/04/20,"14,906,673"
 الرياض,الرياض,مزاد,2025/04/20,"14,910,784"
 الرياض,الرياض,مزاد,2025/04/20,"14,910,783"
 الرياض,الرياض,احكام و قرارات,2025/04/20,"14,910,953"
 الرياض,الرياض,احكام و قرارات,2025/04/20,"14,913,521"
 الرياض,الرياض,احكام و قرارات,2025/04/20,"14,910,954"
 الرياض,الرياض,احكام و قرارات,2025/04/20,"14,910,959"
 الرياض,الرياض,احكام و قرارات,2025/04/20,"14,910,958"
 الرياض,الرياض,احكام و قرارات,2025/04/20,"14,910,957"
 الرياض,الرياض,احكام و قرارات,2025/04/20,"14,912,572"
 الرياض,الرياض,احكام و قرارات,2025/04/20,"14,912,672"
 الرياض,الرياض,احكام و قرارات,2025/04/20,"14,910,955"
 الرياض,الرياض,احكام و قرارات,2025/04/20,"14,912,696"
 الرياض,الرياض,أوراق تجارية,2025/04/20,"14,915,932"
 الرياض,الرياض,اخلاء,2025/04/20,"14,912,834"
 مكة المكرمه,جده,احكام و قرارات,2025/04/20,"14,912,216"
 مكة المكرمه,جده,أوراق تجارية,2025/04/20,"14,912,563"
 مكة المكرمه,جده,عام,2025/04/20,"14,905,898"
 مكة المكرمه,جده,أوراق تجارية,2025/04/20,"14,912,533"
 مكة المكرمه,جده,أوراق تجارية إلكترونية,2025/04/20,"14,914,907"
 مكة المكرمه,جده,أوراق تجارية إلكترونية,2025/04/20,"14,914,908"
 المدينة المنوره,المدينة المنورة,احكام و قرارات,2025/04/20,"14,904,780"
 المدينة المنوره,المدينة المنورة,احكام و قرارات,2025/04/20,"14,904,779"
 المدينة المنوره,المدينة المنورة,احكام و قرارات,2025/04/20,"14,904,778"
 المدينة المنوره,المدينة المنورة,احكام و قرارات,2025/04/20,"14,904,777"
 المدينة المنوره,المدينة المنورة,احكام و قرارات,2025/04/20,"14,904,776"
 المدينة المنوره,المدينة المنورة,احكام و قرارات,2025/04/20,"14,904,775"
 المدينة المنوره,المدينة المنورة,احكام و قرارات,2025/04/20,"14,904,774"
 المدينة المنوره,المدينة المنورة,احكام و قرارات,2025/04/20,"14,904,773"
 المدينة المنوره,المدينة المنورة,احكام و قرارات,2025/04/20,"14,914,268"
 المدينة المنوره,المدينة المنورة,احكام و قرارات,2025/04/20,"14,904,781"
 القصيم,بريده,أوراق تجارية,2025/04/20,"14,905,757"
 القصيم,بريده,أوراق تجارية,2025/04/20,"14,905,787"
 القصيم,بريده,احكام و قرارات,2025/04/20,"14,905,170"
 القصيم,بريده,احكام و قرارات,2025/04/20,"14,913,536"
 الشرقية,الدمام,مزاد,2025/04/20,"14,914,414"
 الشرقية,الدمام,مزاد,2025/04/20,"14,914,418"
 الشرقية,الدمام,مزاد,2025/04/20,"14,914,417"
 الشرقية,الدمام,مزاد,2025/04/20,"14,914,416"
 الشرقية,الدمام,اخلاء,2025/04/20,"14,905,546"
 الشرقية,الدمام,مزاد,2025/04/20,"14,914,415"
 الشرقية,الاحساء,أوراق تجارية,2025/04/20,"14,912,999"
 الشرقية,حفر الباطن,احكام و قرارات,2025/04/20,"14,906,030"
 الشرقية,حفر الباطن,احكام و قرارات,2025/04/20,"14,906,277"
 الشرقية,حفر الباطن,احكام و قرارات,2025/04/20,"14,906,276"
 الشرقية,حفر الباطن,احكام و قرارات,2025/04/20,"14,906,275"
 الشرقية,حفر الباطن,احكام و قرارات,2025/04/20,"14,906,274"
 الشرقية,حفر الباطن,احكام و قرارات,2025/04/20,"14,906,366"
 الشرقية,حفر الباطن,احكام و قرارات,2025/04/20,"14,906,278"
 الشرقية,حفر الباطن,احكام و قرارات,2025/04/20,"14,906,055"
 الشرقية,حفر الباطن,احكام و قرارات,2025/04/20,"14,906,077"
 الشرقية,حفر الباطن,احكام و قرارات,2025/04/20,"14,905,935"
 عسير,ابها,مزاد,2025/04/20,"14,912,576"
 عسير,ابها,احكام و قرارات,2025/04/20,"14,913,974"
 عسير,ابها,احكام و قرارات,2025/04/20,"14,913,976"
 عسير,ابها,مزاد,2025/04/20,"14,912,577"
 عسير,ابها,مزاد,2025/04/20,"14,912,575"
 عسير,ابها,احكام و قرارات,2025/04/20,"14,913,975"
 حائل,حائل,احكام و قرارات,2025/04/20,"14,906,338"
 حائل,حائل,احكام و قرارات,2025/04/20,"14,906,337"
 جازان,جيزان,احكام و قرارات,2025/04/20,"14,913,945"
 جازان,جيزان,احكام و قرارات,2025/04/20,"14,913,946"
 جازان,جيزان,عقود,2025/04/20,"14,912,858"
 الرياض,الرياض,احكام و قرارات,2025/04/21,"14,918,155"
 الرياض,الرياض,احكام و قرارات,2025/04/21,"14,921,635"
 الرياض,الرياض,احكام و قرارات,2025/04/21,"14,921,633"
 الرياض,الرياض,أوراق تجارية,2025/04/21,"14,924,509"
 الرياض,الرياض,أوراق تجارية,2025/04/21,"14,924,510"
 الرياض,الرياض,أوراق تجارية,2025/04/21,"14,924,511"
 الرياض,الرياض,أوراق تجارية,2025/04/21,"14,924,512"
 الرياض,الرياض,أوراق تجارية,2025/04/21,"14,924,513"
 الرياض,الرياض,احكام و قرارات,2025/04/21,"14,921,634"
 الرياض,الرياض,عقود,2025/04/21,"14,924,111"
 الرياض,الرياض,أوراق تجارية,2025/04/21,"14,922,369"
 الرياض,الرياض,أوراق تجارية,2025/04/21,"14,922,367"
 الرياض,الرياض,أوراق تجارية,2025/04/21,"14,921,509"
 الرياض,الرياض,أوراق تجارية إلكترونية,2025/04/21,"14,922,164"
 الرياض,الرياض,أوراق تجارية,2025/04/21,"14,921,501"
 الرياض,الرياض,أوراق تجارية,2025/04/21,"14,922,368"
 الرياض,الرياض,اخلاء,2025/04/21,"14,917,190"
 مكة المكرمه,مكة المكرمة,أوراق تجارية,2025/04/21,"14,922,585"
 مكة المكرمه,جده,احكام و قرارات,2025/04/21,"14,925,140"
 مكة المكرمه,جده,احكام و قرارات,2025/04/21,"14,923,123"
 مكة المكرمه,جده,احكام و قرارات,2025/04/21,"14,923,131"
 مكة المكرمه,جده,احكام و قرارات,2025/04/21,"14,923,130"
 مكة المكرمه,جده,احكام و قرارات,2025/04/21,"14,923,129"
 مكة المكرمه,جده,احكام و قرارات,2025/04/21,"14,923,128"
 مكة المكرمه,جده,احكام و قرارات,2025/04/21,"14,923,127"
 مكة المكرمه,جده,احكام و قرارات,2025/04/21,"14,923,126"
 مكة المكرمه,جده,احكام و قرارات,2025/04/21,"14,923,125"
 مكة المكرمه,جده,احكام و قرارات,2025/04/21,"14,923,124"
 القصيم,بريده,عقود,2025/04/21,"14,917,005"
 القصيم,بريده,احكام و قرارات,2025/04/21,"14,921,702"
 القصيم,بريده,احكام و قرارات,2025/04/21,"14,921,709"
 الشرقية,الدمام,احكام و قرارات,2025/04/21,"14,922,030"
 الشرقية,الدمام,أوراق تجارية,2025/04/21,"14,922,272"
 الشرقية,الدمام,عقود,2025/04/21,"14,922,071"
 الشرقية,الدمام,اخلاء,2025/04/21,"14,923,517"
 الشرقية,الاحساء,محاضر,2025/04/21,"14,917,625"
 الشرقية,الاحساء,محاضر,2025/04/21,"14,917,626"
 الشرقية,الاحساء,محاضر,2025/04/21,"14,917,627"
 الشرقية,الاحساء,محاضر,2025/04/21,"14,917,628"
 الشرقية,الاحساء,محاضر,2025/04/21,"14,917,623"
 الشرقية,الاحساء,محاضر,2025/04/21,"14,917,624"
 تبوك,تبوك,أوراق تجارية,2025/04/21,"14,924,416"
 الجوف,سكاكا,احكام و قرارات,2025/04/21,"14,917,110"
 الحدود الشمالية,عرعر,أوراق تجارية,2025/04/21,"14,922,306"
 الرياض,الرياض,عقود,2025/04/22,"14,925,972"
 الرياض,الرياض,اخلاء,2025/04/22,"14,933,113"
 الرياض,الرياض,احكام و قرارات,2025/04/22,"14,926,933"
 مكة المكرمه,مكة المكرمة,احكام و قرارات,2025/04/22,"14,931,372"
 مكة المكرمه,جده,أوراق تجارية,2025/04/22,"14,926,802"
 مكة المكرمه,جده,احكام و قرارات,2025/04/22,"14,931,511"
 مكة المكرمه,جده,احكام و قرارات,2025/04/22,"14,929,877"
 مكة المكرمه,جده,احكام و قرارات,2025/04/22,"14,933,355"
 مكة المكرمه,جده,احكام و قرارات,2025/04/22,"14,933,354"
 مكة المكرمه,جده,احكام و قرارات,2025/04/22,"14,931,512"
 المدينة المنوره,المدينة المنورة,أوراق تجارية,2025/04/22,"14,932,042"
 المدينة المنوره,المدينة المنورة,أوراق تجارية,2025/04/22,"14,930,028"
 المدينة المنوره,المدينة المنورة,أوراق تجارية إلكترونية,2025/04/22,"14,929,848"
 المدينة المنوره,المدينة المنورة,احكام و قرارات,2025/04/22,"14,930,312"
 المدينة المنوره,المدينة المنورة,احكام و قرارات,2025/04/22,"14,931,866"
 القصيم,بريده,احكام و قرارات,2025/04/22,"14,926,798"
 القصيم,بريده,احكام و قرارات,2025/04/22,"14,932,879"
 القصيم,بريده,احكام و قرارات,2025/04/22,"14,931,083"
 القصيم,بريده,احكام و قرارات,2025/04/22,"14,932,272"
 القصيم,بريده,أوراق تجارية,2025/04/22,"14,933,273"
 القصيم,بريده,أوراق تجارية,2025/04/22,"14,926,296"
 الشرقية,الدمام,أوراق تجارية,2025/04/22,"14,932,939"
 الشرقية,الدمام,أوراق تجارية,2025/04/22,"14,932,938"
 الشرقية,الدمام,أوراق تجارية,2025/04/22,"14,932,937"
 الشرقية,الدمام,اخلاء,2025/04/22,"14,931,733"
 الشرقية,الدمام,أوراق تجارية,2025/04/22,"14,932,936"
 حائل,حائل,عقود,2025/04/22,"14,927,114"
 حائل,حائل,محاضر,2025/04/22,"14,932,780"
 جازان,جيزان,أوراق تجارية,2025/04/22,"14,930,180"
 جازان,جيزان,أوراق تجارية,2025/04/22,"14,930,992"
 جازان,جيزان,احكام و قرارات,2025/04/22,"14,927,416"
 جازان,جيزان,مزاد,2025/04/22,"14,932,116"
 جازان,جيزان,أوراق تجارية إلكترونية,2025/04/22,"14,926,701"
 جازان,جيزان,أوراق تجارية إلكترونية,2025/04/22,"14,926,702"
 جازان,جيزان,أوراق تجارية إلكترونية,2025/04/22,"14,926,703"
 الرياض,الرياض,احكام و قرارات,2025/04/23,"14,935,945"
 الرياض,الرياض,احكام و قرارات,2025/04/23,"14,935,943"
 الرياض,الرياض,احكام و قرارات,2025/04/23,"14,935,950"
 الرياض,الرياض,احكام و قرارات,2025/04/23,"14,935,944"
 مكة المكرمه,مكة المكرمة,عقود,2025/04/23,"14,934,924"
 مكة المكرمه,مكة المكرمة,أوراق تجارية,2025/04/23,"14,934,536"
 مكة المكرمه,جده,احكام و قرارات,2025/04/23,"14,936,614"
 مكة المكرمه,جده,اخلاء,2025/04/23,"14,936,094"
 مكة المكرمه,الطائف,مزاد,2025/04/23,"14,934,697"
 المدينة المنوره,المدينة المنورة,احكام و قرارات,2025/04/23,"14,936,535"
 المدينة المنوره,المدينة المنورة,أوراق تجارية,2025/04/23,"14,937,289"
 المدينة المنوره,المدينة المنورة,احكام و قرارات,2025/04/23,"14,934,961"
 القصيم,بريده,أوراق تجارية,2025/04/23,"14,934,751"
 القصيم,بريده,أوراق تجارية,2025/04/23,"14,934,991"
 الشرقية,الدمام,اخلاء,2025/04/23,"14,936,658"
 الشرقية,الدمام,احكام و قرارات,2025/04/23,"14,935,665"
 الشرقية,الدمام,اخلاء,2025/04/23,"14,934,794"
 الشرقية,الدمام,أوراق تجارية,2025/04/23,"14,936,769"
 الشرقية,الدمام,أوراق تجارية,2025/04/23,"14,936,768"
 الشرقية,الدمام,أوراق تجارية,2025/04/23,"14,936,767"
 الشرقية,الدمام,أوراق تجارية,2025/04/23,"14,936,766"
 الشرقية,الدمام,أوراق تجارية,2025/04/23,"14,936,765"
 الشرقية,الدمام,أوراق تجارية,2025/04/23,"14,936,764"
 الشرقية,الدمام,اخلاء,2025/04/23,"14,935,804"
 الشرقية,الدمام,اخلاء,2025/04/23,"14,935,070"
 الشرقية,الدمام,أوراق تجارية,2025/04/23,"14,936,819"
 الشرقية,الدمام,محاضر,2025/04/23,"14,935,844"
 الشرقية,الدمام,أوراق تجارية,2025/04/23,"14,936,770"
 الشرقية,الدمام,احكام و قرارات,2025/04/23,"14,935,666"
 الشرقية,الاحساء,احكام و قرارات,2025/04/23,"14,935,607"
 الشرقية,حفر الباطن,أوراق تجارية,2025/04/23,"14,934,701"
 الشرقية,حفر الباطن,احكام و قرارات,2025/04/23,"14,935,096"
 الشرقية,حفر الباطن,احكام و قرارات,2025/04/23,"14,935,030"
 عسير,ابها,احكام و قرارات,2025/04/23,"14,937,254"
 عسير,ابها,احكام و قرارات,2025/04/23,"14,937,253"
 جازان,جيزان,أوراق تجارية,2025/04/23,"14,936,572"
 جازان,جيزان,احكام و قرارات,2025/04/23,"14,936,356"
 جازان,جيزان,احكام و قرارات,2025/04/23,"14,934,602"
 جازان,جيزان,احكام و قرارات,2025/04/23,"14,934,601"
 الجوف,سكاكا,احكام و قرارات,2025/04/23,"14,936,998"
 الرياض,الرياض,عقود,2025/04/24,"14,940,556"
 الرياض,الرياض,أوراق تجارية,2025/04/24,"14,939,166"
 الرياض,الرياض,أوراق تجارية,2025/04/24,"14,939,168"
 مكة المكرمه,جده,احكام و قرارات,2025/04/24,"14,940,430"
 مكة المكرمه,جده,احكام و قرارات,2025/04/24,"14,937,524"
 القصيم,بريده,عقود,2025/04/24,"14,940,039"
 القصيم,بريده,احكام و قرارات,2025/04/24,"14,940,544"
 الشرقية,الدمام,احكام و قرارات,2025/04/24,"14,938,824"
 الشرقية,الدمام,اخلاء,2025/04/24,"14,939,925"
 الشرقية,الدمام,أوراق تجارية,2025/04/24,"14,940,395"
 الشرقية,الدمام,اخلاء,2025/04/24,"14,940,442"
 عسير,ابها,عقود,2025/04/24,"14,940,712"
 تبوك,تبوك,احكام و قرارات,2025/04/24,"14,940,002"
 حائل,حائل,عقود,2025/04/24,"14,939,216"
 الرياض,الرياض,أوراق تجارية,2025/04/26,"14,948,309"
 الرياض,الرياض,عقود,2025/04/26,"14,948,310"
 القصيم,بريده,أوراق تجارية,2025/04/26,"14,948,360"
 الرياض,الرياض,عقود,2025/04/27,"14,955,728"
 الرياض,الرياض,أوراق تجارية,2025/04/27,"14,957,142"
 الرياض,الرياض,عقود,2025/04/27,"14,955,476"
 الرياض,الرياض,احكام و قرارات,2025/04/27,"14,955,691"
 الرياض,الرياض,احكام و قرارات,2025/04/27,"14,955,692"
 الرياض,الرياض,احكام و قرارات,2025/04/27,"14,955,693"
 الرياض,الرياض,احكام و قرارات,2025/04/27,"14,955,694"
 الرياض,الرياض,احكام و قرارات,2025/04/27,"14,955,695"
 الرياض,الرياض,أوراق تجارية,2025/04/27,"14,956,010"
 الرياض,الرياض,أوراق تجارية,2025/04/27,"14,957,118"
 الرياض,الرياض,أوراق تجارية,2025/04/27,"14,957,143"
 مكة المكرمه,مكة المكرمة,احكام و قرارات,2025/04/27,"14,953,446"
 مكة المكرمه,مكة المكرمة,احكام و قرارات,2025/04/27,"14,956,981"
 مكة المكرمه,جده,احكام و قرارات,2025/04/27,"14,956,424"
 مكة المكرمه,جده,احكام و قرارات,2025/04/27,"14,956,451"
 مكة المكرمه,جده,عقود,2025/04/27,"14,949,264"
 مكة المكرمه,جده,احكام و قرارات,2025/04/27,"14,953,183"
 مكة المكرمه,جده,عقود,2025/04/27,"14,954,969"
 مكة المكرمه,الطائف,مزاد,2025/04/27,"14,954,192"
 المدينة المنوره,المدينة المنورة,احكام و قرارات,2025/04/27,"14,956,267"
 الشرقية,الدمام,احكام و قرارات,2025/04/27,"14,956,002"
 الشرقية,الدمام,احكام و قرارات,2025/04/27,"14,953,323"
 الشرقية,الدمام,اخلاء,2025/04/27,"14,956,316"
 الشرقية,الدمام,أوراق تجارية,2025/04/27,"14,954,278"
 الشرقية,الدمام,احكام و قرارات,2025/04/27,"14,949,290"
 الشرقية,الدمام,احكام و قرارات,2025/04/27,"14,956,003"
 الشرقية,الدمام,احكام و قرارات,2025/04/27,"14,956,004"
 الشرقية,الدمام,احكام و قرارات,2025/04/27,"14,956,005"
 الشرقية,الدمام,احكام و قرارات,2025/04/27,"14,956,001"
 الشرقية,الدمام,احكام و قرارات,2025/04/27,"14,953,324"
 الشرقية,الدمام,احكام و قرارات,2025/04/27,"14,953,325"
 الشرقية,الدمام,احكام و قرارات,2025/04/27,"14,953,326"
 الشرقية,الدمام,احكام و قرارات,2025/04/27,"14,953,327"
 الشرقية,الدمام,احكام و قرارات,2025/04/27,"14,953,328"
 الشرقية,الدمام,احكام و قرارات,2025/04/27,"14,953,329"
 الشرقية,الدمام,احكام و قرارات,2025/04/27,"14,953,322"
 الشرقية,الدمام,احكام و قرارات,2025/04/27,"14,949,027"
 جازان,جيزان,أوراق تجارية,2025/04/27,"14,953,515"
 جازان,جيزان,أوراق تجارية,2025/04/27,"14,953,514"
 جازان,جيزان,عقود,2025/04/27,"14,954,173"
 نجران,نجران,عقود,2025/04/27,"14,952,893"
 نجران,نجران,احكام و قرارات,2025/04/27,"14,955,588"
 الرياض,الرياض,احكام و قرارات,2025/04/28,"14,962,356"
 الرياض,الرياض,احكام و قرارات,2025/04/28,"14,964,701"
 الرياض,الرياض,عقود,2025/04/28,"14,957,565"
 الرياض,الرياض,أوراق تجارية,2025/04/28,"14,963,991"
 الرياض,الرياض,أوراق تجارية,2025/04/28,"14,963,992"
 مكة المكرمه,مكة المكرمة,احكام و قرارات,2025/04/28,"14,964,247"
 مكة المكرمه,مكة المكرمة,احكام و قرارات,2025/04/28,"14,964,246"
 مكة المكرمه,مكة المكرمة,احكام و قرارات,2025/04/28,"14,964,245"
 مكة المكرمه,مكة المكرمة,احكام و قرارات,2025/04/28,"14,964,244"
 مكة المكرمه,مكة المكرمة,احكام و قرارات,2025/04/28,"14,964,243"
 مكة المكرمه,مكة المكرمة,احكام و قرارات,2025/04/28,"14,962,620"
 مكة المكرمه,مكة المكرمة,احكام و قرارات,2025/04/28,"14,958,709"
 مكة المكرمه,جده,احكام و قرارات,2025/04/28,"14,962,173"
 مكة المكرمه,جده,أوراق تجارية,2025/04/28,"14,963,917"
 مكة المكرمه,جده,احكام و قرارات,2025/04/28,"14,964,287"
 مكة المكرمه,جده,احكام و قرارات,2025/04/28,"14,964,564"
 مكة المكرمه,الطائف,اخلاء,2025/04/28,"14,966,158"
 القصيم,بريده,احكام و قرارات,2025/04/28,"14,957,797"
 الشرقية,الدمام,احكام و قرارات,2025/04/28,"14,958,814"
 الشرقية,الدمام,احكام و قرارات,2025/04/28,"14,962,025"
 الشرقية,الدمام,احكام و قرارات,2025/04/28,"14,962,028"
 الشرقية,الدمام,احكام و قرارات,2025/04/28,"14,962,027"
 الشرقية,الدمام,احكام و قرارات,2025/04/28,"14,958,507"
 الشرقية,الدمام,احكام و قرارات,2025/04/28,"14,958,509"
 الشرقية,الدمام,احكام و قرارات,2025/04/28,"14,962,026"
 الشرقية,الدمام,احكام و قرارات,2025/04/28,"14,958,813"
 الشرقية,الدمام,احكام و قرارات,2025/04/28,"14,958,816"
 الشرقية,الدمام,احكام و قرارات,2025/04/28,"14,958,815"
 عسير,ابها,احكام و قرارات,2025/04/28,"14,963,435"
 تبوك,تبوك,عقود,2025/04/28,"14,962,182"
 حائل,حائل,احكام و قرارات,2025/04/28,"14,964,078"
 حائل,حائل,احكام و قرارات,2025/04/28,"14,964,077"
 حائل,حائل,احكام و قرارات,2025/04/28,"14,964,080"
 حائل,حائل,احكام و قرارات,2025/04/28,"14,964,079"
 نجران,نجران,أوراق تجارية,2025/04/28,"14,962,938"
 الباحة,الباحه,أوراق تجارية,2025/04/28,"14,963,956"
 الرياض,الرياض,أوراق تجارية,2025/04/29,"14,975,221"
 مكة المكرمه,مكة المكرمة,اخلاء,2025/04/29,"14,974,062"
 مكة المكرمه,مكة المكرمة,احكام و قرارات,2025/04/29,"14,967,629"
 مكة المكرمه,مكة المكرمة,احكام و قرارات,2025/04/29,"14,971,340"
 مكة المكرمه,مكة المكرمة,احكام و قرارات,2025/04/29,"14,974,225"
 مكة المكرمه,جده,أوراق تجارية,2025/04/29,"14,975,489"
 مكة المكرمه,جده,احكام و قرارات,2025/04/29,"14,967,552"
 المدينة المنوره,المدينة المنورة,عقود,2025/04/29,"14,973,379"
 المدينة المنوره,المدينة المنورة,عقود,2025/04/29,"14,975,002"
 القصيم,بريده,احكام و قرارات,2025/04/29,"14,966,935"
 القصيم,بريده,احكام و قرارات,2025/04/29,"14,973,893"
 القصيم,بريده,احكام و قرارات,2025/04/29,"14,973,883"
 القصيم,بريده,احكام و قرارات,2025/04/29,"14,973,909"
 القصيم,بريده,احكام و قرارات,2025/04/29,"14,973,902"
 الشرقية,الدمام,احكام و قرارات,2025/04/29,"14,971,349"
 الشرقية,الدمام,احكام و قرارات,2025/04/29,"14,967,382"
 الشرقية,الدمام,اخلاء,2025/04/29,"14,973,610"
 الشرقية,الدمام,اخلاء,2025/04/29,"14,972,341"
 الشرقية,الدمام,احكام و قرارات,2025/04/29,"14,967,383"
 الشرقية,الدمام,احكام و قرارات,2025/04/29,"14,967,381"
 جازان,جيزان,أوراق تجارية إلكترونية,2025/04/29,"14,975,841"
 جازان,جيزان,أوراق تجارية إلكترونية,2025/04/29,"14,975,842"
 جازان,جيزان,أوراق تجارية إلكترونية,2025/04/29,"14,975,843"
 الجوف,سكاكا,أوراق تجارية,2025/04/29,"14,966,941"
 الجوف,سكاكا,أوراق تجارية,2025/04/29,"14,967,211"
 الرياض,الرياض,أوراق تجارية,2025/04/30,"14,980,699"
 الرياض,الرياض,أوراق تجارية,2025/04/30,"14,983,403"
 الرياض,الرياض,أوراق تجارية,2025/04/30,"14,981,690"
 مكة المكرمه,جده,احكام و قرارات,2025/04/30,"14,977,557"
 مكة المكرمه,جده,اخلاء,2025/04/30,"14,981,768"
 مكة المكرمه,جده,اخلاء,2025/04/30,"14,981,743"
 مكة المكرمه,جده,اخلاء,2025/04/30,"14,981,742"
 مكة المكرمه,جده,اخلاء,2025/04/30,"14,981,741"
 مكة المكرمه,جده,اخلاء,2025/04/30,"14,981,767"
 مكة المكرمه,جده,اخلاء,2025/04/30,"14,981,766"
 مكة المكرمه,جده,اخلاء,2025/04/30,"14,981,765"
 مكة المكرمه,جده,اخلاء,2025/04/30,"14,981,764"
 مكة المكرمه,جده,اخلاء,2025/04/30,"14,981,763"
 مكة المكرمه,جده,اخلاء,2025/04/30,"14,981,762"
 مكة المكرمه,جده,اخلاء,2025/04/30,"14,981,761"
 مكة المكرمه,جده,اخلاء,2025/04/30,"14,981,760"
 مكة المكرمه,جده,اخلاء,2025/04/30,"14,981,759"
 مكة المكرمه,جده,اخلاء,2025/04/30,"14,981,758"
 مكة المكرمه,جده,اخلاء,2025/04/30,"14,981,757"
 مكة المكرمه,جده,اخلاء,2025/04/30,"14,981,756"
 مكة المكرمه,جده,اخلاء,2025/04/30,"14,981,769"
 مكة المكرمه,جده,اخلاء,2025/04/30,"14,981,755"
 مكة المكرمه,جده,اخلاء,2025/04/30,"14,981,770"
 مكة المكرمه,جده,اخلاء,2025/04/30,"14,981,771"
 مكة المكرمه,جده,اخلاء,2025/04/30,"14,981,772"
 مكة المكرمه,جده,اخلاء,2025/04/30,"14,981,773"
 مكة المكرمه,جده,اخلاء,2025/04/30,"14,981,754"
 مكة المكرمه,جده,اخلاء,2025/04/30,"14,981,753"
 مكة المكرمه,جده,اخلاء,2025/04/30,"14,981,752"
 مكة المكرمه,جده,اخلاء,2025/04/30,"14,981,774"
 مكة المكرمه,جده,اخلاء,2025/04/30,"14,981,775"
 مكة المكرمه,جده,اخلاء,2025/04/30,"14,981,776"
 مكة المكرمه,جده,اخلاء,2025/04/30,"14,981,777"
 مكة المكرمه,جده,اخلاء,2025/04/30,"14,981,751"
 مكة المكرمه,جده,اخلاء,2025/04/30,"14,981,750"
 مكة المكرمه,جده,اخلاء,2025/04/30,"14,981,749"
 مكة المكرمه,جده,اخلاء,2025/04/30,"14,981,748"
 مكة المكرمه,جده,اخلاء,2025/04/30,"14,981,744"
 مكة المكرمه,جده,اخلاء,2025/04/30,"14,981,745"
 مكة المكرمه,جده,اخلاء,2025/04/30,"14,981,746"
 مكة المكرمه,جده,اخلاء,2025/04/30,"14,981,747"
 مكة المكرمه,الطائف,عقود,2025/04/30,"14,980,273"
 الشرقية,الدمام,اخلاء,2025/04/30,"14,977,292"
 الشرقية,الدمام,أوراق تجارية,2025/04/30,"14,979,908"
 الشرقية,الدمام,أوراق تجارية,2025/04/30,"14,979,907"
 الشرقية,الدمام,احكام و قرارات,2025/04/30,"14,982,656"
 الشرقية,الاحساء,محاضر,2025/04/30,"14,980,078"
 الشرقية,حفر الباطن,عقود,2025/04/30,"14,977,638"
 عسير,ابها,عام,2025/04/30,"14,982,680"
 الحدود الشمالية,عرعر,عقود,2025/04/30,"14,981,739"
 الرياض,الرياض,أوراق تجارية,2025/05/01,"14,990,337"
 الرياض,الرياض,أوراق تجارية,2025/05/01,"14,990,338"
 الرياض,الرياض,أوراق تجارية,2025/05/01,"14,990,335"
 الرياض,الرياض,أوراق تجارية,2025/05/01,"14,990,288"
 الرياض,الرياض,عقود,2025/05/01,"14,990,679"
 الرياض,الرياض,أوراق تجارية,2025/05/01,"14,990,765"
 الرياض,الرياض,أوراق تجارية,2025/05/01,"14,990,336"
 الرياض,الرياض,احكام و قرارات,2025/05/01,"14,990,936"
 الرياض,الرياض,عام,2025/05/01,"14,987,882"
 الرياض,الرياض,أوراق تجارية,2025/05/01,"14,984,644"
 مكة المكرمه,مكة المكرمة,احكام و قرارات,2025/05/01,"14,990,670"
 مكة المكرمه,مكة المكرمة,احكام و قرارات,2025/05/01,"14,990,669"
 مكة المكرمه,مكة المكرمة,احكام و قرارات,2025/05/01,"14,990,668"
 مكة المكرمه,مكة المكرمة,احكام و قرارات,2025/05/01,"14,990,667"
 مكة المكرمه,مكة المكرمة,عقود,2025/05/01,"14,988,779"
 مكة المكرمه,مكة المكرمة,احكام و قرارات,2025/05/01,"14,990,671"
 مكة المكرمه,جده,احكام و قرارات,2025/05/01,"14,988,626"
 مكة المكرمه,جده,احكام و قرارات,2025/05/01,"14,989,456"
 مكة المكرمه,جده,احكام و قرارات,2025/05/01,"14,989,455"
 المدينة المنوره,المدينة المنورة,احكام و قرارات,2025/05/01,"14,989,546"
 المدينة المنوره,المدينة المنورة,أوراق تجارية,2025/05/01,"14,985,339"
 المدينة المنوره,المدينة المنورة,مزاد,2025/05/01,"14,988,803"
 المدينة المنوره,المدينة المنورة,احكام و قرارات,2025/05/01,"14,985,542"
 المدينة المنوره,المدينة المنورة,احكام و قرارات,2025/05/01,"14,984,994"
 القصيم,بريده,أوراق تجارية,2025/05/01,"14,990,236"
 القصيم,بريده,أوراق تجارية,2025/05/01,"14,990,235"
 القصيم,بريده,أوراق تجارية,2025/05/01,"14,990,234"
 القصيم,بريده,أوراق تجارية,2025/05/01,"14,990,233"
 الشرقية,الدمام,احكام و قرارات,2025/05/01,"14,989,641"
 الشرقية,الدمام,احكام و قرارات,2025/05/01,"14,989,642"
 الشرقية,الدمام,أوراق تجارية إلكترونية,2025/05/01,"14,988,421"
 عسير,ابها,أوراق تجارية,2025/05/01,"14,988,498"
 عسير,ابها,أوراق تجارية,2025/05/01,"14,988,565"
 نجران,نجران,أوراق تجارية,2025/05/01,"14,984,173"
 مكة المكرمه,جده,احكام و قرارات,2025/05/03,"14,996,005"
 مكة المكرمه,جده,احكام و قرارات,2025/05/03,"14,996,004"
 مكة المكرمه,جده,احكام و قرارات,2025/05/03,"14,996,003"
 مكة المكرمه,جده,احكام و قرارات,2025/05/03,"14,996,006"
 الرياض,الرياض,أوراق تجارية,2025/05/04,"15,001,297"
 الرياض,الرياض,أوراق تجارية,2025/05/04,"15,001,293"
 الرياض,الرياض,أوراق تجارية,2025/05/04,"15,001,294"
 الرياض,الرياض,أوراق تجارية,2025/05/04,"15,001,295"
 الرياض,الرياض,احكام و قرارات,2025/05/04,"15,011,245"
 الرياض,الرياض,أوراق تجارية,2025/05/04,"15,001,296"
 الرياض,الرياض,أوراق تجارية,2025/05/04,"15,011,634"
 الرياض,الرياض,أوراق تجارية,2025/05/04,"15,011,299"
 مكة المكرمه,مكة المكرمة,احكام و قرارات,2025/05/04,"15,010,301"
 مكة المكرمه,مكة المكرمة,اخلاء,2025/05/04,"15,010,697"
 مكة المكرمه,مكة المكرمة,احكام و قرارات,2025/05/04,"15,009,656"
 مكة المكرمه,جده,أوراق تجارية,2025/05/04,"15,010,924"
 مكة المكرمه,جده,احكام و قرارات,2025/05/04,"15,011,614"
 الشرقية,الدمام,اخلاء,2025/05/04,"15,008,480"
 الشرقية,الدمام,اخلاء,2025/05/04,"15,008,448"
 الشرقية,الدمام,اخلاء,2025/05/04,"15,008,335"
 الشرقية,الدمام,اخلاء,2025/05/04,"15,002,488"
 الشرقية,الدمام,اخلاء,2025/05/04,"15,011,455"
 الشرقية,الدمام,مزاد,2025/05/04,"15,008,372"
 الشرقية,الدمام,مزاد,2025/05/04,"15,008,373"
 الشرقية,الدمام,مزاد,2025/05/04,"15,008,371"
 حائل,حائل,عقود,2025/05/04,"15,001,884"
 الرياض,الرياض,أوراق تجارية,2025/05/05,"15,014,569"
 الرياض,الرياض,أوراق تجارية,2025/05/05,"15,014,570"
 الرياض,الرياض,أوراق تجارية,2025/05/05,"15,014,571"
 الرياض,الرياض,أوراق تجارية,2025/05/05,"15,014,572"
 الرياض,الرياض,أوراق تجارية,2025/05/05,"15,014,573"
 الرياض,الرياض,اخلاء,2025/05/05,"15,021,138"
 الرياض,الرياض,أوراق تجارية,2025/05/05,"15,014,449"
 مكة المكرمه,مكة المكرمة,أوراق تجارية,2025/05/05,"15,014,782"
 مكة المكرمه,مكة المكرمة,أوراق تجارية,2025/05/05,"15,014,781"
 مكة المكرمه,مكة المكرمة,أوراق تجارية,2025/05/05,"15,024,680"
 مكة المكرمه,جده,احكام و قرارات,2025/05/05,"15,023,183"
 مكة المكرمه,جده,احكام و قرارات,2025/05/05,"15,023,166"
 مكة المكرمه,جده,احكام و قرارات,2025/05/05,"15,023,182"
 مكة المكرمه,جده,احكام و قرارات,2025/05/05,"15,023,185"
 مكة المكرمه,جده,احكام و قرارات,2025/05/05,"15,023,184"
 مكة المكرمه,جده,احكام و قرارات,2025/05/05,"15,023,427"
 مكة المكرمه,جده,احكام و قرارات,2025/05/05,"15,021,229"
 مكة المكرمه,جده,أوراق تجارية,2025/05/05,"15,021,819"
 مكة المكرمه,جده,عقود,2025/05/05,"15,014,685"
 مكة المكرمه,جده,احكام و قرارات,2025/05/05,"15,023,165"
 مكة المكرمه,جده,عقود,2025/05/05,"15,020,638"
 مكة المكرمه,جده,احكام و قرارات,2025/05/05,"15,015,897"
 المدينة المنوره,المدينة المنورة,احكام و قرارات,2025/05/05,"15,023,093"
 المدينة المنوره,المدينة المنورة,أوراق تجارية,2025/05/05,"15,023,565"
 القصيم,بريده,أوراق تجارية,2025/05/05,"15,024,716"
 الشرقية,الدمام,احكام و قرارات,2025/05/05,"15,021,256"
 الشرقية,الدمام,أوراق تجارية,2025/05/05,"15,024,711"
 الشرقية,الدمام,اخلاء,2025/05/05,"15,022,762"
 الشرقية,الدمام,أوراق تجارية,2025/05/05,"15,023,058"
 الشرقية,الدمام,اخلاء,2025/05/05,"15,022,672"
 الشرقية,الدمام,اخلاء,2025/05/05,"15,021,552"
 الشرقية,الدمام,احكام و قرارات,2025/05/05,"15,021,257"
 الشرقية,الدمام,احكام و قرارات,2025/05/05,"15,022,542"
 الشرقية,الدمام,أوراق تجارية,2025/05/05,"15,015,790"
 الشرقية,الدمام,أوراق تجارية,2025/05/05,"15,015,789"
 جازان,جيزان,احكام و قرارات,2025/05/05,"15,022,260"
 جازان,جيزان,أوراق تجارية إلكترونية,2025/05/05,"15,022,510"
 جازان,جيزان,أوراق تجارية إلكترونية,2025/05/05,"15,022,507"
 جازان,جيزان,أوراق تجارية إلكترونية,2025/05/05,"15,022,508"
 جازان,جيزان,أوراق تجارية إلكترونية,2025/05/05,"15,022,509"
 الحدود الشمالية,عرعر,عقود,2025/05/05,"15,021,524"
 الرياض,الرياض,أوراق تجارية,2025/05/06,"15,032,424"
 الرياض,الرياض,أوراق تجارية,2025/05/06,"15,026,904"
 الرياض,الرياض,مزاد,2025/05/06,"15,035,681"
 الرياض,الرياض,مزاد,2025/05/06,"15,026,257"
 مكة المكرمه,مكة المكرمة,احكام و قرارات,2025/05/06,"15,031,663"
 مكة المكرمه,مكة المكرمة,احكام و قرارات,2025/05/06,"15,031,665"
 مكة المكرمه,مكة المكرمة,احكام و قرارات,2025/05/06,"15,031,662"
 مكة المكرمه,مكة المكرمة,احكام و قرارات,2025/05/06,"15,031,671"
 مكة المكرمه,مكة المكرمة,احكام و قرارات,2025/05/06,"15,031,670"
 مكة المكرمه,مكة المكرمة,احكام و قرارات,2025/05/06,"15,031,669"
 مكة المكرمه,مكة المكرمة,احكام و قرارات,2025/05/06,"15,031,668"
 مكة المكرمه,مكة المكرمة,احكام و قرارات,2025/05/06,"15,031,666"
 مكة المكرمه,جده,احكام و قرارات,2025/05/06,"15,034,242"
 مكة المكرمه,جده,احكام و قرارات,2025/05/06,"15,027,145"
 مكة المكرمه,جده,احكام و قرارات,2025/05/06,"15,037,773"
 مكة المكرمه,جده,احكام و قرارات,2025/05/06,"15,034,350"
 مكة المكرمه,جده,احكام و قرارات,2025/05/06,"15,034,351"
 مكة المكرمه,جده,احكام و قرارات,2025/05/06,"15,027,144"
 مكة المكرمه,جده,احكام و قرارات,2025/05/06,"15,027,146"
 مكة المكرمه,جده,احكام و قرارات,2025/05/06,"15,027,147"
 القصيم,بريده,عقود,2025/05/06,"15,033,529"
 الشرقية,الدمام,احكام و قرارات,2025/05/06,"15,034,818"
 الشرقية,الاحساء,احكام و قرارات,2025/05/06,"15,027,617"
 الشرقية,الاحساء,احكام و قرارات,2025/05/06,"15,027,618"
 الشرقية,الاحساء,أوراق تجارية,2025/05/06,"15,031,414"
 الشرقية,الاحساء,أوراق تجارية,2025/05/06,"15,031,412"
 الشرقية,الاحساء,أوراق تجارية,2025/05/06,"15,031,411"
 الشرقية,الاحساء,أوراق تجارية,2025/05/06,"15,031,413"
 عسير,ابها,احكام و قرارات,2025/05/06,"15,036,222"
 نجران,نجران,عقود,2025/05/06,"15,032,754"
 الجوف,سكاكا,مزاد,2025/05/06,"15,034,318"
 الرياض,الرياض,احكام و قرارات,2025/05/07,"15,038,202"
 الرياض,الرياض,أوراق تجارية,2025/05/07,"15,044,039"
 الرياض,الرياض,أوراق تجارية,2025/05/07,"15,044,101"
 الرياض,الرياض,عقود,2025/05/07,"15,043,744"
 مكة المكرمه,مكة المكرمة,عام,2025/05/07,"15,043,693"
 مكة المكرمه,جده,أوراق تجارية,2025/05/07,"15,044,088"
 مكة المكرمه,جده,أوراق تجارية,2025/05/07,"15,044,087"
 مكة المكرمه,جده,احكام و قرارات,2025/05/07,"15,044,001"
 مكة المكرمه,جده,أوراق تجارية,2025/05/07,"15,039,301"
 مكة المكرمه,جده,احكام و قرارات,2025/05/07,"15,043,908"
 مكة المكرمه,جده,اخلاء,2025/05/07,"15,042,699"
 مكة المكرمه,جده,احكام و قرارات,2025/05/07,"15,043,909"
 مكة المكرمه,جده,احكام و قرارات,2025/05/07,"15,044,002"
 الشرقية,الدمام,احكام و قرارات,2025/05/07,"15,044,690"
 الشرقية,الدمام,اخلاء,2025/05/07,"15,043,611"
 الشرقية,الدمام,اخلاء,2025/05/07,"15,043,671"
 الشرقية,الدمام,اخلاء,2025/05/07,"15,043,629"
 الشرقية,الدمام,احكام و قرارات,2025/05/07,"15,043,626"
 الشرقية,الدمام,احكام و قرارات,2025/05/07,"15,044,689"
 الشرقية,الدمام,احكام و قرارات,2025/05/07,"15,044,691"
 الشرقية,الدمام,اخلاء,2025/05/07,"15,038,396"
 الشرقية,الاحساء,نفقات,2025/05/07,"15,038,768"
 عسير,ابها,احكام و قرارات,2025/05/07,"15,045,469"
 حائل,حائل,أوراق تجارية,2025/05/07,"15,042,673"
 الرياض,الرياض,أوراق تجارية,2025/05/08,"15,052,614"
 الرياض,الرياض,احكام و قرارات,2025/05/08,"15,054,379"
 الرياض,الرياض,احكام و قرارات,2025/05/08,"15,051,044"
 مكة المكرمه,مكة المكرمة,اخلاء,2025/05/08,"15,050,566"
 مكة المكرمه,مكة المكرمة,أوراق تجارية,2025/05/08,"15,053,433"
 مكة المكرمه,مكة المكرمة,أوراق تجارية,2025/05/08,"15,053,970"
 مكة المكرمه,جده,احكام و قرارات,2025/05/08,"15,049,964"
 المدينة المنوره,المدينة المنورة,احكام و قرارات,2025/05/08,"15,053,869"
 المدينة المنوره,المدينة المنورة,احكام و قرارات,2025/05/08,"15,053,957"
 المدينة المنوره,المدينة المنورة,احكام و قرارات,2025/05/08,"15,053,696"
 المدينة المنوره,المدينة المنورة,احكام و قرارات,2025/05/08,"15,046,742"
 المدينة المنوره,المدينة المنورة,احكام و قرارات,2025/05/08,"15,046,954"
 المدينة المنوره,المدينة المنورة,احكام و قرارات,2025/05/08,"15,050,591"
 المدينة المنوره,المدينة المنورة,احكام و قرارات,2025/05/08,"15,053,734"
 القصيم,بريده,احكام و قرارات,2025/05/08,"15,050,662"
 الشرقية,الدمام,أوراق تجارية,2025/05/08,"15,051,230"
 الشرقية,الدمام,اخلاء,2025/05/08,"15,050,424"
 الشرقية,الدمام,اخلاء,2025/05/08,"15,051,208"
 الشرقية,الدمام,اخلاء,2025/05/08,"15,051,258"
 الشرقية,الدمام,اخلاء,2025/05/08,"15,047,411"
 الشرقية,الدمام,عقود,2025/05/08,"15,049,880"
 الشرقية,الدمام,احكام و قرارات,2025/05/08,"15,051,265"
 عسير,ابها,أوراق تجارية,2025/05/08,"15,052,974"
 عسير,ابها,عقود,2025/05/08,"15,050,607"
 مكة المكرمه,جده,احكام و قرارات,2025/05/10,"15,060,677"
 مكة المكرمه,جده,احكام و قرارات,2025/05/10,"15,060,676"
 الرياض,الرياض,أوراق تجارية,2025/05/11,"15,078,039"
 الرياض,الرياض,أوراق تجارية,2025/05/11,"15,078,024"
 الرياض,الرياض,احكام و قرارات,2025/05/11,"15,073,326"
 مكة المكرمه,مكة المكرمة,احكام و قرارات,2025/05/11,"15,066,677"
 مكة المكرمه,جده,أوراق تجارية إلكترونية,2025/05/11,"15,075,547"
 مكة المكرمه,جده,احكام و قرارات,2025/05/11,"15,076,651"
 مكة المكرمه,جده,احكام و قرارات,2025/05/11,"15,076,652"
 مكة المكرمه,جده,اخلاء,2025/05/11,"15,074,634"
 مكة المكرمه,جده,احكام و قرارات,2025/05/11,"15,075,980"
 مكة المكرمه,جده,احكام و قرارات,2025/05/11,"15,075,979"
 مكة المكرمه,جده,اخلاء,2025/05/11,"15,073,747"
 مكة المكرمه,جده,أوراق تجارية,2025/05/11,"15,075,198"
 المدينة المنوره,المدينة المنورة,احكام و قرارات,2025/05/11,"15,075,220"
 المدينة المنوره,المدينة المنورة,احكام و قرارات,2025/05/11,"15,077,227"
 المدينة المنوره,المدينة المنورة,احكام و قرارات,2025/05/11,"15,077,289"
 المدينة المنوره,المدينة المنورة,احكام و قرارات,2025/05/11,"15,077,945"
 القصيم,بريده,أوراق تجارية,2025/05/11,"15,077,290"
 الشرقية,الدمام,اخلاء,2025/05/11,"15,067,242"
 الشرقية,الدمام,احكام و قرارات,2025/05/11,"15,075,049"
 الشرقية,الدمام,احكام و قرارات,2025/05/11,"15,075,048"
 الشرقية,الدمام,احكام و قرارات,2025/05/11,"15,073,126"
 الشرقية,الدمام,اخلاء,2025/05/11,"15,077,130"
 عسير,ابها,أوراق تجارية,2025/05/11,"15,073,202"
 عسير,ابها,أوراق تجارية,2025/05/11,"15,073,201"
 نجران,نجران,عقود,2025/05/11,"15,076,804"
 الجوف,سكاكا,أوراق تجارية,2025/05/11,"15,065,460"
 الرياض,الرياض,اخلاء,2025/05/12,"15,090,139"
 الرياض,الرياض,احكام و قرارات,2025/05/12,"15,089,437"
 الرياض,الرياض,أوراق تجارية,2025/05/12,"15,080,735"
 الرياض,الرياض,أوراق تجارية,2025/05/12,"15,080,736"
 الرياض,الرياض,أوراق تجارية,2025/05/12,"15,080,825"
 الرياض,الرياض,أوراق تجارية,2025/05/12,"15,080,826"
 الرياض,الرياض,أوراق تجارية إلكترونية,2025/05/12,"15,085,685"
 الرياض,الرياض,احكام و قرارات,2025/05/12,"15,086,237"
 الرياض,الرياض,أوراق تجارية إلكترونية,2025/05/12,"15,088,209"
 الرياض,الرياض,احكام و قرارات,2025/05/12,"15,086,274"
 مكة المكرمه,مكة المكرمة,احكام و قرارات,2025/05/12,"15,079,983"
 مكة المكرمه,مكة المكرمة,احكام و قرارات,2025/05/12,"15,086,687"
 مكة المكرمه,مكة المكرمة,احكام و قرارات,2025/05/12,"15,086,688"
 مكة المكرمه,مكة المكرمة,احكام و قرارات,2025/05/12,"15,086,689"
 مكة المكرمه,مكة المكرمة,احكام و قرارات,2025/05/12,"15,086,686"
 مكة المكرمه,جده,احكام و قرارات,2025/05/12,"15,088,336"
 مكة المكرمه,جده,احكام و قرارات,2025/05/12,"15,086,002"
 مكة المكرمه,جده,احكام و قرارات,2025/05/12,"15,085,626"
 مكة المكرمه,جده,احكام و قرارات,2025/05/12,"15,086,340"
 مكة المكرمه,جده,احكام و قرارات,2025/05/12,"15,086,001"
 مكة المكرمه,جده,احكام و قرارات,2025/05/12,"15,090,177"
 مكة المكرمه,جده,احكام و قرارات,2025/05/12,"15,086,341"
 مكة المكرمه,جده,احكام و قرارات,2025/05/12,"15,085,779"
 مكة المكرمه,جده,احكام و قرارات,2025/05/12,"15,085,778"
 مكة المكرمه,جده,احكام و قرارات,2025/05/12,"15,085,777"
 المدينة المنوره,المدينة المنورة,احكام و قرارات,2025/05/12,"15,088,512"
 المدينة المنوره,المدينة المنورة,احكام و قرارات,2025/05/12,"15,088,513"
 المدينة المنوره,المدينة المنورة,احكام و قرارات,2025/05/12,"15,088,537"
 القصيم,بريده,احكام و قرارات,2025/05/12,"15,091,286"
 الشرقية,الدمام,احكام و قرارات,2025/05/12,"15,089,430"
 الرياض,الرياض,احكام و قرارات,2025/05/13,"15,102,970"
 الرياض,الرياض,احكام و قرارات,2025/05/13,"15,102,971"
 الرياض,الرياض,احكام و قرارات,2025/05/13,"15,102,972"
 الرياض,الرياض,احكام و قرارات,2025/05/13,"15,102,974"
 الرياض,الرياض,احكام و قرارات,2025/05/13,"15,099,383"
 الرياض,الرياض,احكام و قرارات,2025/05/13,"15,102,973"
 مكة المكرمه,مكة المكرمة,عام,2025/05/13,"15,101,035"
 مكة المكرمه,مكة المكرمة,احكام و قرارات,2025/05/13,"15,102,369"
 مكة المكرمه,مكة المكرمة,أوراق تجارية,2025/05/13,"15,101,925"
 مكة المكرمه,مكة المكرمة,احكام و قرارات,2025/05/13,"15,100,465"
 مكة المكرمه,مكة المكرمة,احكام و قرارات,2025/05/13,"15,102,370"
 مكة المكرمه,جده,أوراق تجارية,2025/05/13,"15,103,582"
 مكة المكرمه,جده,أوراق تجارية,2025/05/13,"15,103,581"
 مكة المكرمه,جده,احكام و قرارات,2025/05/13,"15,099,367"
 المدينة المنوره,المدينة المنورة,أوراق تجارية,2025/05/13,"15,099,148"
 المدينة المنوره,المدينة المنورة,أوراق تجارية,2025/05/13,"15,099,149"
 المدينة المنوره,المدينة المنورة,أوراق تجارية,2025/05/13,"15,099,150"
 المدينة المنوره,المدينة المنورة,أوراق تجارية,2025/05/13,"15,099,155"
 المدينة المنوره,المدينة المنورة,أوراق تجارية,2025/05/13,"15,099,154"
 المدينة المنوره,المدينة المنورة,أوراق تجارية,2025/05/13,"15,099,153"
 المدينة المنوره,المدينة المنورة,أوراق تجارية,2025/05/13,"15,099,152"
 المدينة المنوره,المدينة المنورة,أوراق تجارية,2025/05/13,"15,099,151"
 المدينة المنوره,المدينة المنورة,أوراق تجارية,2025/05/13,"15,099,156"
 المدينة المنوره,المدينة المنورة,احكام و قرارات,2025/05/13,"15,103,407"
 القصيم,بريده,احكام و قرارات,2025/05/13,"15,093,037"
 الشرقية,الدمام,أوراق تجارية,2025/05/13,"15,103,243"
 الشرقية,الدمام,احكام و قرارات,2025/05/13,"15,102,765"
 الشرقية,الدمام,أوراق تجارية,2025/05/13,"15,103,246"
 الشرقية,الدمام,أوراق تجارية,2025/05/13,"15,103,247"
 الشرقية,الدمام,أوراق تجارية,2025/05/13,"15,103,248"
 الشرقية,الدمام,أوراق تجارية,2025/05/13,"15,103,244"
 الشرقية,الدمام,أوراق تجارية,2025/05/13,"15,103,245"
 الشرقية,حفر الباطن,احكام و قرارات,2025/05/13,"15,092,135"
 الشرقية,حفر الباطن,احكام و قرارات,2025/05/13,"15,092,137"
 عسير,ابها,أوراق تجارية إلكترونية,2025/05/13,"15,102,150"
 تبوك,تبوك,أوراق تجارية,2025/05/13,"15,104,420"
 الرياض,الرياض,أوراق تجارية,2025/05/14,"15,110,863"
 الرياض,الرياض,أوراق تجارية,2025/05/14,"15,104,686"
 الرياض,الرياض,احكام و قرارات,2025/05/14,"15,111,860"
 الرياض,الرياض,أوراق تجارية,2025/05/14,"15,104,687"
 الرياض,الرياض,عقود,2025/05/14,"15,111,789"
 مكة المكرمه,مكة المكرمة,اخلاء,2025/05/14,"15,111,422"
 مكة المكرمه,جده,أوراق تجارية,2025/05/14,"15,111,010"
 مكة المكرمه,جده,احكام و قرارات,2025/05/14,"15,108,511"
 مكة المكرمه,جده,أوراق تجارية,2025/05/14,"15,105,863"
 المدينة المنوره,المدينة المنورة,أوراق تجارية,2025/05/14,"15,111,690"
 المدينة المنوره,المدينة المنورة,احكام و قرارات,2025/05/14,"15,109,581"
 المدينة المنوره,المدينة المنورة,احكام و قرارات,2025/05/14,"15,111,834"
 المدينة المنوره,المدينة المنورة,أوراق تجارية,2025/05/14,"15,111,626"
 المدينة المنوره,المدينة المنورة,احكام و قرارات,2025/05/14,"15,111,798"
 المدينة المنوره,المدينة المنورة,احكام و قرارات,2025/05/14,"15,110,464"
 الشرقية,الدمام,احكام و قرارات,2025/05/14,"15,105,636"
 الشرقية,الاحساء,احكام و قرارات,2025/05/14,"15,109,823"
 الشرقية,حفر الباطن,أوراق تجارية,2025/05/14,"15,105,512"
 عسير,ابها,عقود,2025/05/14,"15,111,267"
 تبوك,تبوك,احكام و قرارات,2025/05/14,"15,110,159"
 جازان,جيزان,أوراق تجارية,2025/05/14,"15,111,060"
 جازان,جيزان,احكام و قرارات,2025/05/14,"15,111,235"
 جازان,جيزان,احكام و قرارات,2025/05/14,"15,111,236"
 جازان,جيزان,أوراق تجارية إلكترونية,2025/05/14,"15,111,885"
 جازان,جيزان,أوراق تجارية إلكترونية,2025/05/14,"15,111,886"
 جازان,جيزان,أوراق تجارية إلكترونية,2025/05/14,"15,111,887"
 جازان,جيزان,أوراق تجارية إلكترونية,2025/05/14,"15,111,888"
 جازان,جيزان,أوراق تجارية إلكترونية,2025/05/14,"15,111,889"
 الجوف,سكاكا,احكام و قرارات,2025/05/14,"15,104,712"
 الرياض,الرياض,عقود,2025/05/15,"15,112,537"
 الرياض,الرياض,أوراق تجارية,2025/05/15,"15,119,929"
 الرياض,الرياض,أوراق تجارية إلكترونية,2025/05/15,"15,120,179"
 مكة المكرمه,مكة المكرمة,احكام و قرارات,2025/05/15,"15,117,965"
 مكة المكرمه,مكة المكرمة,احكام و قرارات,2025/05/15,"15,114,021"
 مكة المكرمه,مكة المكرمة,احكام و قرارات,2025/05/15,"15,119,550"
 مكة المكرمه,مكة المكرمة,احكام و قرارات,2025/05/15,"15,119,551"
 مكة المكرمه,مكة المكرمة,احكام و قرارات,2025/05/15,"15,114,051"
 مكة المكرمه,مكة المكرمة,احكام و قرارات,2025/05/15,"15,118,091"
 مكة المكرمه,مكة المكرمة,احكام و قرارات,2025/05/15,"15,113,975"
 المدينة المنوره,المدينة المنورة,احكام و قرارات,2025/05/15,"15,118,984"
 الشرقية,الدمام,احكام و قرارات,2025/05/15,"15,118,468"
 الشرقية,الدمام,احكام و قرارات,2025/05/15,"15,117,067"
 الشرقية,الدمام,مزاد,2025/05/15,"15,120,306"
 حائل,حائل,أوراق تجارية,2025/05/15,"15,118,916"
 الحدود الشمالية,عرعر,عقود,2025/05/15,"15,112,663"
 مكة المكرمه,جده,عقود,2025/05/17,"15,131,950"
 الرياض,الرياض,عقود,2025/05/18,"15,145,204"
 الرياض,الرياض,أوراق تجارية,2025/05/18,"15,145,425"
 الرياض,الرياض,أوراق تجارية,2025/05/18,"15,141,158"
 الرياض,الرياض,احكام و قرارات,2025/05/18,"15,146,197"
 الرياض,الرياض,عقود,2025/05/18,"15,135,386"
 الرياض,الرياض,أوراق تجارية,2025/05/18,"15,145,431"
 الرياض,الرياض,أوراق تجارية,2025/05/18,"15,145,432"
 الرياض,الرياض,أوراق تجارية,2025/05/18,"15,145,433"
 الرياض,الرياض,أوراق تجارية,2025/05/18,"15,145,434"
 الرياض,الرياض,أوراق تجارية,2025/05/18,"15,145,435"
 الرياض,الرياض,أوراق تجارية,2025/05/18,"15,145,436"
 الرياض,الرياض,أوراق تجارية,2025/05/18,"15,145,437"
 الرياض,الرياض,أوراق تجارية,2025/05/18,"15,145,438"
 الرياض,الرياض,أوراق تجارية,2025/05/18,"15,145,439"
 الرياض,الرياض,أوراق تجارية,2025/05/18,"15,145,440"
 الرياض,الرياض,أوراق تجارية,2025/05/18,"15,145,441"
 الرياض,الرياض,أوراق تجارية,2025/05/18,"15,145,442"
 الرياض,الرياض,أوراق تجارية,2025/05/18,"15,145,443"
 الرياض,الرياض,أوراق تجارية,2025/05/18,"15,145,444"
 الرياض,الرياض,أوراق تجارية,2025/05/18,"15,145,445"
 الرياض,الرياض,أوراق تجارية,2025/05/18,"15,145,446"
 الرياض,الرياض,أوراق تجارية,2025/05/18,"15,145,447"
 الرياض,الرياض,أوراق تجارية,2025/05/18,"15,145,448"
 الرياض,الرياض,أوراق تجارية,2025/05/18,"15,145,449"
 الرياض,الرياض,أوراق تجارية,2025/05/18,"15,145,450"
 الرياض,الرياض,أوراق تجارية,2025/05/18,"15,145,451"
 الرياض,الرياض,أوراق تجارية,2025/05/18,"15,145,452"
 الرياض,الرياض,أوراق تجارية,2025/05/18,"15,145,453"
 الرياض,الرياض,أوراق تجارية,2025/05/18,"15,145,454"
 الرياض,الرياض,أوراق تجارية,2025/05/18,"15,145,455"
 الرياض,الرياض,أوراق تجارية,2025/05/18,"15,145,456"
 الرياض,الرياض,أوراق تجارية,2025/05/18,"15,145,457"
 الرياض,الرياض,أوراق تجارية,2025/05/18,"15,145,458"
 الرياض,الرياض,أوراق تجارية,2025/05/18,"15,145,459"
 الرياض,الرياض,أوراق تجارية,2025/05/18,"15,145,424"
 الرياض,الرياض,أوراق تجارية,2025/05/18,"15,145,423"
 الرياض,الرياض,أوراق تجارية,2025/05/18,"15,145,422"
 الرياض,الرياض,أوراق تجارية,2025/05/18,"15,145,460"
 الرياض,الرياض,أوراق تجارية,2025/05/18,"15,145,461"
 الرياض,الرياض,أوراق تجارية,2025/05/18,"15,145,462"
 الرياض,الرياض,أوراق تجارية,2025/05/18,"15,145,413"
 الرياض,الرياض,أوراق تجارية,2025/05/18,"15,145,414"
 الرياض,الرياض,أوراق تجارية,2025/05/18,"15,145,421"
 الرياض,الرياض,أوراق تجارية,2025/05/18,"15,145,420"
 الرياض,الرياض,أوراق تجارية,2025/05/18,"15,145,415"
 الرياض,الرياض,أوراق تجارية,2025/05/18,"15,145,419"
 الرياض,الرياض,عقود,2025/05/18,"15,144,360"
 الرياض,الرياض,أوراق تجارية,2025/05/18,"15,145,418"
 الرياض,الرياض,أوراق تجارية,2025/05/18,"15,145,417"
 الرياض,الرياض,أوراق تجارية,2025/05/18,"15,145,416"
 الرياض,الرياض,أوراق تجارية,2025/05/18,"15,141,157"
 الرياض,الرياض,أوراق تجارية,2025/05/18,"15,145,430"
 الرياض,الرياض,أوراق تجارية,2025/05/18,"15,145,426"
 الرياض,الرياض,أوراق تجارية,2025/05/18,"15,145,427"
 الرياض,الرياض,أوراق تجارية,2025/05/18,"15,145,428"
 الرياض,الرياض,أوراق تجارية,2025/05/18,"15,145,429"
 مكة المكرمه,جده,أوراق تجارية,2025/05/18,"15,143,785"
 مكة المكرمه,جده,احكام و قرارات,2025/05/18,"15,143,388"
 مكة المكرمه,جده,احكام و قرارات,2025/05/18,"15,145,511"
 مكة المكرمه,جده,احكام و قرارات,2025/05/18,"15,142,069"
 مكة المكرمه,جده,أوراق تجارية,2025/05/18,"15,143,506"
 مكة المكرمه,جده,احكام و قرارات,2025/05/18,"15,144,665"
 مكة المكرمه,جده,احكام و قرارات,2025/05/18,"15,144,666"
 مكة المكرمه,جده,احكام و قرارات,2025/05/18,"15,144,667"
 مكة المكرمه,جده,احكام و قرارات,2025/05/18,"15,144,668"
 مكة المكرمه,جده,احكام و قرارات,2025/05/18,"15,144,669"
 مكة المكرمه,جده,احكام و قرارات,2025/05/18,"15,144,671"
 مكة المكرمه,جده,احكام و قرارات,2025/05/18,"15,144,674"
 الشرقية,الدمام,عقود,2025/05/18,"15,133,846"
 الشرقية,الدمام,احكام و قرارات,2025/05/18,"15,135,059"
 الشرقية,الدمام,أوراق تجارية,2025/05/18,"15,133,708"
 الشرقية,الدمام,احكام و قرارات,2025/05/18,"15,143,954"
 الشرقية,الدمام,احكام و قرارات,2025/05/18,"15,134,238"
 الشرقية,الدمام,احكام و قرارات,2025/05/18,"15,134,242"
 الشرقية,الدمام,احكام و قرارات,2025/05/18,"15,134,241"
 الشرقية,الدمام,احكام و قرارات,2025/05/18,"15,134,240"
 الشرقية,الدمام,احكام و قرارات,2025/05/18,"15,143,955"
 الشرقية,الدمام,احكام و قرارات,2025/05/18,"15,134,239"
 الشرقية,الدمام,احكام و قرارات,2025/05/18,"15,135,060"
 الشرقية,الاحساء,أوراق تجارية,2025/05/18,"15,144,919"
 عسير,ابها,احكام و قرارات,2025/05/18,"15,145,032"
 جازان,جيزان,عقود,2025/05/18,"15,144,708"
 جازان,جيزان,أوراق تجارية,2025/05/18,"15,141,563"
 جازان,جيزان,احكام و قرارات,2025/05/18,"15,134,190"
 الرياض,الرياض,أوراق تجارية,2025/05/19,"15,148,569"
 الرياض,الرياض,أوراق تجارية,2025/05/19,"15,148,570"
 الرياض,الرياض,اخلاء,2025/05/19,"15,156,678"
 الرياض,الرياض,عقود,2025/05/19,"15,152,986"
 الرياض,الرياض,أوراق تجارية,2025/05/19,"15,148,568"
 الرياض,الرياض,أوراق تجارية,2025/05/19,"15,148,367"
 الرياض,الرياض,أوراق تجارية,2025/05/19,"15,148,470"
 الرياض,الرياض,احكام و قرارات,2025/05/19,"15,147,015"
 الرياض,الرياض,احكام و قرارات,2025/05/19,"15,155,673"
 مكة المكرمه,مكة المكرمة,أوراق تجارية,2025/05/19,"15,158,960"
 مكة المكرمه,مكة المكرمة,احكام و قرارات,2025/05/19,"15,154,518"
 مكة المكرمه,جده,احكام و قرارات,2025/05/19,"15,154,053"
 مكة المكرمه,جده,عقود,2025/05/19,"15,157,374"
 مكة المكرمه,جده,احكام و قرارات,2025/05/19,"15,154,054"
 مكة المكرمه,جده,أوراق تجارية,2025/05/19,"15,157,180"
 القصيم,بريده,عقود,2025/05/19,"15,157,153"
 القصيم,بريده,أوراق تجارية,2025/05/19,"15,158,390"
 القصيم,بريده,عقود,2025/05/19,"15,154,999"
 الشرقية,الدمام,أوراق تجارية,2025/05/19,"15,157,491"
 الشرقية,الدمام,أوراق تجارية,2025/05/19,"15,157,490"
 الشرقية,الدمام,أوراق تجارية,2025/05/19,"15,157,489"
 الشرقية,الدمام,أوراق تجارية,2025/05/19,"15,157,488"
 الشرقية,الدمام,أوراق تجارية,2025/05/19,"15,157,492"
 الجوف,سكاكا,مزاد,2025/05/19,"15,157,736"
 الجوف,سكاكا,عقود,2025/05/19,"15,160,140"
 الرياض,الرياض,أوراق تجارية,2025/05/20,"15,168,476"
 مكة المكرمه,مكة المكرمة,احكام و قرارات,2025/05/20,"15,170,016"
 مكة المكرمه,مكة المكرمة,احكام و قرارات,2025/05/20,"15,161,333"
 مكة المكرمه,مكة المكرمة,اخلاء,2025/05/20,"15,170,142"
 مكة المكرمه,جده,أوراق تجارية,2025/05/20,"15,169,432"
 مكة المكرمه,جده,احكام و قرارات,2025/05/20,"15,174,028"
 مكة المكرمه,جده,احكام و قرارات,2025/05/20,"15,174,029"
 مكة المكرمه,جده,احكام و قرارات,2025/05/20,"15,170,850"
 مكة المكرمه,جده,احكام و قرارات,2025/05/20,"15,167,121"
 مكة المكرمه,جده,احكام و قرارات,2025/05/20,"15,167,122"
 مكة المكرمه,جده,احكام و قرارات,2025/05/20,"15,167,123"
 مكة المكرمه,جده,احكام و قرارات,2025/05/20,"15,167,124"
 مكة المكرمه,جده,احكام و قرارات,2025/05/20,"15,167,128"
 مكة المكرمه,جده,اخلاء,2025/05/20,"15,171,219"
 المدينة المنوره,المدينة المنورة,عقود,2025/05/20,"15,170,303"
 المدينة المنوره,المدينة المنورة,أوراق تجارية إلكترونية,2025/05/20,"15,165,502"
 القصيم,بريده,أوراق تجارية,2025/05/20,"15,162,857"
 القصيم,بريده,أوراق تجارية,2025/05/20,"15,171,490"
 القصيم,بريده,أوراق تجارية إلكترونية,2025/05/20,"15,173,367"
 الشرقية,الدمام,احكام و قرارات,2025/05/20,"15,169,806"
 الشرقية,الدمام,احكام و قرارات,2025/05/20,"15,169,805"
 الشرقية,الدمام,احكام و قرارات,2025/05/20,"15,169,804"
 الشرقية,الدمام,احكام و قرارات,2025/05/20,"15,169,803"
 الشرقية,الدمام,احكام و قرارات,2025/05/20,"15,169,802"
 الشرقية,الدمام,اخلاء,2025/05/20,"15,170,067"
 الشرقية,الدمام,احكام و قرارات,2025/05/20,"15,169,799"
 الشرقية,الدمام,احكام و قرارات,2025/05/20,"15,169,800"
 الشرقية,الدمام,احكام و قرارات,2025/05/20,"15,169,801"
 الشرقية,الدمام,احكام و قرارات,2025/05/20,"15,169,798"
 جازان,جيزان,أوراق تجارية,2025/05/20,"15,163,549"
 نجران,نجران,عقود,2025/05/20,"15,161,150"
 الرياض,الرياض,عقود,2025/05/21,"15,177,037"
 الرياض,الرياض,أوراق تجارية,2025/05/21,"15,184,200"
 الرياض,الرياض,أوراق تجارية,2025/05/21,"15,175,703"
 الرياض,الرياض,أوراق تجارية,2025/05/21,"15,180,712"
 الرياض,الرياض,أوراق تجارية,2025/05/21,"15,180,716"
 الرياض,الرياض,أوراق تجارية,2025/05/21,"15,175,704"
 الرياض,الرياض,أوراق تجارية,2025/05/21,"15,175,705"
 الرياض,الرياض,أوراق تجارية,2025/05/21,"15,175,706"
 الرياض,الرياض,أوراق تجارية,2025/05/21,"15,175,707"
 الرياض,الرياض,احكام و قرارات,2025/05/21,"15,182,086"
 الرياض,الرياض,احكام و قرارات,2025/05/21,"15,182,088"
 الرياض,الرياض,عقود,2025/05/21,"15,177,198"
 الرياض,الرياض,عقود,2025/05/21,"15,177,104"
 مكة المكرمه,مكة المكرمة,اخلاء,2025/05/21,"15,180,821"
 مكة المكرمه,مكة المكرمة,اخلاء,2025/05/21,"15,180,734"
 مكة المكرمه,مكة المكرمة,احكام و قرارات,2025/05/21,"15,181,298"
 مكة المكرمه,جده,احكام و قرارات,2025/05/21,"15,179,947"
 مكة المكرمه,جده,أوراق تجارية إلكترونية,2025/05/21,"15,183,280"
 مكة المكرمه,جده,أوراق تجارية,2025/05/21,"15,180,967"
 مكة المكرمه,جده,احكام و قرارات,2025/05/21,"15,176,090"
 مكة المكرمه,جده,احكام و قرارات,2025/05/21,"15,176,091"
 مكة المكرمه,جده,اخلاء,2025/05/21,"15,180,671"
 المدينة المنوره,المدينة المنورة,احكام و قرارات,2025/05/21,"15,183,591"
 المدينة المنوره,المدينة المنورة,احكام و قرارات,2025/05/21,"15,183,590"
 القصيم,بريده,احكام و قرارات,2025/05/21,"15,183,114"
 القصيم,بريده,عقود,2025/05/21,"15,180,477"
 القصيم,بريده,احكام و قرارات,2025/05/21,"15,183,118"
 القصيم,بريده,احكام و قرارات,2025/05/21,"15,183,116"
 القصيم,بريده,احكام و قرارات,2025/05/21,"15,183,115"
 الشرقية,الدمام,احكام و قرارات,2025/05/21,"15,183,748"
 جازان,جيزان,أوراق تجارية,2025/05/21,"15,182,424"
 الرياض,الرياض,اخلاء,2025/05/22,"15,191,742"
 الرياض,الرياض,احكام و قرارات,2025/05/22,"15,191,334"
 الرياض,الرياض,احكام و قرارات,2025/05/22,"15,189,478"
 الرياض,الرياض,احكام و قرارات,2025/05/22,"15,191,333"
 الرياض,الرياض,احكام و قرارات,2025/05/22,"15,191,335"
 مكة المكرمه,مكة المكرمة,اخلاء,2025/05/22,"15,186,135"
 مكة المكرمه,مكة المكرمة,احكام و قرارات,2025/05/22,"15,185,697"
 مكة المكرمه,جده,احكام و قرارات,2025/05/22,"15,185,704"
 مكة المكرمه,جده,احكام و قرارات,2025/05/22,"15,185,703"
 المدينة المنوره,المدينة المنورة,اخلاء,2025/05/22,"15,191,738"
 القصيم,بريده,أوراق تجارية إلكترونية,2025/05/22,"15,186,481"
 القصيم,بريده,عقود,2025/05/22,"15,186,319"
 القصيم,بريده,مزاد,2025/05/22,"15,189,351"
 القصيم,بريده,عقود,2025/05/22,"15,186,318"
 الشرقية,الدمام,عقود,2025/05/22,"15,188,954"
 الشرقية,الدمام,اخلاء,2025/05/22,"15,192,435"
 الشرقية,الدمام,اخلاء,2025/05/22,"15,192,420"
 الشرقية,الدمام,اخلاء,2025/05/22,"15,189,919"
 الشرقية,الدمام,اخلاء,2025/05/22,"15,189,871"
 الشرقية,الدمام,أوراق تجارية,2025/05/22,"15,189,286"
 الشرقية,الدمام,اخلاء,2025/05/22,"15,191,788"
 الشرقية,الدمام,اخلاء,2025/05/22,"15,189,961"
 الشرقية,الدمام,احكام و قرارات,2025/05/22,"15,191,754"
 عسير,ابها,احكام و قرارات,2025/05/22,"15,190,900"
 تبوك,تبوك,أوراق تجارية,2025/05/22,"15,191,546"
 حائل,حائل,أوراق تجارية إلكترونية,2025/05/22,"15,190,791"
 جازان,جيزان,عقود,2025/05/22,"15,186,822"
 نجران,نجران,احكام و قرارات,2025/05/22,"15,189,693"
 الرياض,الرياض,احكام و قرارات,2025/05/24,"15,200,160"
 الرياض,الرياض,أوراق تجارية,2025/05/25,"15,209,066"
 الرياض,الرياض,احكام و قرارات,2025/05/25,"15,217,478"
 الرياض,الرياض,احكام و قرارات,2025/05/25,"15,217,477"
 الرياض,الرياض,نفقات,2025/05/25,"15,217,731"
 الرياض,الرياض,أوراق تجارية,2025/05/25,"15,221,085"
 الرياض,الرياض,أوراق تجارية,2025/05/25,"15,221,088"
 الرياض,الرياض,أوراق تجارية,2025/05/25,"15,221,086"
 الرياض,الرياض,أوراق تجارية,2025/05/25,"15,216,390"
 الرياض,الرياض,احكام و قرارات,2025/05/25,"15,218,327"
 الرياض,الرياض,احكام و قرارات,2025/05/25,"15,215,372"
 الرياض,الرياض,احكام و قرارات,2025/05/25,"15,215,373"
 الرياض,الرياض,احكام و قرارات,2025/05/25,"15,215,369"
 الرياض,الرياض,احكام و قرارات,2025/05/25,"15,215,370"
 الرياض,الرياض,احكام و قرارات,2025/05/25,"15,215,371"
 الرياض,الرياض,أوراق تجارية,2025/05/25,"15,216,389"
 الرياض,الرياض,أوراق تجارية,2025/05/25,"15,221,087"
 مكة المكرمه,جده,احكام و قرارات,2025/05/25,"15,212,450"
 مكة المكرمه,جده,احكام و قرارات,2025/05/25,"15,218,495"
 مكة المكرمه,جده,احكام و قرارات,2025/05/25,"15,214,379"
 المدينة المنوره,المدينة المنورة,أوراق تجارية,2025/05/25,"15,213,870"
 الشرقية,الدمام,أوراق تجارية,2025/05/25,"15,208,174"
 الشرقية,الدمام,عقود,2025/05/25,"15,211,625"
 الشرقية,الدمام,احكام و قرارات,2025/05/25,"15,213,864"
 الشرقية,الدمام,أوراق تجارية,2025/05/25,"15,208,437"
 الشرقية,الدمام,اخلاء,2025/05/25,"15,212,267"
 الشرقية,الدمام,اخلاء,2025/05/25,"15,208,108"
 الشرقية,الدمام,أوراق تجارية,2025/05/25,"15,208,396"
 الشرقية,الدمام,أوراق تجارية,2025/05/25,"15,216,704"
 الشرقية,الدمام,أوراق تجارية,2025/05/25,"15,216,710"
 الشرقية,الدمام,أوراق تجارية,2025/05/25,"15,216,709"
 الشرقية,الدمام,أوراق تجارية,2025/05/25,"15,216,708"
 الشرقية,الدمام,أوراق تجارية,2025/05/25,"15,216,707"
 الشرقية,الدمام,أوراق تجارية,2025/05/25,"15,216,706"
 الشرقية,الدمام,عقود,2025/05/25,"15,211,645"
 الشرقية,الدمام,عقود,2025/05/25,"15,212,726"
 الشرقية,الدمام,أوراق تجارية,2025/05/25,"15,216,705"
 حائل,حائل,أوراق تجارية إلكترونية,2025/05/25,"15,220,112"
 حائل,حائل,أوراق تجارية إلكترونية,2025/05/25,"15,208,156"
 حائل,حائل,أوراق تجارية إلكترونية,2025/05/25,"15,220,113"
 جازان,جيزان,أوراق تجارية,2025/05/25,"15,216,153"
 جازان,جيزان,عقود,2025/05/25,"15,216,807"
 الجوف,سكاكا,أوراق تجارية,2025/05/25,"15,205,824"
 الرياض,الرياض,احكام و قرارات,2025/05/26,"15,223,734"
 الرياض,الرياض,عقود,2025/05/26,"15,224,365"
 الرياض,الرياض,اخلاء,2025/05/26,"15,233,254"
 مكة المكرمه,جده,احكام و قرارات,2025/05/26,"15,234,754"
 مكة المكرمه,جده,احكام و قرارات,2025/05/26,"15,234,753"
 مكة المكرمه,جده,احكام و قرارات,2025/05/26,"15,234,752"
 مكة المكرمه,جده,احكام و قرارات,2025/05/26,"15,234,755"
 مكة المكرمه,جده,اخلاء,2025/05/26,"15,236,867"
 مكة المكرمه,جده,أوراق تجارية إلكترونية,2025/05/26,"15,224,279"
 مكة المكرمه,جده,أوراق تجارية,2025/05/26,"15,229,247"
 المدينة المنوره,المدينة المنورة,مزاد,2025/05/26,"15,224,549"
 المدينة المنوره,المدينة المنورة,مزاد,2025/05/26,"15,224,548"
 المدينة المنوره,المدينة المنورة,مزاد,2025/05/26,"15,224,566"
 المدينة المنوره,المدينة المنورة,مزاد,2025/05/26,"15,224,564"
 المدينة المنوره,المدينة المنورة,مزاد,2025/05/26,"15,224,559"
 المدينة المنوره,المدينة المنورة,مزاد,2025/05/26,"15,224,565"
 المدينة المنوره,المدينة المنورة,مزاد,2025/05/26,"15,224,561"
 المدينة المنوره,المدينة المنورة,مزاد,2025/05/26,"15,224,550"
 المدينة المنوره,المدينة المنورة,مزاد,2025/05/26,"15,224,551"
 المدينة المنوره,المدينة المنورة,مزاد,2025/05/26,"15,224,554"
 المدينة المنوره,المدينة المنورة,مزاد,2025/05/26,"15,224,558"
 المدينة المنوره,المدينة المنورة,مزاد,2025/05/26,"15,224,555"
 المدينة المنوره,المدينة المنورة,مزاد,2025/05/26,"15,224,556"
 المدينة المنوره,المدينة المنورة,مزاد,2025/05/26,"15,224,557"
 القصيم,بريده,عقود,2025/05/26,"15,236,219"
 الشرقية,الدمام,اخلاء,2025/05/26,"15,232,660"
 عسير,ابها,احكام و قرارات,2025/05/26,"15,231,788"
 حائل,حائل,أوراق تجارية,2025/05/26,"15,224,190"
 نجران,نجران,أوراق تجارية,2025/05/26,"15,231,959"
 الرياض,الرياض,عقود,2025/05/27,"15,250,577"
 الرياض,الرياض,أوراق تجارية,2025/05/27,"15,238,957"
 الرياض,الرياض,أوراق تجارية,2025/05/27,"15,238,960"
 الرياض,الرياض,أوراق تجارية,2025/05/27,"15,238,959"
 الرياض,الرياض,أوراق تجارية,2025/05/27,"15,238,956"
 الرياض,الرياض,أوراق تجارية,2025/05/27,"15,248,703"
 الرياض,الرياض,أوراق تجارية,2025/05/27,"15,248,704"
 الرياض,الرياض,أوراق تجارية,2025/05/27,"15,248,705"
 الرياض,الرياض,أوراق تجارية,2025/05/27,"15,248,827"
 الرياض,الرياض,أوراق تجارية,2025/05/27,"15,238,958"
 مكة المكرمه,جده,احكام و قرارات,2025/05/27,"15,245,190"
 مكة المكرمه,جده,احكام و قرارات,2025/05/27,"15,247,183"
 الشرقية,الدمام,اخلاء,2025/05/27,"15,244,550"
 الرياض,الرياض,أوراق تجارية,2025/05/28,"15,257,515"
 الرياض,الرياض,أوراق تجارية,2025/05/28,"15,257,498"
 الرياض,الرياض,أوراق تجارية,2025/05/28,"15,257,514"
 مكة المكرمه,مكة المكرمة,احكام و قرارات,2025/05/28,"15,257,819"
 مكة المكرمه,جده,احكام و قرارات,2025/05/28,"15,256,063"
 مكة المكرمه,جده,احكام و قرارات,2025/05/28,"15,257,510"
 مكة المكرمه,جده,احكام و قرارات,2025/05/28,"15,257,509"
 مكة المكرمه,جده,احكام و قرارات,2025/05/28,"15,257,508"
 مكة المكرمه,جده,احكام و قرارات,2025/05/28,"15,257,507"
 مكة المكرمه,جده,احكام و قرارات,2025/05/28,"15,257,506"
 مكة المكرمه,جده,احكام و قرارات,2025/05/28,"15,257,505"
 مكة المكرمه,جده,احكام و قرارات,2025/05/28,"15,257,504"
 مكة المكرمه,جده,احكام و قرارات,2025/05/28,"15,257,503"
 مكة المكرمه,جده,أوراق تجارية,2025/05/28,"15,256,364"
 مكة المكرمه,جده,أوراق تجارية,2025/05/28,"15,256,362"
 مكة المكرمه,جده,احكام و قرارات,2025/05/28,"15,261,169"
 مكة المكرمه,جده,احكام و قرارات,2025/05/28,"15,257,511"
 مكة المكرمه,جده,أوراق تجارية,2025/05/28,"15,256,363"
 مكة المكرمه,جده,احكام و قرارات,2025/05/28,"15,257,512"
 مكة المكرمه,جده,عقود,2025/05/28,"15,256,130"
 المدينة المنوره,المدينة المنورة,عقود,2025/05/28,"15,259,325"
 القصيم,بريده,احكام و قرارات,2025/05/28,"15,257,662"
 الشرقية,الدمام,اخلاء,2025/05/28,"15,255,939"
 الشرقية,الدمام,محاضر,2025/05/28,"15,260,310"
 الشرقية,الدمام,عقود,2025/05/28,"15,255,781"
 الشرقية,الدمام,احكام و قرارات,2025/05/28,"15,259,326"
 الشرقية,الدمام,اخلاء,2025/05/28,"15,259,159"
 الشرقية,الدمام,عقود,2025/05/28,"15,255,769"
 الشرقية,الدمام,محاضر,2025/05/28,"15,260,311"
 الشرقية,الدمام,محاضر,2025/05/28,"15,260,309"
 عسير,ابها,أوراق تجارية,2025/05/28,"15,252,171"
 حائل,حائل,أوراق تجارية,2025/05/28,"15,259,403"
 نجران,نجران,أوراق تجارية,2025/05/28,"15,252,125"
 الجوف,سكاكا,أوراق تجارية,2025/05/28,"15,252,778"
 الرياض,الرياض,عقود,2025/05/29,"15,265,706"
 الرياض,الرياض,أوراق تجارية,2025/05/29,"15,262,492"
 الرياض,الرياض,احكام و قرارات,2025/05/29,"15,261,582"
 الرياض,الرياض,أوراق تجارية,2025/05/29,"15,264,001"
 الرياض,الرياض,أوراق تجارية,2025/05/29,"15,269,228"
 الرياض,الرياض,أوراق تجارية,2025/05/29,"15,262,493"
 مكة المكرمه,مكة المكرمة,اخلاء,2025/05/29,"15,271,074"
 مكة المكرمه,جده,أوراق تجارية,2025/05/29,"15,269,731"
 مكة المكرمه,جده,أوراق تجارية,2025/05/29,"15,270,301"
 مكة المكرمه,جده,اخلاء,2025/05/29,"15,263,590"
 المدينة المنوره,المدينة المنورة,عقود,2025/05/29,"15,266,790"
 المدينة المنوره,المدينة المنورة,احكام و قرارات,2025/05/29,"15,267,349"
 المدينة المنوره,المدينة المنورة,احكام و قرارات,2025/05/29,"15,267,741"
 المدينة المنوره,المدينة المنورة,أوراق تجارية,2025/05/29,"15,267,483"
 القصيم,بريده,احكام و قرارات,2025/05/29,"15,270,065"
 القصيم,بريده,أوراق تجارية,2025/05/29,"15,265,970"
 الشرقية,الدمام,أوراق تجارية,2025/05/29,"15,268,093"
 الشرقية,الدمام,مزاد,2025/05/29,"15,268,734"
 الشرقية,الدمام,احكام و قرارات,2025/05/29,"15,269,704"
 الشرقية,حفر الباطن,احكام و قرارات,2025/05/29,"15,266,548"
 جازان,جيزان,عقود,2025/05/29,"15,270,343"
 الجوف,سكاكا,أوراق تجارية,2025/05/29,"15,269,912"
 الباحة,الباحه,احكام و قرارات,2025/05/29,"15,270,421"
 مكة المكرمه,جده,أوراق تجارية,2025/06/01,"15,272,065"
 الرياض,الرياض,احكام و قرارات,2025/06/11,"15,272,827"
 مكة المكرمه,جده,عقود,2025/06/11,"15,272,842"
 الرياض,الرياض,أوراق تجارية,2025/06/15,"15,305,565"
 الرياض,الرياض,أوراق تجارية,2025/06/15,"15,291,465"
 الرياض,الرياض,أوراق تجارية,2025/06/15,"15,291,466"
 الرياض,الرياض,أوراق تجارية,2025/06/15,"15,291,467"
 الرياض,الرياض,احكام و قرارات,2025/06/15,"15,306,180"
 الرياض,الرياض,أوراق تجارية,2025/06/15,"15,305,507"
 الرياض,الرياض,عقود,2025/06/15,"15,280,303"
 مكة المكرمه,جده,محاضر,2025/06/15,"15,299,393"
 مكة المكرمه,جده,احكام و قرارات,2025/06/15,"15,298,630"
 مكة المكرمه,جده,احكام و قرارات,2025/06/15,"15,298,631"
 مكة المكرمه,جده,احكام و قرارات,2025/06/15,"15,298,632"
 مكة المكرمه,جده,احكام و قرارات,2025/06/15,"15,298,638"
 مكة المكرمه,جده,احكام و قرارات,2025/06/15,"15,298,626"
 مكة المكرمه,جده,احكام و قرارات,2025/06/15,"15,298,627"
 مكة المكرمه,جده,احكام و قرارات,2025/06/15,"15,298,629"
 الشرقية,الدمام,اخلاء,2025/06/15,"15,300,907"
 حائل,حائل,احكام و قرارات,2025/06/15,"15,293,786"
 الرياض,الرياض,أوراق تجارية,2025/06/16,"15,317,522"
 الرياض,الرياض,عام,2025/06/16,"15,317,000"
 مكة المكرمه,مكة المكرمة,عقود,2025/06/16,"15,312,532"
 مكة المكرمه,جده,احكام و قرارات,2025/06/16,"15,316,122"
 مكة المكرمه,جده,احكام و قرارات,2025/06/16,"15,319,080"
 مكة المكرمه,جده,احكام و قرارات,2025/06/16,"15,317,429"
 مكة المكرمه,جده,احكام و قرارات,2025/06/16,"15,317,430"
 مكة المكرمه,جده,احكام و قرارات,2025/06/16,"15,317,431"
 مكة المكرمه,جده,احكام و قرارات,2025/06/16,"15,317,427"
 مكة المكرمه,جده,احكام و قرارات,2025/06/16,"15,316,004"
 مكة المكرمه,جده,احكام و قرارات,2025/06/16,"15,316,003"
 مكة المكرمه,جده,أوراق تجارية,2025/06/16,"15,319,317"
 مكة المكرمه,جده,احكام و قرارات,2025/06/16,"15,319,081"
 مكة المكرمه,جده,احكام و قرارات,2025/06/16,"15,319,082"
 مكة المكرمه,جده,احكام و قرارات,2025/06/16,"15,319,079"
 مكة المكرمه,جده,احكام و قرارات,2025/06/16,"15,317,428"
 الشرقية,الدمام,اخلاء,2025/06/16,"15,311,269"
 الشرقية,الدمام,احكام و قرارات,2025/06/16,"15,318,634"
 الشرقية,الدمام,احكام و قرارات,2025/06/16,"15,318,635"
 جازان,جيزان,احكام و قرارات,2025/06/16,"15,312,293"
 جازان,جيزان,احكام و قرارات,2025/06/16,"15,312,292"
 الرياض,الرياض,أوراق تجارية,2025/06/17,"15,325,864"
 الرياض,الرياض,أوراق تجارية,2025/06/17,"15,327,123"
 الرياض,الرياض,أوراق تجارية,2025/06/17,"15,327,122"
 الرياض,الرياض,احكام و قرارات,2025/06/17,"15,326,915"
 مكة المكرمه,جده,أوراق تجارية,2025/06/17,"15,321,211"
 مكة المكرمه,جده,احكام و قرارات,2025/06/17,"15,324,898"
 مكة المكرمه,جده,احكام و قرارات,2025/06/17,"15,324,881"
 مكة المكرمه,جده,أوراق تجارية,2025/06/17,"15,321,210"
 مكة المكرمه,جده,أوراق تجارية,2025/06/17,"15,327,412"
 مكة المكرمه,جده,أوراق تجارية,2025/06/17,"15,328,172"
 مكة المكرمه,جده,احكام و قرارات,2025/06/17,"15,327,352"
 المدينة المنوره,المدينة المنورة,أوراق تجارية,2025/06/17,"15,327,325"
 المدينة المنوره,المدينة المنورة,احكام و قرارات,2025/06/17,"15,327,004"
 المدينة المنوره,المدينة المنورة,احكام و قرارات,2025/06/17,"15,327,357"
 القصيم,بريده,احكام و قرارات,2025/06/17,"15,326,218"
 القصيم,بريده,احكام و قرارات,2025/06/17,"15,326,147"
 القصيم,بريده,أوراق تجارية,2025/06/17,"15,327,726"
 القصيم,بريده,احكام و قرارات,2025/06/17,"15,327,679"
 الشرقية,الدمام,احكام و قرارات,2025/06/17,"15,320,271"
 الشرقية,الدمام,احكام و قرارات,2025/06/17,"15,327,256"
 الشرقية,الدمام,اخلاء,2025/06/17,"15,325,039"
 الشرقية,الدمام,احكام و قرارات,2025/06/17,"15,326,871"
 الشرقية,الدمام,احكام و قرارات,2025/06/17,"15,327,182"
 الشرقية,الدمام,اخلاء,2025/06/17,"15,324,763"
 الشرقية,الدمام,اخلاء,2025/06/17,"15,325,082"
 الشرقية,الدمام,اخلاء,2025/06/17,"15,324,307"
 الشرقية,الدمام,أوراق تجارية,2025/06/17,"15,321,762"
 الشرقية,الدمام,احكام و قرارات,2025/06/17,"15,327,181"
 الشرقية,الدمام,احكام و قرارات,2025/06/17,"15,327,183"
 حائل,حائل,احكام و قرارات,2025/06/17,"15,324,388"
 جازان,جيزان,احكام و قرارات,2025/06/17,"15,326,366"
 جازان,جيزان,محاضر,2025/06/17,"15,326,269"
 الرياض,الرياض,احكام و قرارات,2025/06/18,"15,328,694"
 الرياض,الرياض,احكام و قرارات,2025/06/18,"15,328,695"
 الرياض,الرياض,اخلاء,2025/06/18,"15,333,498"
 الرياض,الرياض,عقود,2025/06/18,"15,334,240"
 مكة المكرمه,جده,عام,2025/06/18,"15,335,165"
 مكة المكرمه,جده,احكام و قرارات,2025/06/18,"15,335,520"
 مكة المكرمه,جده,احكام و قرارات,2025/06/18,"15,335,521"
 مكة المكرمه,جده,احكام و قرارات,2025/06/18,"15,335,522"
 مكة المكرمه,جده,احكام و قرارات,2025/06/18,"15,335,523"
 مكة المكرمه,جده,عقود,2025/06/18,"15,334,514"
 مكة المكرمه,جده,عقود,2025/06/18,"15,334,515"
 مكة المكرمه,جده,عقود,2025/06/18,"15,334,516"
 مكة المكرمه,جده,عقود,2025/06/18,"15,334,512"
 مكة المكرمه,جده,عقود,2025/06/18,"15,334,513"
 المدينة المنوره,المدينة المنورة,أوراق تجارية,2025/06/18,"15,333,308"
 المدينة المنوره,المدينة المنورة,أوراق تجارية,2025/06/18,"15,330,170"
 المدينة المنوره,المدينة المنورة,أوراق تجارية,2025/06/18,"15,329,643"
 المدينة المنوره,المدينة المنورة,عام,2025/06/18,"15,333,316"
 الشرقية,الدمام,احكام و قرارات,2025/06/18,"15,333,020"
 الشرقية,الدمام,اخلاء,2025/06/18,"15,335,319"
 الشرقية,الدمام,اخلاء,2025/06/18,"15,334,665"
 الشرقية,الدمام,عقود,2025/06/18,"15,333,501"
 الشرقية,الاحساء,احكام و قرارات,2025/06/18,"15,332,800"
 الشرقية,حفر الباطن,أوراق تجارية,2025/06/18,"15,336,366"
 الشرقية,حفر الباطن,عقود,2025/06/18,"15,336,361"
 الشرقية,حفر الباطن,أوراق تجارية,2025/06/18,"15,336,340"
 الشرقية,حفر الباطن,عقود,2025/06/18,"15,336,343"
 جازان,جيزان,عقود,2025/06/18,"15,328,636"
 نجران,نجران,عقود,2025/06/18,"15,334,616"
 نجران,نجران,عقود,2025/06/18,"15,334,220"
 الرياض,الرياض,عقود,2025/06/19,"15,344,457"
 مكة المكرمه,مكة المكرمة,اخلاء,2025/06/19,"15,344,145"
 مكة المكرمه,مكة المكرمة,احكام و قرارات,2025/06/19,"15,342,788"
 مكة المكرمه,جده,أوراق تجارية إلكترونية,2025/06/19,"15,344,381"
 مكة المكرمه,جده,أوراق تجارية,2025/06/19,"15,343,936"
 مكة المكرمه,جده,أوراق تجارية,2025/06/19,"15,343,937"
 مكة المكرمه,جده,أوراق تجارية,2025/06/19,"15,344,737"
 مكة المكرمه,جده,اخلاء,2025/06/19,"15,338,609"
 مكة المكرمه,جده,عقود,2025/06/19,"15,343,456"
 مكة المكرمه,جده,أوراق تجارية,2025/06/19,"15,342,462"
 مكة المكرمه,جده,احكام و قرارات,2025/06/19,"15,342,327"
 مكة المكرمه,جده,احكام و قرارات,2025/06/19,"15,342,326"
 المدينة المنوره,المدينة المنورة,أوراق تجارية,2025/06/19,"15,338,734"
 الشرقية,الدمام,اخلاء,2025/06/19,"15,337,197"
 الشرقية,الدمام,اخلاء,2025/06/19,"15,337,685"
 الشرقية,الدمام,احكام و قرارات,2025/06/19,"15,337,058"
 الشرقية,الدمام,احكام و قرارات,2025/06/19,"15,337,060"
 الشرقية,الاحساء,اخلاء,2025/06/19,"15,338,772"
 حائل,حائل,عقود,2025/06/19,"15,338,172"
 جازان,جيزان,احكام و قرارات,2025/06/19,"15,345,703"
 جازان,جيزان,احكام و قرارات,2025/06/19,"15,345,704"
 جازان,جيزان,أوراق تجارية,2025/06/19,"15,343,315"
 الرياض,الرياض,عقود,2025/06/21,"15,355,992"
 الرياض,الرياض,أوراق تجارية,2025/06/22,"15,368,537"
 الرياض,الرياض,أوراق تجارية,2025/06/22,"15,368,538"
 الرياض,الرياض,أوراق تجارية,2025/06/22,"15,368,539"
 الرياض,الرياض,أوراق تجارية,2025/06/22,"15,368,540"
 الرياض,الرياض,احكام و قرارات,2025/06/22,"15,366,091"
 الرياض,الرياض,أوراق تجارية إلكترونية,2025/06/22,"15,358,903"
 الرياض,الرياض,أوراق تجارية إلكترونية,2025/06/22,"15,358,904"
 مكة المكرمه,مكة المكرمة,اخلاء,2025/06/22,"15,371,823"
 مكة المكرمه,جده,احكام و قرارات,2025/06/22,"15,365,956"
 مكة المكرمه,جده,عقود,2025/06/22,"15,368,641"
 مكة المكرمه,جده,احكام و قرارات,2025/06/22,"15,365,953"
 مكة المكرمه,جده,احكام و قرارات,2025/06/22,"15,365,954"
 مكة المكرمه,جده,احكام و قرارات,2025/06/22,"15,365,955"
 مكة المكرمه,جده,أوراق تجارية,2025/06/22,"15,358,494"
 مكة المكرمه,جده,أوراق تجارية,2025/06/22,"15,358,176"
 مكة المكرمه,جده,أوراق تجارية,2025/06/22,"15,366,268"
 المدينة المنوره,المدينة المنورة,احكام و قرارات,2025/06/22,"15,358,214"
 المدينة المنوره,المدينة المنورة,احكام و قرارات,2025/06/22,"15,358,213"
 المدينة المنوره,المدينة المنورة,احكام و قرارات,2025/06/22,"15,358,215"
 المدينة المنوره,المدينة المنورة,احكام و قرارات,2025/06/22,"15,358,216"
 المدينة المنوره,المدينة المنورة,احكام و قرارات,2025/06/22,"15,358,217"
 المدينة المنوره,المدينة المنورة,احكام و قرارات,2025/06/22,"15,358,218"
 القصيم,بريده,احكام و قرارات,2025/06/22,"15,370,016"
 الشرقية,الدمام,اخلاء,2025/06/22,"15,358,863"
 الشرقية,الدمام,احكام و قرارات,2025/06/22,"15,368,213"
 الشرقية,الدمام,احكام و قرارات,2025/06/22,"15,368,212"
 الشرقية,الدمام,احكام و قرارات,2025/06/22,"15,368,211"
 الشرقية,الدمام,احكام و قرارات,2025/06/22,"15,368,210"
 الشرقية,الدمام,احكام و قرارات,2025/06/22,"15,368,221"
 الشرقية,الدمام,احكام و قرارات,2025/06/22,"15,368,220"
 الشرقية,الدمام,احكام و قرارات,2025/06/22,"15,368,219"
 الشرقية,الدمام,احكام و قرارات,2025/06/22,"15,368,218"
 الشرقية,الدمام,احكام و قرارات,2025/06/22,"15,368,217"
 الشرقية,الدمام,احكام و قرارات,2025/06/22,"15,368,216"
 الشرقية,الدمام,احكام و قرارات,2025/06/22,"15,368,215"
 الشرقية,الدمام,اخلاء,2025/06/22,"15,357,833"
 الشرقية,الدمام,احكام و قرارات,2025/06/22,"15,368,214"
 الشرقية,الدمام,اخلاء,2025/06/22,"15,358,144"
 حائل,حائل,أوراق تجارية,2025/06/22,"15,371,035"
 الرياض,الرياض,عقود,2025/06/23,"15,373,423"
 الرياض,الرياض,عقود,2025/06/23,"15,383,944"
 الرياض,الرياض,أوراق تجارية,2025/06/23,"15,373,468"
 الرياض,الرياض,احكام و قرارات,2025/06/23,"15,373,491"
 الرياض,الرياض,احكام و قرارات,2025/06/23,"15,373,486"
 مكة المكرمه,مكة المكرمة,احكام و قرارات,2025/06/23,"15,383,592"
 مكة المكرمه,مكة المكرمة,احكام و قرارات,2025/06/23,"15,382,985"
 مكة المكرمه,جده,عقود,2025/06/23,"15,384,433"
 مكة المكرمه,جده,أوراق تجارية,2025/06/23,"15,383,523"
 مكة المكرمه,جده,احكام و قرارات,2025/06/23,"15,383,955"
 مكة المكرمه,جده,عقود,2025/06/23,"15,382,300"
 المدينة المنوره,المدينة المنورة,عقود,2025/06/23,"15,381,302"
 الشرقية,الدمام,احكام و قرارات,2025/06/23,"15,374,299"
 الشرقية,الدمام,احكام و قرارات,2025/06/23,"15,374,300"
 الشرقية,الدمام,أوراق تجارية,2025/06/23,"15,386,239"
 الشرقية,الدمام,احكام و قرارات,2025/06/23,"15,374,302"
 الشرقية,الدمام,عقود,2025/06/23,"15,375,526"
 الشرقية,الدمام,احكام و قرارات,2025/06/23,"15,385,242"
 الشرقية,الدمام,احكام و قرارات,2025/06/23,"15,374,301"
 الشرقية,الدمام,احكام و قرارات,2025/06/23,"15,374,266"
 الشرقية,الدمام,احكام و قرارات,2025/06/23,"15,374,271"
 الشرقية,الدمام,احكام و قرارات,2025/06/23,"15,374,270"
 الشرقية,الدمام,احكام و قرارات,2025/06/23,"15,374,269"
 الشرقية,الدمام,احكام و قرارات,2025/06/23,"15,374,268"
 الشرقية,الدمام,احكام و قرارات,2025/06/23,"15,374,267"
 الشرقية,الدمام,أوراق تجارية,2025/06/23,"15,386,232"
 الشرقية,الدمام,أوراق تجارية,2025/06/23,"15,386,233"
 الشرقية,الدمام,أوراق تجارية,2025/06/23,"15,386,229"
 الشرقية,الدمام,أوراق تجارية,2025/06/23,"15,386,234"
 الشرقية,الدمام,أوراق تجارية,2025/06/23,"15,386,241"
 الشرقية,الدمام,أوراق تجارية,2025/06/23,"15,386,240"
 الشرقية,الدمام,أوراق تجارية,2025/06/23,"15,386,235"
 الشرقية,الدمام,أوراق تجارية,2025/06/23,"15,386,236"
 الشرقية,الدمام,أوراق تجارية,2025/06/23,"15,386,237"
 الشرقية,الدمام,أوراق تجارية,2025/06/23,"15,386,238"
 جازان,جيزان,احكام و قرارات,2025/06/23,"15,380,007"
 نجران,نجران,أوراق تجارية,2025/06/23,"15,386,245"
 الباحة,الباحه,احكام و قرارات,2025/06/23,"15,385,420"
 الباحة,الباحه,احكام و قرارات,2025/06/23,"15,385,419"
 الباحة,الباحه,احكام و قرارات,2025/06/23,"15,385,421"
 الرياض,الرياض,أوراق تجارية,2025/06/24,"15,387,869"
 الرياض,الرياض,احكام و قرارات,2025/06/24,"15,400,174"
 الرياض,الرياض,أوراق تجارية,2025/06/24,"15,397,206"
 مكة المكرمه,مكة المكرمة,احكام و قرارات,2025/06/24,"15,397,785"
 مكة المكرمه,مكة المكرمة,مزاد,2025/06/24,"15,401,585"
 مكة المكرمه,مكة المكرمة,احكام و قرارات,2025/06/24,"15,397,786"
 مكة المكرمه,جده,أوراق تجارية,2025/06/24,"15,397,659"
 مكة المكرمه,جده,أوراق تجارية,2025/06/24,"15,397,658"
 مكة المكرمه,جده,احكام و قرارات,2025/06/24,"15,395,875"
 مكة المكرمه,جده,أوراق تجارية,2025/06/24,"15,400,670"
 مكة المكرمه,جده,عقود,2025/06/24,"15,398,385"
 القصيم,بريده,احكام و قرارات,2025/06/24,"15,399,046"
 القصيم,بريده,احكام و قرارات,2025/06/24,"15,399,763"
 القصيم,بريده,احكام و قرارات,2025/06/24,"15,399,762"
 القصيم,بريده,عقود,2025/06/24,"15,388,153"
 الشرقية,الدمام,احكام و قرارات,2025/06/24,"15,396,371"
 الشرقية,الدمام,اخلاء,2025/06/24,"15,401,146"
 الشرقية,الدمام,أوراق تجارية,2025/06/24,"15,390,488"
 الشرقية,الدمام,أوراق تجارية,2025/06/24,"15,390,487"
 الشرقية,الدمام,أوراق تجارية,2025/06/24,"15,390,486"
 الشرقية,الدمام,أوراق تجارية,2025/06/24,"15,390,485"
 الشرقية,الدمام,أوراق تجارية,2025/06/24,"15,390,484"
 الشرقية,الدمام,أوراق تجارية,2025/06/24,"15,397,639"
 الشرقية,الدمام,احكام و قرارات,2025/06/24,"15,396,078"
 الشرقية,الدمام,احكام و قرارات,2025/06/24,"15,396,370"
 الشرقية,حفر الباطن,احكام و قرارات,2025/06/24,"15,400,857"
 الشرقية,حفر الباطن,احكام و قرارات,2025/06/24,"15,397,204"
 عسير,ابها,أوراق تجارية,2025/06/24,"15,395,723"
 عسير,ابها,أوراق تجارية,2025/06/24,"15,396,442"
 عسير,ابها,أوراق تجارية,2025/06/24,"15,396,648"
 تبوك,تبوك,أوراق تجارية,2025/06/24,"15,399,448"
 تبوك,تبوك,أوراق تجارية,2025/06/24,"15,399,234"
 تبوك,تبوك,أوراق تجارية,2025/06/24,"15,399,449"
 حائل,حائل,عقود,2025/06/24,"15,389,728"
 حائل,حائل,احكام و قرارات,2025/06/24,"15,398,413"
 حائل,حائل,عقود,2025/06/24,"15,388,949"
 جازان,جيزان,عقود,2025/06/24,"15,401,821"
 جازان,جيزان,عقود,2025/06/24,"15,400,622"
 نجران,نجران,عقود,2025/06/24,"15,397,164"
 الرياض,الرياض,احكام و قرارات,2025/06/25,"15,408,899"
 الرياض,الرياض,اخلاء,2025/06/25,"15,409,210"
 الرياض,الرياض,أوراق تجارية,2025/06/25,"15,409,442"
 الرياض,الرياض,أوراق تجارية,2025/06/25,"15,409,443"
 الرياض,الرياض,أوراق تجارية,2025/06/25,"15,409,444"
 الرياض,الرياض,أوراق تجارية,2025/06/25,"15,409,366"
 الرياض,الرياض,احكام و قرارات,2025/06/25,"15,408,980"
 الرياض,الرياض,احكام و قرارات,2025/06/25,"15,408,982"
 الرياض,الرياض,أوراق تجارية,2025/06/25,"15,409,367"
 الرياض,الرياض,عام,2025/06/25,"15,408,288"
 الرياض,الرياض,احكام و قرارات,2025/06/25,"15,408,979"
 الرياض,الرياض,عقود,2025/06/25,"15,408,429"
 مكة المكرمه,جده,احكام و قرارات,2025/06/25,"15,407,734"
 مكة المكرمه,جده,احكام و قرارات,2025/06/25,"15,409,192"
 مكة المكرمه,جده,احكام و قرارات,2025/06/25,"15,409,193"
 مكة المكرمه,جده,احكام و قرارات,2025/06/25,"15,409,190"
 مكة المكرمه,جده,عقود,2025/06/25,"15,409,421"
 مكة المكرمه,جده,احكام و قرارات,2025/06/25,"15,409,191"
 مكة المكرمه,الطائف,أوراق تجارية,2025/06/25,"15,408,972"
 المدينة المنوره,المدينة المنورة,عقود,2025/06/25,"15,408,345"
 القصيم,بريده,عقود,2025/06/25,"15,410,088"
 القصيم,بريده,عقود,2025/06/25,"15,404,505"
 القصيم,بريده,أوراق تجارية,2025/06/25,"15,404,448"
 الشرقية,الدمام,احكام و قرارات,2025/06/25,"15,407,779"
 الشرقية,الدمام,عقود,2025/06/25,"15,403,824"
 الشرقية,الدمام,احكام و قرارات,2025/06/25,"15,407,778"
 الشرقية,الدمام,احكام و قرارات,2025/06/25,"15,407,777"
 الشرقية,الدمام,احكام و قرارات,2025/06/25,"15,407,776"
 الشرقية,الدمام,احكام و قرارات,2025/06/25,"15,407,775"
 الشرقية,الدمام,احكام و قرارات,2025/06/25,"15,407,774"
 الشرقية,الدمام,احكام و قرارات,2025/06/25,"15,407,773"
 الشرقية,الدمام,احكام و قرارات,2025/06/25,"15,407,772"
 الشرقية,الدمام,احكام و قرارات,2025/06/25,"15,407,782"
 الشرقية,الدمام,احكام و قرارات,2025/06/25,"15,407,781"
 الشرقية,الدمام,احكام و قرارات,2025/06/25,"15,407,780"
 الشرقية,الدمام,أوراق تجارية,2025/06/25,"15,402,924"
 الشرقية,الدمام,أوراق تجارية,2025/06/25,"15,402,934"
 الشرقية,الاحساء,أوراق تجارية,2025/06/25,"15,404,473"
 الشرقية,الاحساء,أوراق تجارية إلكترونية,2025/06/25,"15,404,611"
 الشرقية,الاحساء,أوراق تجارية إلكترونية,2025/06/25,"15,404,612"
 الشرقية,حفر الباطن,عقود,2025/06/25,"15,404,502"
 حائل,حائل,عقود,2025/06/25,"15,408,409"
 حائل,حائل,عقود,2025/06/25,"15,407,832"
 حائل,حائل,عقود,2025/06/25,"15,407,751"
 حائل,حائل,عقود,2025/06/25,"15,408,484"
 حائل,حائل,عقود,2025/06/25,"15,407,921"
 حائل,حائل,عقود,2025/06/25,"15,409,205"
 جازان,جيزان,عقود,2025/06/25,"15,409,257"
 جازان,جيزان,عقود,2025/06/25,"15,408,319"
 جازان,جيزان,عقود,2025/06/25,"15,408,235"
 نجران,نجران,أوراق تجارية,2025/06/25,"15,403,186"
 الرياض,الرياض,عقود,2025/06/26,"15,417,023"
 الرياض,الرياض,أوراق تجارية,2025/06/26,"15,413,558"
 الرياض,الرياض,احكام و قرارات,2025/06/26,"15,419,375"
 الرياض,الرياض,احكام و قرارات,2025/06/26,"15,418,211"
 الرياض,الرياض,أوراق تجارية,2025/06/26,"15,416,878"
 الرياض,الرياض,أوراق تجارية,2025/06/26,"15,420,350"
 الرياض,الرياض,أوراق تجارية,2025/06/26,"15,417,397"
 الرياض,الرياض,احكام و قرارات,2025/06/26,"15,419,374"
 الرياض,الرياض,أوراق تجارية,2025/06/26,"15,417,450"
 الرياض,الرياض,أوراق تجارية,2025/06/26,"15,419,048"
 الرياض,الرياض,أوراق تجارية,2025/06/26,"15,416,879"
 مكة المكرمه,مكة المكرمة,احكام و قرارات,2025/06/26,"15,412,980"
 مكة المكرمه,مكة المكرمة,احكام و قرارات,2025/06/26,"15,419,645"
 مكة المكرمه,جده,احكام و قرارات,2025/06/26,"15,417,545"
 مكة المكرمه,جده,مزاد,2025/06/26,"15,417,217"
 مكة المكرمه,جده,احكام و قرارات,2025/06/26,"15,413,290"
 مكة المكرمه,جده,احكام و قرارات,2025/06/26,"15,413,287"
 مكة المكرمه,جده,احكام و قرارات,2025/06/26,"15,413,289"
 مكة المكرمه,جده,احكام و قرارات,2025/06/26,"15,413,288"
 مكة المكرمه,جده,احكام و قرارات,2025/06/26,"15,417,546"
 مكة المكرمه,جده,احكام و قرارات,2025/06/26,"15,418,742"
 مكة المكرمه,جده,احكام و قرارات,2025/06/26,"15,413,286"
 القصيم,بريده,عقود,2025/06/26,"15,413,316"
 القصيم,بريده,عقود,2025/06/26,"15,417,910"
 القصيم,بريده,احكام و قرارات,2025/06/26,"15,413,010"
 الشرقية,الدمام,احكام و قرارات,2025/06/26,"15,418,544"
 الشرقية,الدمام,احكام و قرارات,2025/06/26,"15,418,545"
 الشرقية,الدمام,احكام و قرارات,2025/06/26,"15,418,800"
 الشرقية,الدمام,عقود,2025/06/26,"15,419,635"
 الشرقية,الدمام,أوراق تجارية,2025/06/26,"15,419,272"
 الشرقية,الدمام,أوراق تجارية,2025/06/26,"15,419,274"
 الشرقية,الدمام,اخلاء,2025/06/26,"15,417,522"
 الشرقية,الدمام,أوراق تجارية,2025/06/26,"15,419,273"
 الشرقية,الدمام,احكام و قرارات,2025/06/26,"15,418,915"
 عسير,ابها,احكام و قرارات,2025/06/26,"15,417,656"
 تبوك,تبوك,أوراق تجارية,2025/06/26,"15,419,528"
 تبوك,تبوك,عقود,2025/06/26,"15,417,386"
 تبوك,تبوك,أوراق تجارية,2025/06/26,"15,420,805"
 تبوك,تبوك,عقود,2025/06/26,"15,417,315"
 تبوك,تبوك,أوراق تجارية,2025/06/26,"15,420,806"
 الحدود الشمالية,عرعر,عقود,2025/06/26,"15,417,121"
 الحدود الشمالية,عرعر,عقود,2025/06/26,"15,417,086"
 الباحة,الباحه,احكام و قرارات,2025/06/26,"15,418,820"
 الباحة,الباحه,احكام و قرارات,2025/06/26,"15,418,819"
 الرياض,الرياض,احكام و قرارات,2025/06/29,"15,450,125"
 الرياض,الرياض,احكام و قرارات,2025/06/29,"15,447,727"
 الرياض,الرياض,عقود,2025/06/29,"15,447,157"
 الرياض,الرياض,أوراق تجارية,2025/06/29,"15,450,126"
 الرياض,الرياض,أوراق تجارية إلكترونية,2025/06/29,"15,444,476"
 مكة المكرمه,مكة المكرمة,احكام و قرارات,2025/06/29,"15,446,165"
 مكة المكرمه,جده,أوراق تجارية,2025/06/29,"15,446,286"
 مكة المكرمه,جده,احكام و قرارات,2025/06/29,"15,448,590"
 مكة المكرمه,جده,احكام و قرارات,2025/06/29,"15,448,633"
 مكة المكرمه,جده,احكام و قرارات,2025/06/29,"15,449,477"
 مكة المكرمه,جده,احكام و قرارات,2025/06/29,"15,448,661"
 مكة المكرمه,جده,احكام و قرارات,2025/06/29,"15,448,591"
 مكة المكرمه,جده,احكام و قرارات,2025/06/29,"15,448,592"
 مكة المكرمه,جده,احكام و قرارات,2025/06/29,"15,448,593"
 مكة المكرمه,جده,احكام و قرارات,2025/06/29,"15,448,594"
 مكة المكرمه,جده,احكام و قرارات,2025/06/29,"15,448,589"
 مكة المكرمه,جده,احكام و قرارات,2025/06/29,"15,448,662"
 مكة المكرمه,الطائف,أوراق تجارية,2025/06/29,"15,437,281"
 المدينة المنوره,المدينة المنورة,عقود,2025/06/29,"15,444,976"
 المدينة المنوره,المدينة المنورة,احكام و قرارات,2025/06/29,"15,446,210"
 المدينة المنوره,المدينة المنورة,عقود,2025/06/29,"15,444,774"
 المدينة المنوره,المدينة المنورة,احكام و قرارات,2025/06/29,"15,446,906"
 القصيم,بريده,احكام و قرارات,2025/06/29,"15,445,165"
 القصيم,بريده,عقود,2025/06/29,"15,436,756"
 القصيم,بريده,عقود,2025/06/29,"15,446,158"
 القصيم,بريده,احكام و قرارات,2025/06/29,"15,445,166"
 الشرقية,الدمام,عقود,2025/06/29,"15,437,114"
 الشرقية,الدمام,اخلاء,2025/06/29,"15,443,403"
 حائل,حائل,احكام و قرارات,2025/06/29,"15,437,009"
 نجران,نجران,عقود,2025/06/29,"15,446,633"
 نجران,نجران,عقود,2025/06/29,"15,435,279"
 الجوف,سكاكا,أوراق تجارية,2025/06/29,"15,435,448"
 الجوف,سكاكا,عقود,2025/06/29,"15,445,267"
 الباحة,الباحه,عقود,2025/06/29,"15,446,556"
 الرياض,الرياض,احكام و قرارات,2025/06/30,"15,458,522"
 الرياض,الرياض,عقود,2025/06/30,"15,465,699"
 الرياض,الرياض,احكام و قرارات,2025/06/30,"15,458,777"
 الرياض,الرياض,احكام و قرارات,2025/06/30,"15,458,902"
 الرياض,الرياض,اخلاء,2025/06/30,"15,462,899"
 الرياض,الرياض,احكام و قرارات,2025/06/30,"15,458,779"
 الرياض,الرياض,أوراق تجارية,2025/06/30,"15,459,122"
 مكة المكرمه,مكة المكرمة,احكام و قرارات,2025/06/30,"15,450,563"
 مكة المكرمه,مكة المكرمة,احكام و قرارات,2025/06/30,"15,463,648"
 مكة المكرمه,جده,عقود,2025/06/30,"15,465,075"
 مكة المكرمه,جده,اخلاء,2025/06/30,"15,459,519"
 المدينة المنوره,المدينة المنورة,احكام و قرارات,2025/06/30,"15,459,806"
 القصيم,بريده,أوراق تجارية,2025/06/30,"15,458,655"
 عسير,ابها,عقود,2025/06/30,"15,453,237"
 حائل,حائل,عقود,2025/06/30,"15,460,024"
 نجران,نجران,عقود,2025/06/30,"15,461,733"
 الجوف,سكاكا,مزاد,2025/06/30,"15,464,383"
 الجوف,سكاكا,مزاد,2025/06/30,"15,464,384"
