السنة ,الربع,المنطقة ,المدينة ,نوع العقار ,مجموع الصفقات,المتوسط
2019,1,الباحة,الباحة,استديو - سكني,7,20100
2019,1,الباحة,العقيق,استديو - سكني,4,9000
2019,1,الباحة,المخواة,استديو - سكني,2,16800
2019,1,الباحة,بلجرشي,استديو - سكني,1,12000
2019,1,الباحة,الباحة,دور - سكني,8,18714.28571
2019,1,الباحة,العقيق,دور - سكني,1,15600
2019,1,الباحة,بلجرشي,دور - سكني,3,26333.33333
2019,1,الباحة,الباحة,شقة - سكني,161,16340.12613
2019,1,الباحة,العقيق,شقة - سكني,31,12265.51724
2019,1,الباحة,المخواة,شقة - سكني,6,12000
2019,1,الباحة,المندق,شقة - سكني,1,15000
2019,1,الباحة,بلجرشي,شقة - سكني,18,13656.25
2019,1,الباحة,بني حسن,شقة - سكني,1,7000
2019,1,الباحة,المخواة,محل - تجاري,4,770.83333
2019,2,الباحة,الباحة,استديو - سكني,1,9600
2019,2,الباحة,العقيق,استديو - سكني,4,8800
2019,2,الباحة,بلجرشي,استديو - سكني,1,12000
2019,2,الباحة,الباحة,دور - سكني,8,14941.625
2019,2,الباحة,العقيق,دور - سكني,3,32500
2019,2,الباحة,قلوة,دور - سكني,1,22800
2019,2,الباحة,الباحة,شقة - سكني,187,16753.53216
2019,2,الباحة,العقيق,شقة - سكني,54,13697.87234
2019,2,الباحة,المخواة,شقة - سكني,12,16100
2019,2,الباحة,المندق,شقة - سكني,2,19000
2019,2,الباحة,بلجرشي,شقة - سكني,22,15476.19048
2019,2,الباحة,قلوة,شقة - سكني,14,16053.84615
2019,2,الباحة,المخواة,محل - تجاري,1,578.57143
2019,3,الباحة,الباحة,استديو - سكني,9,10800
2019,3,الباحة,العقيق,استديو - سكني,3,6600
2019,3,الباحة,المخواة,استديو - سكني,1,6000
2019,3,الباحة,بلجرشي,استديو - سكني,1,12000
2019,3,الباحة,الباحة,دوبلاكس - سكني,1,9600
2019,3,الباحة,الباحة,دور - سكني,6,20351.83333
2019,3,الباحة,العقيق,دور - سكني,7,17714.28571
2019,3,الباحة,المخواة,دور - سكني,1,12000
2019,3,الباحة,الأطاولة,شقة - سكني,3,18818
2019,3,الباحة,الباحة,شقة - سكني,195,16433.79747
2019,3,الباحة,العقيق,شقة - سكني,78,13814.83333
2019,3,الباحة,المخواة,شقة - سكني,5,18600
2019,3,الباحة,المندق,شقة - سكني,3,16533.33333
2019,3,الباحة,بلجرشي,شقة - سكني,55,13649.89796
2019,3,الباحة,بني حسن,شقة - سكني,1,13000
2019,3,الباحة,قلوة,شقة - سكني,18,14600
2019,3,الباحة,الباحة,فيلا - سكني,1,28800
2019,3,الباحة,الباحة,محل - تجاري,18,524.95964
2019,3,الباحة,العقيق,محل - تجاري,1,416.66667
2019,3,الباحة,المخواة,محل - تجاري,1,195.65217
2019,3,الباحة,المندق,محل - تجاري,1,1100
2019,3,الباحة,بلجرشي,محل - تجاري,1,233.33333
2019,4,الباحة,الباحة,استديو - سكني,16,12415.38462
2019,4,الباحة,العقيق,استديو - سكني,4,9000
2019,4,الباحة,بلجرشي,استديو - سكني,1,9600
2019,4,الباحة,الباحة,دور - سكني,10,17075
2019,4,الباحة,العقيق,دور - سكني,2,15000
2019,4,الباحة,المخواة,دور - سكني,1,14000
2019,4,الباحة,بلجرشي,دور - سكني,1,16000
2019,4,الباحة,قلوة,دور - سكني,6,12816.66667
2019,4,الباحة,الأطاولة,شقة - سكني,1,21000
2019,4,الباحة,الباحة,شقة - سكني,271,14697.07763
2019,4,الباحة,العقيق,شقة - سكني,97,14012.72727
2019,4,الباحة,المخواة,شقة - سكني,7,13106.42857
2019,4,الباحة,المندق,شقة - سكني,6,17833.33333
2019,4,الباحة,بلجرشي,شقة - سكني,78,12840.25
2019,4,الباحة,بني حسن,شقة - سكني,8,13750
2019,4,الباحة,قلوة,شقة - سكني,15,17280
2019,4,الباحة,الباحة,فيلا - سكني,2,19800
2019,4,الباحة,الباحة,محل - تجاري,30,477.782952
2019,4,الباحة,العقيق,محل - تجاري,2,510
2019,4,الباحة,المخواة,محل - تجاري,1,94.2029
2019,4,الباحة,المندق,محل - تجاري,1,97.08738
2019,4,الباحة,بلجرشي,محل - تجاري,1,425
2019,4,الباحة,قلوة,محل - تجاري,4,420
2019,4,الباحة,الباحة,مكتب - تجاري,2,345
2019,4,الباحة,العقيق,مكتب - تجاري,1,291.66667
2020,1,الباحة,الباحة,استديو - سكني,26,11988.23529
2020,1,الباحة,العقيق,استديو - سكني,8,8500
2020,1,الباحة,المخواة,استديو - سكني,2,6000
2020,1,الباحة,بلجرشي,استديو - سكني,1,12000
2020,1,الباحة,بلجرشي,دوبلاكس - سكني,1,49090
2020,1,الباحة,الباحة,دور - سكني,10,25146
2020,1,الباحة,العقيق,دور - سكني,6,16633.2
2020,1,الباحة,بلجرشي,دور - سكني,5,15800
2020,1,الباحة,قلوة,دور - سكني,1,12000
2020,1,الباحة,الباحة,شقة - سكني,223,14944.47594
2020,1,الباحة,العقيق,شقة - سكني,129,11820.10101
2020,1,الباحة,المخواة,شقة - سكني,21,12218.05882
2020,1,الباحة,المندق,شقة - سكني,3,13333.33333
2020,1,الباحة,بلجرشي,شقة - سكني,65,13304.90909
2020,1,الباحة,بني حسن,شقة - سكني,7,15357.5
2020,1,الباحة,قلوة,شقة - سكني,32,12726.66667
2020,1,الباحة,الباحة,محل - تجاري,13,544.465048
2020,1,الباحة,العقيق,محل - تجاري,2,233.333335
2020,1,الباحة,بلجرشي,محل - تجاري,7,450.352942
2020,1,الباحة,قلوة,محل - تجاري,3,516.666666
2020,1,الباحة,الباحة,مكتب - تجاري,2,201.11111
2020,1,الباحة,العقيق,مكتب - تجاري,1,168
2020,2,الباحة,الباحة,استديو - سكني,13,10015.38462
2020,2,الباحة,العقيق,استديو - سكني,3,7500
2020,2,الباحة,المخواة,استديو - سكني,2,6600
2020,2,الباحة,بلجرشي,استديو - سكني,5,10560
2020,2,الباحة,قلوة,استديو - سكني,2,7200
2020,2,الباحة,الباحة,دور - سكني,8,19562.5
2020,2,الباحة,العقيق,دور - سكني,3,14466.66667
2020,2,الباحة,المخواة,دور - سكني,1,24000
2020,2,الباحة,بلجرشي,دور - سكني,1,19000
2020,2,الباحة,قلوة,دور - سكني,5,9640
2020,2,الباحة,الأطاولة,شقة - سكني,1,15000
2020,2,الباحة,الباحة,شقة - سكني,259,14410.69528
2020,2,الباحة,العقيق,شقة - سكني,71,11588.15873
2020,2,الباحة,المخواة,شقة - سكني,14,11700
2020,2,الباحة,المندق,شقة - سكني,5,9800
2020,2,الباحة,بلجرشي,شقة - سكني,117,13384.48077
2020,2,الباحة,بني حسن,شقة - سكني,2,13818
2020,2,الباحة,قلوة,شقة - سكني,37,10037.4
2020,2,الباحة,الباحة,فيلا - سكني,1,44000
2020,2,الباحة,الباحة,محل - تجاري,14,378.467521
2020,2,الباحة,العقيق,محل - تجاري,5,430.756196
2020,2,الباحة,بلجرشي,محل - تجاري,9,428.974266
2020,2,الباحة,قلوة,محل - تجاري,2,610
2020,2,الباحة,الباحة,مكتب - تجاري,2,87.5
2020,2,الباحة,المخواة,مكتب - تجاري,1,222.22222
2020,2,الباحة,بلجرشي,مكتب - تجاري,1,204.54546
2020,3,الباحة,الباحة,استديو - سكني,34,11984
2020,3,الباحة,العقيق,استديو - سكني,11,8345.454545
2020,3,الباحة,المخواة,استديو - سكني,3,11466.66667
2020,3,الباحة,المندق,استديو - سكني,1,6000
2020,3,الباحة,بلجرشي,استديو - سكني,4,7500
2020,3,الباحة,قلوة,استديو - سكني,9,8575
2020,3,الباحة,قلوة,دوبلاكس - سكني,1,9000
2020,3,الباحة,الباحة,دور - سكني,14,17200
2020,3,الباحة,العقيق,دور - سكني,7,15849.28571
2020,3,الباحة,المخواة,دور - سكني,1,12000
2020,3,الباحة,المندق,دور - سكني,1,23000
2020,3,الباحة,بلجرشي,دور - سكني,11,10857.14286
2020,3,الباحة,قلوة,دور - سكني,3,15333.33333
2020,3,الباحة,الأطاولة,شقة - سكني,1,6000
2020,3,الباحة,الباحة,شقة - سكني,415,15484.36709
2020,3,الباحة,العقيق,شقة - سكني,112,13037.41489
2020,3,الباحة,المخواة,شقة - سكني,68,12694.82
2020,3,الباحة,المندق,شقة - سكني,16,10810.26667
2020,3,الباحة,بلجرشي,شقة - سكني,173,12745.31081
2020,3,الباحة,بني حسن,شقة - سكني,12,10000
2020,3,الباحة,قلوة,شقة - سكني,104,10028.87671
2020,3,الباحة,الباحة,فيلا - سكني,2,37500
2020,3,الباحة,الأطاولة,محل - تجاري,1,454.54546
2020,3,الباحة,الباحة,محل - تجاري,110,742.302497
2020,3,الباحة,العقيق,محل - تجاري,23,349.434317
2020,3,الباحة,المخواة,محل - تجاري,12,478.277525
2020,3,الباحة,المندق,محل - تجاري,6,209.083454
2020,3,الباحة,بلجرشي,محل - تجاري,39,361.116056
2020,3,الباحة,بني حسن,محل - تجاري,3,515.873016
2020,3,الباحة,قلوة,محل - تجاري,21,409.397403
2020,3,الباحة,الباحة,مكتب - تجاري,3,266.790123
2020,3,الباحة,قلوة,مكتب - تجاري,1,140
2020,4,الباحة,الباحة,استديو - سكني,23,9647.826086
2020,4,الباحة,العقيق,استديو - سكني,5,9450
2020,4,الباحة,المخواة,استديو - سكني,2,5700
2020,4,الباحة,المندق,استديو - سكني,1,6000
2020,4,الباحة,بلجرشي,استديو - سكني,16,7523.076923
2020,4,الباحة,الباحة,دوبلاكس - سكني,1,25800
2020,4,الباحة,العقيق,دوبلاكس - سكني,1,38000
2020,4,الباحة,الباحة,دور - سكني,9,40333.33333
2020,4,الباحة,العقيق,دور - سكني,6,15553.5
2020,4,الباحة,المندق,دور - سكني,1,10000
2020,4,الباحة,بلجرشي,دور - سكني,6,20250
2020,4,الباحة,قلوة,دور - سكني,2,11700
2020,4,الباحة,الأطاولة,شقة - سكني,1,6000
2020,4,الباحة,الباحة,شقة - سكني,427,14950.67049
2020,4,الباحة,العقيق,شقة - سكني,66,13389.28571
2020,4,الباحة,المخواة,شقة - سكني,45,12007.75676
2020,4,الباحة,المندق,شقة - سكني,13,14470.27273
2020,4,الباحة,بلجرشي,شقة - سكني,136,13144.39655
2020,4,الباحة,بني حسن,شقة - سكني,7,11428.57143
2020,4,الباحة,قلوة,شقة - سكني,29,13434.78261
2020,4,الباحة,الأطاولة,محل - تجاري,1,312.5
2020,4,الباحة,الباحة,محل - تجاري,107,437.685069
2020,4,الباحة,العقيق,محل - تجاري,34,328.274146
2020,4,الباحة,المخواة,محل - تجاري,53,447.94415
2020,4,الباحة,المندق,محل - تجاري,12,311.936202
2020,4,الباحة,بلجرشي,محل - تجاري,45,417.684338
2020,4,الباحة,بني حسن,محل - تجاري,3,216.666665
2020,4,الباحة,قلوة,محل - تجاري,25,403.801987
2020,4,الباحة,الباحة,معرض تجاري - تجاري,3,389.589836
2020,4,الباحة,العقيق,معرض تجاري - تجاري,1,12
2020,4,الباحة,بلجرشي,معرض تجاري - تجاري,3,222.22
2020,4,الباحة,الباحة,مكتب - تجاري,4,249.784482
2020,4,الباحة,العقيق,مكتب - تجاري,1,285.71429
2020,4,الباحة,المندق,مكتب - تجاري,1,250
2020,4,الباحة,بلجرشي,مكتب - تجاري,2,263.257575
2021,1,الباحة,الباحة,استديو - سكني,10,10240
2021,1,الباحة,العقيق,استديو - سكني,11,8618.181818
2021,1,الباحة,المخواة,استديو - سكني,2,30000
2021,1,الباحة,بلجرشي,استديو - سكني,7,6271.428571
2021,1,الباحة,الباحة,دوبلاكس - سكني,2,31600
2021,1,الباحة,بلجرشي,دوبلاكس - سكني,1,49090
2021,1,الباحة,الباحة,دور - سكني,9,26464.55556
2021,1,الباحة,العقيق,دور - سكني,5,14100
2021,1,الباحة,المخواة,دور - سكني,3,29818
2021,1,الباحة,المندق,دور - سكني,2,16500
2021,1,الباحة,بلجرشي,دور - سكني,9,15149.44444
2021,1,الباحة,قلوة,دور - سكني,2,8500
2021,1,الباحة,الأطاولة,شقة - سكني,3,6575.666666
2021,1,الباحة,الباحة,شقة - سكني,339,15439.58362
2021,1,الباحة,العقيق,شقة - سكني,84,12568.35616
2021,1,الباحة,المخواة,شقة - سكني,50,13054.02273
2021,1,الباحة,المندق,شقة - سكني,15,13315.57143
2021,1,الباحة,بلجرشي,شقة - سكني,139,13927.81356
2021,1,الباحة,بني حسن,شقة - سكني,5,8360
2021,1,الباحة,قلوة,شقة - سكني,40,13325
2021,1,الباحة,الباحة,فيلا - سكني,1,18000
2021,1,الباحة,الباحة,محل - تجاري,110,560.997653
2021,1,الباحة,العقيق,محل - تجاري,28,383.844128
2021,1,الباحة,المخواة,محل - تجاري,29,505.209845
2021,1,الباحة,المندق,محل - تجاري,10,251.891461
2021,1,الباحة,بلجرشي,محل - تجاري,52,319.822297
2021,1,الباحة,بني حسن,محل - تجاري,3,258.333333
2021,1,الباحة,قلوة,محل - تجاري,12,370.393487
2021,1,الباحة,الباحة,معرض تجاري - تجاري,8,684.375
2021,1,الباحة,الباحة,مكتب - تجاري,6,372.048282
2021,1,الباحة,المخواة,مكتب - تجاري,2,227.142855
2021,1,الباحة,بلجرشي,مكتب - تجاري,1,250
2021,2,الباحة,الباحة,استديو - سكني,12,10316.66667
2021,2,الباحة,المخواة,استديو - سكني,1,9600
2021,2,الباحة,بلجرشي,استديو - سكني,1,6000
2021,2,الباحة,قلوة,استديو - سكني,1,12000
2021,2,الباحة,الباحة,دور - سكني,11,15041.4
2021,2,الباحة,العقيق,دور - سكني,1,23000
2021,2,الباحة,بلجرشي,دور - سكني,7,16560.5
2021,2,الباحة,الأطاولة,شقة - سكني,4,12600
2021,2,الباحة,الباحة,شقة - سكني,280,15713.73575
2021,2,الباحة,العقيق,شقة - سكني,71,12451.85185
2021,2,الباحة,المخواة,شقة - سكني,32,12573.92857
2021,2,الباحة,المندق,شقة - سكني,3,11000
2021,2,الباحة,بلجرشي,شقة - سكني,95,14495.84524
2021,2,الباحة,بني حسن,شقة - سكني,2,10500
2021,2,الباحة,قلوة,شقة - سكني,16,12093.33333
2021,2,الباحة,الباحة,محل - تجاري,74,543.671946
2021,2,الباحة,العقيق,محل - تجاري,20,376.239531
2021,2,الباحة,المخواة,محل - تجاري,15,543.96857
2021,2,الباحة,المندق,محل - تجاري,9,184.106992
2021,2,الباحة,بلجرشي,محل - تجاري,16,488.030419
2021,2,الباحة,بني حسن,محل - تجاري,4,184.5777
2021,2,الباحة,قلوة,محل - تجاري,3,496.308316
2021,2,الباحة,الباحة,مكتب - تجاري,2,445.238095
2021,2,الباحة,بلجرشي,مكتب - تجاري,2,207.97414
2021,3,الباحة,الباحة,استديو - سكني,52,10877.77778
2021,3,الباحة,العقيق,استديو - سكني,11,11800
2021,3,الباحة,المخواة,استديو - سكني,3,8000
2021,3,الباحة,بلجرشي,استديو - سكني,2,6000
2021,3,الباحة,قلوة,استديو - سكني,1,7200
2021,3,الباحة,الباحة,دوبلاكس - سكني,1,9600
2021,3,الباحة,الباحة,دور - سكني,26,25134.19048
2021,3,الباحة,العقيق,دور - سكني,5,13040
2021,3,الباحة,المخواة,دور - سكني,2,28800
2021,3,الباحة,المندق,دور - سكني,1,15000
2021,3,الباحة,بلجرشي,دور - سكني,6,13333.33333
2021,3,الباحة,قلوة,دور - سكني,2,33000
2021,3,الباحة,الأطاولة,شقة - سكني,10,11428.57143
2021,3,الباحة,الباحة,شقة - سكني,561,15746.92135
2021,3,الباحة,العقيق,شقة - سكني,162,13113.87395
2021,3,الباحة,المخواة,شقة - سكني,95,13472.65432
2021,3,الباحة,المندق,شقة - سكني,18,12588.88889
2021,3,الباحة,بلجرشي,شقة - سكني,223,14725.87745
2021,3,الباحة,بني حسن,شقة - سكني,10,13955.55556
2021,3,الباحة,قلوة,شقة - سكني,63,14967.54717
2021,3,الباحة,الباحة,فيلا - سكني,1,15000
2021,3,الباحة,بلجرشي,فيلا - سكني,2,15600
2021,3,الباحة,الأطاولة,محل - تجاري,6,452.268093
2021,3,الباحة,الباحة,محل - تجاري,127,640.91875
2021,3,الباحة,العقيق,محل - تجاري,47,394.277251
2021,3,الباحة,المخواة,محل - تجاري,65,355.593411
2021,3,الباحة,المندق,محل - تجاري,14,233.493346
2021,3,الباحة,بلجرشي,محل - تجاري,66,421.669757
2021,3,الباحة,بني حسن,محل - تجاري,3,167.1294
2021,3,الباحة,قلوة,محل - تجاري,7,700.640774
2021,3,الباحة,الباحة,معرض تجاري - تجاري,7,494.805195
2021,3,الباحة,العقيق,معرض تجاري - تجاري,1,57.87037
2021,3,الباحة,المخواة,معرض تجاري - تجاري,1,180
2021,3,الباحة,بلجرشي,معرض تجاري - تجاري,2,240.86283
2021,3,الباحة,الباحة,مكتب - تجاري,4,403.333332
2021,3,الباحة,العقيق,مكتب - تجاري,2,221.42857
2021,3,الباحة,المخواة,مكتب - تجاري,1,720
2021,3,الباحة,المندق,مكتب - تجاري,1,208.33333
2021,3,الباحة,بلجرشي,مكتب - تجاري,1,375
2021,4,الباحة,الباحة,استديو - سكني,33,11459.25926
2021,4,الباحة,العقيق,استديو - سكني,14,7794.444444
2021,4,الباحة,المخواة,استديو - سكني,2,6500
2021,4,الباحة,بلجرشي,استديو - سكني,10,8440
2021,4,الباحة,قلوة,استديو - سكني,1,5000
2021,4,الباحة,الباحة,دور - سكني,18,22601.2
2021,4,الباحة,العقيق,دور - سكني,9,19425
2021,4,الباحة,المخواة,دور - سكني,4,19881.75
2021,4,الباحة,بلجرشي,دور - سكني,7,12651.5
2021,4,الباحة,قلوة,دور - سكني,1,12000
2021,4,الباحة,الأطاولة,شقة - سكني,10,11388.88889
2021,4,الباحة,الباحة,شقة - سكني,506,15263.85961
2021,4,الباحة,العقيق,شقة - سكني,98,11970.87952
2021,4,الباحة,المخواة,شقة - سكني,140,13712.53782
2021,4,الباحة,المندق,شقة - سكني,35,13584.5
2021,4,الباحة,بلجرشي,شقة - سكني,253,13656.80184
2021,4,الباحة,بني حسن,شقة - سكني,20,17676
2021,4,الباحة,قلوة,شقة - سكني,70,12748.21818
2021,4,الباحة,الباحة,فيلا - سكني,1,20000
2021,4,الباحة,المخواة,فيلا - سكني,1,21600
2021,4,الباحة,بلجرشي,فيلا - سكني,1,24000
2021,4,الباحة,الأطاولة,محل - تجاري,9,458.333335
2021,4,الباحة,الباحة,محل - تجاري,169,509.662175
2021,4,الباحة,العقيق,محل - تجاري,50,495.54049
2021,4,الباحة,المخواة,محل - تجاري,52,487.199641
2021,4,الباحة,المندق,محل - تجاري,26,309.121145
2021,4,الباحة,بلجرشي,محل - تجاري,80,408.007137
2021,4,الباحة,بني حسن,محل - تجاري,15,418.062169
2021,4,الباحة,قلوة,محل - تجاري,14,484.396218
2021,4,الباحة,الباحة,معرض تجاري - تجاري,8,480.524493
2021,4,الباحة,المخواة,معرض تجاري - تجاري,2,258.52273
2021,4,الباحة,المندق,معرض تجاري - تجاري,1,35.11236
2021,4,الباحة,الباحة,مكتب - تجاري,18,419.846938
2021,4,الباحة,المندق,مكتب - تجاري,1,250
2021,4,الباحة,بلجرشي,مكتب - تجاري,1,200
2022,1,الباحة,الباحة,استديو - سكني,27,11612.5
2022,1,الباحة,العقيق,استديو - سكني,8,12400
2022,1,الباحة,المخواة,استديو - سكني,1,6000
2022,1,الباحة,بلجرشي,استديو - سكني,20,8273.68421
2022,1,الباحة,بني حسن,استديو - سكني,1,8400
2022,1,الباحة,الباحة,دور - سكني,29,18405.28
2022,1,الباحة,العقيق,دور - سكني,7,14733.33333
2022,1,الباحة,المخواة,دور - سكني,1,24000
2022,1,الباحة,بلجرشي,دور - سكني,8,16375
2022,1,الباحة,قلوة,دور - سكني,3,47333.33333
2022,1,الباحة,الأطاولة,شقة - سكني,7,10833.33333
2022,1,الباحة,الباحة,شقة - سكني,637,15004.09483
2022,1,الباحة,العقيق,شقة - سكني,146,13455.0991
2022,1,الباحة,المخواة,شقة - سكني,121,12604.5045
2022,1,الباحة,المندق,شقة - سكني,37,13585.29412
2022,1,الباحة,بلجرشي,شقة - سكني,269,13948.46774
2022,1,الباحة,بني حسن,شقة - سكني,10,10950
2022,1,الباحة,قلوة,شقة - سكني,60,13583.32075
2022,1,الباحة,الأطاولة,محل - تجاري,9,317.281747
2022,1,الباحة,الباحة,محل - تجاري,293,578.589343
2022,1,الباحة,العقيق,محل - تجاري,79,391.921429
2022,1,الباحة,المخواة,محل - تجاري,115,500.863898
2022,1,الباحة,المندق,محل - تجاري,55,252.622288
2022,1,الباحة,بلجرشي,محل - تجاري,99,338.114327
2022,1,الباحة,بني حسن,محل - تجاري,11,244.410747
2022,1,الباحة,قلوة,محل - تجاري,29,475.259148
2022,1,الباحة,الباحة,معرض تجاري - تجاري,35,1225.500612
2022,1,الباحة,العقيق,معرض تجاري - تجاري,2,164.3026
2022,1,الباحة,المخواة,معرض تجاري - تجاري,2,299.603175
2022,1,الباحة,بلجرشي,معرض تجاري - تجاري,4,797.453703
2022,1,الباحة,الباحة,مكتب - تجاري,7,454.272485
2022,1,الباحة,العقيق,مكتب - تجاري,1,250
2022,1,الباحة,المخواة,مكتب - تجاري,3,261.17216
2022,1,الباحة,بلجرشي,مكتب - تجاري,2,143.75
2022,2,الباحة,الباحة,استديو - سكني,25,17775
2022,2,الباحة,العقيق,استديو - سكني,4,7350
2022,2,الباحة,المخواة,استديو - سكني,1,9600
2022,2,الباحة,المندق,استديو - سكني,1,12000
2022,2,الباحة,بلجرشي,استديو - سكني,60,9471.428571
2022,2,الباحة,بني حسن,استديو - سكني,1,10800
2022,2,الباحة,الباحة,دوبلاكس - سكني,1,60000
2022,2,الباحة,الباحة,دور - سكني,21,17816.66667
2022,2,الباحة,العقيق,دور - سكني,8,11742.85714
2022,2,الباحة,المخواة,دور - سكني,2,21000
2022,2,الباحة,المندق,دور - سكني,1,12000
2022,2,الباحة,بلجرشي,دور - سكني,15,13800
2022,2,الباحة,الأطاولة,شقة - سكني,10,12680
2022,2,الباحة,الباحة,شقة - سكني,614,15253.0411
2022,2,الباحة,العقيق,شقة - سكني,135,13426.41509
2022,2,الباحة,المخواة,شقة - سكني,197,12964.76744
2022,2,الباحة,المندق,شقة - سكني,53,15728.84615
2022,2,الباحة,بلجرشي,شقة - سكني,315,14557.62712
2022,2,الباحة,بني حسن,شقة - سكني,13,10666.66667
2022,2,الباحة,قلوة,شقة - سكني,77,11727.21212
2022,2,الباحة,الباحة,فيلا - سكني,4,60500
2022,2,الباحة,العقيق,فيلا - سكني,1,7200
2022,2,الباحة,المندق,فيلا - سكني,1,12000
2022,2,الباحة,الأطاولة,محل - تجاري,2,197.36842
2022,2,الباحة,الباحة,محل - تجاري,250,519.590536
2022,2,الباحة,العقيق,محل - تجاري,67,367.788921
2022,2,الباحة,المخواة,محل - تجاري,82,458.059156
2022,2,الباحة,المندق,محل - تجاري,30,293.706411
2022,2,الباحة,بلجرشي,محل - تجاري,92,353.374464
2022,2,الباحة,بني حسن,محل - تجاري,11,271.943464
2022,2,الباحة,قلوة,محل - تجاري,20,518.277387
2022,2,الباحة,الباحة,معرض تجاري - تجاري,19,1145.543642
2022,2,الباحة,العقيق,معرض تجاري - تجاري,2,354.166665
2022,2,الباحة,المخواة,معرض تجاري - تجاري,3,253.96383
2022,2,الباحة,بلجرشي,معرض تجاري - تجاري,7,545.754094
2022,2,الباحة,الباحة,مكتب - تجاري,9,360.406746
2022,2,الباحة,العقيق,مكتب - تجاري,1,300
2022,2,الباحة,المخواة,مكتب - تجاري,1,214.28571
2022,2,الباحة,بلجرشي,مكتب - تجاري,1,301.5873
2022,3,الباحة,الأطاولة,استديو - سكني,2,7200
2022,3,الباحة,الباحة,استديو - سكني,69,10515.55556
2022,3,الباحة,العقيق,استديو - سكني,26,9936
2022,3,الباحة,المخواة,استديو - سكني,3,10640
2022,3,الباحة,بلجرشي,استديو - سكني,47,17122.22222
2022,3,الباحة,بني حسن,استديو - سكني,1,12000
2022,3,الباحة,قلوة,استديو - سكني,11,9450
2022,3,الباحة,الباحة,دوبلاكس - سكني,1,9600
2022,3,الباحة,بلجرشي,دوبلاكس - سكني,1,45000
2022,3,الباحة,الأطاولة,دور - سكني,1,15000
2022,3,الباحة,الباحة,دور - سكني,28,23582.6087
2022,3,الباحة,العقيق,دور - سكني,24,15710
2022,3,الباحة,المخواة,دور - سكني,8,14350
2022,3,الباحة,المندق,دور - سكني,3,20000
2022,3,الباحة,بلجرشي,دور - سكني,25,12400
2022,3,الباحة,بني حسن,دور - سكني,1,15000
2022,3,الباحة,قلوة,دور - سكني,5,11600
2022,3,الباحة,الأطاولة,شقة - سكني,32,11288.88889
2022,3,الباحة,الباحة,شقة - سكني,1431,14195.77744
2022,3,الباحة,العقيق,شقة - سكني,437,12040.28743
2022,3,الباحة,المخواة,شقة - سكني,481,11631.81818
2022,3,الباحة,المندق,شقة - سكني,126,11988.23529
2022,3,الباحة,بلجرشي,شقة - سكني,503,13664.7191
2022,3,الباحة,بني حسن,شقة - سكني,43,10912
2022,3,الباحة,قلوة,شقة - سكني,326,11000.38462
2022,3,الباحة,الباحة,فيلا - سكني,2,62000
2022,3,الباحة,المخواة,فيلا - سكني,1,21600
2022,3,الباحة,المندق,فيلا - سكني,4,24733.33333
2022,3,الباحة,الأطاولة,محل - تجاري,5,183.992426
2022,3,الباحة,الباحة,محل - تجاري,404,555.227103
2022,3,الباحة,العقيق,محل - تجاري,73,396.453084
2022,3,الباحة,المخواة,محل - تجاري,88,491.469005
2022,3,الباحة,المندق,محل - تجاري,38,247.486318
2022,3,الباحة,بلجرشي,محل - تجاري,127,334.345261
2022,3,الباحة,بني حسن,محل - تجاري,25,243.433773
2022,3,الباحة,قلوة,محل - تجاري,31,618.068938
2022,3,الباحة,الباحة,معرض تجاري - تجاري,21,1056.776851
2022,3,الباحة,المخواة,معرض تجاري - تجاري,1,50.13055
2022,3,الباحة,المندق,معرض تجاري - تجاري,1,10.20408
2022,3,الباحة,بلجرشي,معرض تجاري - تجاري,16,306.428332
2022,3,الباحة,بني حسن,معرض تجاري - تجاري,1,125
2022,3,الباحة,الأطاولة,مكتب - تجاري,1,200
2022,3,الباحة,الباحة,مكتب - تجاري,13,498.357427
2022,3,الباحة,بلجرشي,مكتب - تجاري,3,400
2022,3,الباحة,بني حسن,مكتب - تجاري,1,21
2022,4,الباحة,الباحة,استديو - سكني,38,15055.55556
2022,4,الباحة,العقيق,استديو - سكني,7,9942.857142
2022,4,الباحة,المخواة,استديو - سكني,5,8400
2022,4,الباحة,المندق,استديو - سكني,1,5000
2022,4,الباحة,بلجرشي,استديو - سكني,28,8470
2022,4,الباحة,بني حسن,استديو - سكني,6,12600
2022,4,الباحة,قلوة,استديو - سكني,4,6400
2022,4,الباحة,الباحة,دور - سكني,43,19084.78788
2022,4,الباحة,العقيق,دور - سكني,17,15485.71429
2022,4,الباحة,المخواة,دور - سكني,2,12000
2022,4,الباحة,المندق,دور - سكني,4,15500
2022,4,الباحة,بلجرشي,دور - سكني,16,16100
2022,4,الباحة,بني حسن,دور - سكني,2,12000
2022,4,الباحة,قلوة,دور - سكني,1,12000
2022,4,الباحة,الأطاولة,شقة - سكني,27,10424
2022,4,الباحة,الباحة,شقة - سكني,1413,12859.58004
2022,4,الباحة,العقيق,شقة - سكني,293,11403.41463
2022,4,الباحة,المخواة,شقة - سكني,512,10710.15801
2022,4,الباحة,المندق,شقة - سكني,98,11329.72973
2022,4,الباحة,بلجرشي,شقة - سكني,483,12714.2457
2022,4,الباحة,بني حسن,شقة - سكني,52,11976.66667
2022,4,الباحة,قلوة,شقة - سكني,249,10025.22613
2022,4,الباحة,الباحة,فيلا - سكني,2,39500
2022,4,الباحة,العقيق,فيلا - سكني,1,12000
2022,4,الباحة,بلجرشي,فيلا - سكني,2,10000
2022,4,الباحة,قلوة,فيلا - سكني,1,12000
2022,4,الباحة,الأطاولة,محل - تجاري,7,254.967103
2022,4,الباحة,الباحة,محل - تجاري,345,557.909566
2022,4,الباحة,العقيق,محل - تجاري,72,402.390659
2022,4,الباحة,المخواة,محل - تجاري,95,420.516048
2022,4,الباحة,المندق,محل - تجاري,49,228.972057
2022,4,الباحة,بلجرشي,محل - تجاري,155,363.357642
2022,4,الباحة,بني حسن,محل - تجاري,9,322.199237
2022,4,الباحة,قلوة,محل - تجاري,49,454.114112
2022,4,الباحة,الباحة,معرض تجاري - تجاري,16,1612.828995
2022,4,الباحة,العقيق,معرض تجاري - تجاري,2,98.43137
2022,4,الباحة,المخواة,معرض تجاري - تجاري,1,395.25379
2022,4,الباحة,بلجرشي,معرض تجاري - تجاري,13,817.739271
2022,4,الباحة,قلوة,معرض تجاري - تجاري,9,698.52353
2022,4,الباحة,الباحة,مكتب - تجاري,21,506.334519
2022,4,الباحة,المندق,مكتب - تجاري,1,250
2023,1,الباحة,الباحة,استديو - سكني,54,16714.63415
2023,1,الباحة,العقيق,استديو - سكني,9,24120
2023,1,الباحة,المندق,استديو - سكني,2,8400
2023,1,الباحة,بلجرشي,استديو - سكني,29,7129.629629
2023,1,الباحة,بني حسن,استديو - سكني,4,8100
2023,1,الباحة,قلوة,استديو - سكني,2,8400
2023,1,الباحة,الباحة,دور - سكني,21,16220
2023,1,الباحة,العقيق,دور - سكني,13,11975
2023,1,الباحة,المخواة,دور - سكني,2,22000
2023,1,الباحة,المندق,دور - سكني,3,13133.33333
2023,1,الباحة,بلجرشي,دور - سكني,17,14571.42857
2023,1,الباحة,بني حسن,دور - سكني,1,16000
2023,1,الباحة,قلوة,دور - سكني,4,14400
2023,1,الباحة,الأطاولة,شقة - سكني,19,10172.72727
2023,1,الباحة,الباحة,شقة - سكني,1533,12962.11099
2023,1,الباحة,العقيق,شقة - سكني,300,12843.81522
2023,1,الباحة,المخواة,شقة - سكني,410,11010.89286
2023,1,الباحة,المندق,شقة - سكني,113,10632.25806
2023,1,الباحة,بلجرشي,شقة - سكني,431,13845.50725
2023,1,الباحة,بني حسن,شقة - سكني,37,11970
2023,1,الباحة,قلوة,شقة - سكني,191,9942.857142
2023,1,الباحة,الباحة,فيلا - سكني,12,31750
2023,1,الباحة,العقيق,فيلا - سكني,1,12000
2023,1,الباحة,بلجرشي,فيلا - سكني,1,24000
2023,1,الباحة,الأطاولة,محل - تجاري,7,256.944443
2023,1,الباحة,الباحة,محل - تجاري,275,544.664922
2023,1,الباحة,العقيق,محل - تجاري,69,390.03599
2023,1,الباحة,المخواة,محل - تجاري,78,480.348278
2023,1,الباحة,المندق,محل - تجاري,46,326.422856
2023,1,الباحة,بلجرشي,محل - تجاري,152,393.152267
2023,1,الباحة,بني حسن,محل - تجاري,24,360.284663
2023,1,الباحة,قلوة,محل - تجاري,37,522.484884
2023,1,الباحة,الباحة,معرض تجاري - تجاري,18,1374.628997
2023,1,الباحة,العقيق,معرض تجاري - تجاري,1,24.65753
2023,1,الباحة,بلجرشي,معرض تجاري - تجاري,4,493.69297
2023,1,الباحة,الباحة,مكتب - تجاري,13,370.217124
2023,1,الباحة,العقيق,مكتب - تجاري,1,300
2023,1,الباحة,المخواة,مكتب - تجاري,2,275
2023,1,الباحة,بلجرشي,مكتب - تجاري,2,345.238095
2023,2,الباحة,الباحة,استديو - سكني,70,7849.056603
2023,2,الباحة,العقيق,استديو - سكني,19,8431.578947
2023,2,الباحة,المخواة,استديو - سكني,2,6000
2023,2,الباحة,المندق,استديو - سكني,2,10200
2023,2,الباحة,بلجرشي,استديو - سكني,28,8515.384615
2023,2,الباحة,بني حسن,استديو - سكني,2,12600
2023,2,الباحة,قلوة,استديو - سكني,4,7500
2023,2,الباحة,بلجرشي,دوبلاكس - سكني,2,14000
2023,2,الباحة,الأطاولة,دور - سكني,1,5000
2023,2,الباحة,الباحة,دور - سكني,20,16666.66667
2023,2,الباحة,العقيق,دور - سكني,12,17616.66667
2023,2,الباحة,المخواة,دور - سكني,6,17640
2023,2,الباحة,المندق,دور - سكني,4,18000
2023,2,الباحة,بلجرشي,دور - سكني,14,23381.81818
2023,2,الباحة,قلوة,دور - سكني,1,13200
2023,2,الباحة,الأطاولة,شقة - سكني,15,10878.57143
2023,2,الباحة,الباحة,شقة - سكني,1553,12685.36146
2023,2,الباحة,العقيق,شقة - سكني,235,11620.02963
2023,2,الباحة,المخواة,شقة - سكني,326,11751.10132
2023,2,الباحة,المندق,شقة - سكني,67,10677.08333
2023,2,الباحة,بلجرشي,شقة - سكني,438,14120.08523
2023,2,الباحة,بني حسن,شقة - سكني,28,11385
2023,2,الباحة,قلوة,شقة - سكني,169,10724.81203
2023,2,الباحة,الباحة,فيلا - سكني,3,82750
2023,2,الباحة,المندق,فيلا - سكني,1,30000
2023,2,الباحة,بلجرشي,فيلا - سكني,5,16000
2023,2,الباحة,الأطاولة,محل - تجاري,5,194.357142
2023,2,الباحة,الباحة,محل - تجاري,311,484.760967
2023,2,الباحة,العقيق,محل - تجاري,58,365.73715
2023,2,الباحة,المخواة,محل - تجاري,93,424.616738
2023,2,الباحة,المندق,محل - تجاري,26,301.161551
2023,2,الباحة,بلجرشي,محل - تجاري,111,364.262918
2023,2,الباحة,بني حسن,محل - تجاري,11,240.90756
2023,2,الباحة,قلوة,محل - تجاري,23,447.060668
2023,2,الباحة,الباحة,معرض تجاري - تجاري,33,1656.119702
2023,2,الباحة,المخواة,معرض تجاري - تجاري,1,277.77778
2023,2,الباحة,بلجرشي,معرض تجاري - تجاري,6,312.092485
2023,2,الباحة,الباحة,مكتب - تجاري,13,280.685974
2023,2,الباحة,العقيق,مكتب - تجاري,1,300
2023,2,الباحة,المخواة,مكتب - تجاري,1,165.51724
2023,2,الباحة,بلجرشي,مكتب - تجاري,3,297.9798
2023,3,الباحة,الأطاولة,استديو - سكني,2,7200
2023,3,الباحة,الباحة,استديو - سكني,102,11208.78378
2023,3,الباحة,العقيق,استديو - سكني,31,10250
2023,3,الباحة,المخواة,استديو - سكني,8,9066.666666
2023,3,الباحة,المندق,استديو - سكني,3,12600
2023,3,الباحة,بلجرشي,استديو - سكني,21,7905.882352
2023,3,الباحة,بني حسن,استديو - سكني,2,32400
2023,3,الباحة,قلوة,استديو - سكني,15,8660
2023,3,الباحة,الأطاولة,دور - سكني,2,10000
2023,3,الباحة,الباحة,دور - سكني,66,18362.70588
2023,3,الباحة,العقيق,دور - سكني,19,18035.29412
2023,3,الباحة,المخواة,دور - سكني,6,15233.33333
2023,3,الباحة,المندق,دور - سكني,2,19600
2023,3,الباحة,بلجرشي,دور - سكني,27,13239.13043
2023,3,الباحة,بني حسن,دور - سكني,3,14666.66667
2023,3,الباحة,قلوة,دور - سكني,2,8000
2023,3,الباحة,الأطاولة,شقة - سكني,30,11004.54545
2023,3,الباحة,الباحة,شقة - سكني,1971,13587.70641
2023,3,الباحة,العقيق,شقة - سكني,666,12673.68966
2023,3,الباحة,المخواة,شقة - سكني,533,11729.60922
2023,3,الباحة,المندق,شقة - سكني,166,11195.52239
2023,3,الباحة,بلجرشي,شقة - سكني,664,13610.26012
2023,3,الباحة,بني حسن,شقة - سكني,58,11144.11765
2023,3,الباحة,قلوة,شقة - سكني,370,11114.56522
2023,3,الباحة,الباحة,فيلا - سكني,3,43333.33333
2023,3,الباحة,العقيق,فيلا - سكني,2,17500
2023,3,الباحة,المخواة,فيلا - سكني,1,21600
2023,3,الباحة,بلجرشي,فيلا - سكني,1,30000
2023,3,الباحة,الأطاولة,محل - تجاري,8,364.510598
2023,3,الباحة,الباحة,محل - تجاري,392,569.557403
2023,3,الباحة,العقيق,محل - تجاري,73,400.310194
2023,3,الباحة,المخواة,محل - تجاري,81,449.195538
2023,3,الباحة,المندق,محل - تجاري,55,274.541518
2023,3,الباحة,بلجرشي,محل - تجاري,132,356.813699
2023,3,الباحة,بني حسن,محل - تجاري,10,299.25
2023,3,الباحة,قلوة,محل - تجاري,26,352.871286
2023,3,الباحة,الباحة,معرض تجاري - تجاري,18,924.103682
2023,3,الباحة,العقيق,معرض تجاري - تجاري,2,217.59259
2023,3,الباحة,المخواة,معرض تجاري - تجاري,1,250
2023,3,الباحة,المندق,معرض تجاري - تجاري,1,10.20408
2023,3,الباحة,بلجرشي,معرض تجاري - تجاري,3,150.736256
2023,3,الباحة,الباحة,مكتب - تجاري,18,407.076918
2023,3,الباحة,المندق,مكتب - تجاري,1,250
2023,3,الباحة,بلجرشي,مكتب - تجاري,1,383.33333
2023,4,الباحة,الباحة,استديو - سكني,73,11028.35821
2023,4,الباحة,العقيق,استديو - سكني,20,10475
2023,4,الباحة,المخواة,استديو - سكني,6,7100
2023,4,الباحة,المندق,استديو - سكني,1,5000
2023,4,الباحة,بلجرشي,استديو - سكني,13,11842.85714
2023,4,الباحة,بني حسن,استديو - سكني,3,11200
2023,4,الباحة,قلوة,استديو - سكني,6,9700
2023,4,الباحة,بلجرشي,دوبلاكس - سكني,1,45000
2023,4,الباحة,الباحة,دور - سكني,74,18373.91304
2023,4,الباحة,العقيق,دور - سكني,21,15584.21053
2023,4,الباحة,المخواة,دور - سكني,7,14942.85714
2023,4,الباحة,المندق,دور - سكني,2,19100
2023,4,الباحة,بلجرشي,دور - سكني,30,13421.42857
2023,4,الباحة,بني حسن,دور - سكني,1,16000
2023,4,الباحة,قلوة,دور - سكني,2,15600
2023,4,الباحة,الأطاولة,شقة - سكني,32,12406.89655
2023,4,الباحة,الباحة,شقة - سكني,1821,14009.92297
2023,4,الباحة,العقيق,شقة - سكني,557,12342.42991
2023,4,الباحة,المخواة,شقة - سكني,636,12473.61624
2023,4,الباحة,المندق,شقة - سكني,189,11609.93789
2023,4,الباحة,بلجرشي,شقة - سكني,589,13377.762
2023,4,الباحة,بني حسن,شقة - سكني,81,12933.33333
2023,4,الباحة,قلوة,شقة - سكني,405,11750.64179
2023,4,الباحة,الباحة,فيلا - سكني,10,26420
2023,4,الباحة,العقيق,فيلا - سكني,1,15000
2023,4,الباحة,المخواة,فيلا - سكني,1,12000
2023,4,الباحة,المندق,فيلا - سكني,1,14000
2023,4,الباحة,بلجرشي,فيلا - سكني,2,21000
2023,4,الباحة,بني حسن,فيلا - سكني,1,27000
2023,4,الباحة,قلوة,فيلا - سكني,1,10000
2023,4,الباحة,الأطاولة,محل - تجاري,8,227.7151
2023,4,الباحة,الباحة,محل - تجاري,340,576.203321
2023,4,الباحة,العقيق,محل - تجاري,81,409.703741
2023,4,الباحة,المخواة,محل - تجاري,90,475.880929
2023,4,الباحة,المندق,محل - تجاري,30,362.382593
2023,4,الباحة,بلجرشي,محل - تجاري,111,366.087355
2023,4,الباحة,بني حسن,محل - تجاري,21,298.068266
2023,4,الباحة,قلوة,محل - تجاري,39,400.904449
2023,4,الباحة,الأطاولة,معرض تجاري - تجاري,1,273.9726
2023,4,الباحة,الباحة,معرض تجاري - تجاري,18,730.705025
2023,4,الباحة,العقيق,معرض تجاري - تجاري,3,473.85965
2023,4,الباحة,المخواة,معرض تجاري - تجاري,2,588.46154
2023,4,الباحة,بلجرشي,معرض تجاري - تجاري,2,1192.857145
2023,4,الباحة,الباحة,مكتب - تجاري,13,327.761905
2023,4,الباحة,المخواة,مكتب - تجاري,1,92.30769
2024,1,الباحة,الباحة,استديو - سكني,77,10127.56897
2024,1,الباحة,العقيق,استديو - سكني,8,9600
2024,1,الباحة,المخواة,استديو - سكني,3,17100
2024,1,الباحة,المندق,استديو - سكني,2,6000
2024,1,الباحة,بلجرشي,استديو - سكني,17,9428.571428
2024,1,الباحة,بني حسن,استديو - سكني,3,6800
2024,1,الباحة,قلوة,استديو - سكني,1,12000
2024,1,الباحة,الباحة,دور - سكني,36,17444.44444
2024,1,الباحة,العقيق,دور - سكني,23,17855.55556
2024,1,الباحة,المخواة,دور - سكني,5,16000
2024,1,الباحة,المندق,دور - سكني,5,14880
2024,1,الباحة,بلجرشي,دور - سكني,9,11666.66667
2024,1,الباحة,بني حسن,دور - سكني,1,8000
2024,1,الباحة,قلوة,دور - سكني,5,18240
2024,1,الباحة,الأطاولة,شقة - سكني,14,13963.63636
2024,1,الباحة,الباحة,شقة - سكني,1459,15210.27414
2024,1,الباحة,العقيق,شقة - سكني,376,14008.76623
2024,1,الباحة,المخواة,شقة - سكني,461,13583.28675
2024,1,الباحة,المندق,شقة - سكني,136,13768.08511
2024,1,الباحة,بلجرشي,شقة - سكني,554,14255.46939
2024,1,الباحة,بني حسن,شقة - سكني,81,14683.67347
2024,1,الباحة,قلوة,شقة - سكني,285,13958.43137
2024,1,الباحة,الباحة,فيلا - سكني,2,38500
2024,1,الباحة,العقيق,فيلا - سكني,1,12000
2024,1,الباحة,بلجرشي,فيلا - سكني,2,22000
2024,1,الباحة,بني حسن,فيلا - سكني,1,12000
2024,1,الباحة,الأطاولة,محل - تجاري,5,445.238096
2024,1,الباحة,الباحة,محل - تجاري,253,496.706979
2024,1,الباحة,العقيق,محل - تجاري,71,470.009726
2024,1,الباحة,المخواة,محل - تجاري,68,450.357235
2024,1,الباحة,المندق,محل - تجاري,59,306.045303
2024,1,الباحة,بلجرشي,محل - تجاري,137,642.039975
2024,1,الباحة,بني حسن,محل - تجاري,19,260.52946
2024,1,الباحة,قلوة,محل - تجاري,44,366.995365
2024,1,الباحة,الأطاولة,معرض تجاري - تجاري,1,273.9726
2024,1,الباحة,الباحة,معرض تجاري - تجاري,35,752.63169
2024,1,الباحة,العقيق,معرض تجاري - تجاري,2,498.026315
2024,1,الباحة,المخواة,معرض تجاري - تجاري,1,836.1204
2024,1,الباحة,بلجرشي,معرض تجاري - تجاري,2,827.58621
2024,1,الباحة,الباحة,مكتب - تجاري,22,355.643594
2024,1,الباحة,المخواة,مكتب - تجاري,3,900
2024,1,الباحة,المندق,مكتب - تجاري,1,400
2024,1,الباحة,بلجرشي,مكتب - تجاري,2,272.32143
2024,2,الباحة,الباحة,استديو - سكني,57,11577.55102
2024,2,الباحة,العقيق,استديو - سكني,11,8040
2024,2,الباحة,المخواة,استديو - سكني,5,10400
2024,2,الباحة,المندق,استديو - سكني,2,8000
2024,2,الباحة,بلجرشي,استديو - سكني,14,8815.384615
2024,2,الباحة,قلوة,استديو - سكني,8,12242.85714
2024,2,الباحة,بلجرشي,دوبلاكس - سكني,1,12000
2024,2,الباحة,الباحة,دور - سكني,32,19819.23077
2024,2,الباحة,العقيق,دور - سكني,19,15830.76923
2024,2,الباحة,المخواة,دور - سكني,6,23500
2024,2,الباحة,بلجرشي,دور - سكني,15,24100
2024,2,الباحة,قلوة,دور - سكني,1,30000
2024,2,الباحة,الأطاولة,شقة - سكني,23,12588.23529
2024,2,الباحة,الباحة,شقة - سكني,1717,15559.00238
2024,2,الباحة,العقيق,شقة - سكني,388,14258.11746
2024,2,الباحة,المخواة,شقة - سكني,430,14001.98305
2024,2,الباحة,المندق,شقة - سكني,145,13706.73109
2024,2,الباحة,بلجرشي,شقة - سكني,547,14554.73374
2024,2,الباحة,بني حسن,شقة - سكني,59,14736.07843
2024,2,الباحة,قلوة,شقة - سكني,250,13592.66055
2024,2,الباحة,الباحة,فيلا - سكني,4,38500
2024,2,الباحة,العقيق,فيلا - سكني,3,15000
2024,2,الباحة,الأطاولة,محل - تجاري,9,275.006703
2024,2,الباحة,الباحة,محل - تجاري,288,552.689888
2024,2,الباحة,العقيق,محل - تجاري,47,428.021727
2024,2,الباحة,المخواة,محل - تجاري,62,442.675102
2024,2,الباحة,المندق,محل - تجاري,52,241.206552
2024,2,الباحة,بلجرشي,محل - تجاري,108,376.677268
2024,2,الباحة,بني حسن,محل - تجاري,11,241.268693
2024,2,الباحة,قلوة,محل - تجاري,20,470.250476
2024,2,الباحة,الباحة,معرض تجاري - تجاري,14,546.94467
2024,2,الباحة,المندق,معرض تجاري - تجاري,1,10.20408
2024,2,الباحة,بلجرشي,معرض تجاري - تجاري,4,291.665
2024,2,الباحة,الباحة,مكتب - تجاري,12,438.020037
2024,2,الباحة,بلجرشي,مكتب - تجاري,5,215.396825
2024,3,الباحة,الأطاولة,استديو - سكني,1,8400
2024,3,الباحة,الباحة,استديو - سكني,114,10133.47619
2024,3,الباحة,العقيق,استديو - سكني,39,12336.66667
2024,3,الباحة,المخواة,استديو - سكني,2,9600
2024,3,الباحة,بلجرشي,استديو - سكني,12,8485.714285
2024,3,الباحة,بني حسن,استديو - سكني,2,18000
2024,3,الباحة,قلوة,استديو - سكني,5,8750
2024,3,الباحة,الأطاولة,دور - سكني,1,15000
2024,3,الباحة,الباحة,دور - سكني,62,17245.4
2024,3,الباحة,العقيق,دور - سكني,19,18492.85714
2024,3,الباحة,المخواة,دور - سكني,5,15160
2024,3,الباحة,المندق,دور - سكني,3,15400
2024,3,الباحة,بلجرشي,دور - سكني,30,12990.47619
2024,3,الباحة,بني حسن,دور - سكني,4,16250
2024,3,الباحة,قلوة,دور - سكني,3,11333.33333
2024,3,الباحة,الأطاولة,شقة - سكني,16,12225.0625
2024,3,الباحة,الباحة,شقة - سكني,2147,15980.77368
2024,3,الباحة,الثراوين,شقة - سكني,1,15600
2024,3,الباحة,الثويمات,شقة - سكني,2,16500
2024,3,الباحة,الجهلان,شقة - سكني,4,16866.66667
2024,3,الباحة,الحبقه,شقة - سكني,2,17000
2024,3,الباحة,الحطاوره,شقة - سكني,1,8000
2024,3,الباحة,الحميدان,شقة - سكني,5,10875
2024,3,الباحة,العقيق,شقة - سكني,895,14315.21505
2024,3,الباحة,الفرشه,شقة - سكني,1,20000
2024,3,الباحة,الفريشه,شقة - سكني,1,18000
2024,3,الباحة,القوارير,شقة - سكني,49,15000
2024,3,الباحة,اللغاميس,شقة - سكني,2,18000
2024,3,الباحة,المخواة,شقة - سكني,630,14075.09007
2024,3,الباحة,المطيريه,شقة - سكني,3,18000
2024,3,الباحة,المكاتيم,شقة - سكني,1,12000
2024,3,الباحة,المندق,شقة - سكني,169,14798.57143
2024,3,الباحة,الهدوان والقهبان,شقة - سكني,1,18000
2024,3,الباحة,بلجرشي,شقة - سكني,633,15376.78014
2024,3,الباحة,بني حسن,شقة - سكني,58,15164.44444
2024,3,الباحة,دار الوادى,شقة - سكني,1,18000
2024,3,الباحة,قلوة,شقة - سكني,428,14130.76923
2024,3,الباحة,ماطوه,شقة - سكني,3,15166.66667
2024,3,الباحة,مثيب,شقة - سكني,2,19500
2024,3,الباحة,مديره,شقة - سكني,1,12000
2024,3,الباحة,معشوقه,شقة - سكني,3,15000
2024,3,الباحة,نبهان,شقة - سكني,1,18000
2024,3,الباحة,الباحة,فيلا - سكني,2,18100
2024,3,الباحة,المخواة,فيلا - سكني,1,21600
2024,3,الباحة,بلجرشي,فيلا - سكني,2,26000
2024,3,الباحة,بني حسن,فيلا - سكني,1,28000
2024,3,الباحة,قلوة,فيلا - سكني,2,16800
2024,3,الباحة,الأطاولة,محل - تجاري,8,439.825363
2024,3,الباحة,الباحة,محل - تجاري,393,494.222471
2024,3,الباحة,الثويمات,محل - تجاري,1,228.57143
2024,3,الباحة,الحبقه,محل - تجاري,2,300
2024,3,الباحة,الحميدان,محل - تجاري,5,332.676612
2024,3,الباحة,الشوق,محل - تجاري,1,300
2024,3,الباحة,العقيق,محل - تجاري,122,382.339307
2024,3,الباحة,القوارير,محل - تجاري,7,298.666666
2024,3,الباحة,المخواة,محل - تجاري,134,407.047481
2024,3,الباحة,المندق,محل - تجاري,107,353.843354
2024,3,الباحة,بلجرشي,محل - تجاري,181,406.107881
2024,3,الباحة,بني حسن,محل - تجاري,13,244.080436
2024,3,الباحة,قلوة,محل - تجاري,31,456.86816
2024,3,الباحة,الباحة,معرض تجاري - تجاري,14,477.24135
2024,3,الباحة,المخواة,معرض تجاري - تجاري,1,250
2024,3,الباحة,المندق,معرض تجاري - تجاري,3,297.708953
2024,3,الباحة,بلجرشي,معرض تجاري - تجاري,3,456.25
2024,3,الباحة,قلوة,معرض تجاري - تجاري,1,29.73978
2024,3,الباحة,الباحة,مكتب - تجاري,13,295.404763
2024,3,الباحة,العقيق,مكتب - تجاري,2,143.75
2024,3,الباحة,المندق,مكتب - تجاري,1,250
2024,3,الباحة,بلجرشي,مكتب - تجاري,3,242.22222
2024,4,الباحة,الباحة,استديو - سكني,57,11385.36585
2024,4,الباحة,العقيق,استديو - سكني,50,9150
2024,4,الباحة,القوارير,استديو - سكني,2,9600
2024,4,الباحة,المخواة,استديو - سكني,2,5700
2024,4,الباحة,المندق,استديو - سكني,4,6050
2024,4,الباحة,بلجرشي,استديو - سكني,10,6155.555555
2024,4,الباحة,بني حسن,استديو - سكني,2,9000
2024,4,الباحة,قلوة,استديو - سكني,3,7266.666666
2024,4,الباحة,ليف الاعلى,استديو - سكني,2,6000
2024,4,الباحة,ملف القوارير,استديو - سكني,3,9900
2024,4,الباحة,الباحة,دوبلاكس - سكني,1,28000
2024,4,الباحة,ال مرزوق,دور - سكني,2,14000
2024,4,الباحة,الباحة,دور - سكني,51,25881.39535
2024,4,الباحة,الجهلان,دور - سكني,2,19500
2024,4,الباحة,الحبقه,دور - سكني,1,9600
2024,4,الباحة,الحميدان,دور - سكني,2,12000
2024,4,الباحة,العقيق,دور - سكني,22,18742.10526
2024,4,الباحة,المخواة,دور - سكني,6,13683.33333
2024,4,الباحة,المكاتيم,دور - سكني,1,15000
2024,4,الباحة,المندق,دور - سكني,2,17000
2024,4,الباحة,بلجرشي,دور - سكني,18,13512.5
2024,4,الباحة,بني حسن,دور - سكني,1,16000
2024,4,الباحة,قلوة,دور - سكني,3,18000
2024,4,الباحة,ليف الاعلى,دور - سكني,2,6000
2024,4,الباحة,مديره,دور - سكني,1,12000
2024,4,الباحة,ال رداد ال سليم,شقة - سكني,3,16666.66667
2024,4,الباحة,ال زياد العقاربه واهل الراس,شقة - سكني,7,13933.33333
2024,4,الباحة,ال مرزوق,شقة - سكني,8,18500
2024,4,الباحة,الأطاولة,شقة - سكني,20,14741.23529
2024,4,الباحة,الباحة,شقة - سكني,1769,15694.12119
2024,4,الباحة,الثراوين,شقة - سكني,2,19500
2024,4,الباحة,الجهلان,شقة - سكني,8,12550
2024,4,الباحة,الجوفاء,شقة - سكني,2,12000
2024,4,الباحة,الحازم الاعلى والاسفل,شقة - سكني,2,7200
2024,4,الباحة,الحبقه,شقة - سكني,6,14960
2024,4,الباحة,الحطاوره,شقة - سكني,8,12250
2024,4,الباحة,الحميدان,شقة - سكني,21,13122.27778
2024,4,الباحة,الرهوه والسحيمه,شقة - سكني,2,17250
2024,4,الباحة,الشوق,شقة - سكني,4,11000
2024,4,الباحة,الضحوات,شقة - سكني,2,14000
2024,4,الباحة,العقيق,شقة - سكني,541,14494.80319
2024,4,الباحة,الغران,شقة - سكني,7,16166.66667
2024,4,الباحة,الفريشه,شقة - سكني,2,18000
2024,4,الباحة,القوارير,شقة - سكني,18,12685.71429
2024,4,الباحة,المحاطبه,شقة - سكني,4,13000
2024,4,الباحة,المخواة,شقة - سكني,523,13615.35088
2024,4,الباحة,المداهره,شقة - سكني,3,13600
2024,4,الباحة,المروه الشماليه,شقة - سكني,1,12000
2024,4,الباحة,المطيريه,شقة - سكني,5,16000
2024,4,الباحة,المكاتيم,شقة - سكني,4,18000
2024,4,الباحة,المندق,شقة - سكني,135,13988.2043
2024,4,الباحة,بلجرشي,شقة - سكني,571,14315.866
2024,4,الباحة,بني حسن,شقة - سكني,51,14355.55556
2024,4,الباحة,جناب ال داهش,شقة - سكني,3,12666.66667
2024,4,الباحة,سبيحه السفلى,شقة - سكني,1,12000
2024,4,الباحة,صخوان,شقة - سكني,1,18000
2024,4,الباحة,قلوة,شقة - سكني,247,14384.30806
2024,4,الباحة,ليف الاعلى,شقة - سكني,5,12720
2024,4,الباحة,مثيب,شقة - سكني,2,15000
2024,4,الباحة,مديره,شقة - سكني,1,18000
2024,4,الباحة,معشوقه,شقة - سكني,14,12000
2024,4,الباحة,ملف القوارير,شقة - سكني,1,9600
2024,4,الباحة,نبهان,شقة - سكني,9,10700
2024,4,الباحة,وادي انيام,شقة - سكني,1,15000
2024,4,الباحة,الباحة,فيلا - سكني,5,27200
2024,4,الباحة,العقيق,فيلا - سكني,1,17000
2024,4,الباحة,بلجرشي,فيلا - سكني,1,22000
2024,4,الباحة,ال رداد ال سليم,محل - تجاري,2,190
2024,4,الباحة,ال زياد العقاربه واهل الراس,محل - تجاري,1,400
2024,4,الباحة,الأطاولة,محل - تجاري,10,257.799145
2024,4,الباحة,الباحة,محل - تجاري,382,577.352572
2024,4,الباحة,الثويمات,محل - تجاري,1,250
2024,4,الباحة,الجهلان,محل - تجاري,1,240
2024,4,الباحة,الحطاوره,محل - تجاري,2,263.88889
2024,4,الباحة,الحميدان,محل - تجاري,11,282.558048
2024,4,الباحة,الشوق,محل - تجاري,9,168
2024,4,الباحة,العقله,محل - تجاري,2,104.166665
2024,4,الباحة,العقيق,محل - تجاري,145,429.626502
2024,4,الباحة,القوارير,محل - تجاري,19,357.09091
2024,4,الباحة,المحاطبه,محل - تجاري,2,149.96
2024,4,الباحة,المخواة,محل - تجاري,173,463.451824
2024,4,الباحة,المطيريه,محل - تجاري,1,68.96552
2024,4,الباحة,المكاتيم,محل - تجاري,1,250
2024,4,الباحة,المندق,محل - تجاري,78,324.877087
2024,4,الباحة,بلجرشي,محل - تجاري,150,701.540905
2024,4,الباحة,بني حسن,محل - تجاري,45,140.284629
2024,4,الباحة,قلوة,محل - تجاري,52,305.531253
2024,4,الباحة,ليف الاعلى,محل - تجاري,1,75
2024,4,الباحة,ماطوه,محل - تجاري,2,262.67281
2024,4,الباحة,الأطاولة,معرض تجاري - تجاري,1,493.15069
2024,4,الباحة,الباحة,معرض تجاري - تجاري,23,808.097077
2024,4,الباحة,القوارير,معرض تجاري - تجاري,1,409.41177
2024,4,الباحة,بلجرشي,معرض تجاري - تجاري,2,579.13165
2024,4,الباحة,الباحة,مكتب - تجاري,20,366.344071
2024,4,الباحة,العقيق,مكتب - تجاري,1,285.71429
2024,4,الباحة,بلجرشي,مكتب - تجاري,1,357.14286
