year,quarter,region_ar,city_ar,Category,total_deals,average
2019,1,المدينة المنورة,المدينة المنورة,استديو - سكني,61,10951.75439
2019,1,المدينة المنورة,بدر,استديو - سكني,2,9600
2019,1,المدينة المنورة,ينبع,استديو - سكني,2,11400
2019,1,المدينة المنورة,المدينة المنورة,دوبلاكس - سكني,20,32842.10526
2019,1,المدينة المنورة,المدينة المنورة,دور - سكني,22,23186.13636
2019,1,المدينة المنورة,خيبر,دور - سكني,1,9600
2019,1,المدينة المنورة,ينبع,دور - سكني,2,23500
2019,1,المدينة المنورة,الحناكية,شقة - سكني,4,8250
2019,1,المدينة المنورة,العلا,شقة - سكني,1,15600
2019,1,المدينة المنورة,المدينة المنورة,شقة - سكني,2677,17193.87075
2019,1,المدينة المنورة,بدر,شقة - سكني,8,13250
2019,1,المدينة المنورة,خيبر,شقة - سكني,1,13090
2019,1,المدينة المنورة,مهد الذهب,شقة - سكني,2,12000
2019,1,المدينة المنورة,ينبع,شقة - سكني,359,14894.33808
2019,1,المدينة المنورة,المدينة المنورة,فيلا - سكني,24,41263.04348
2019,1,المدينة المنورة,ينبع,فيلا - سكني,2,12000
2019,1,المدينة المنورة,المدينة المنورة,محل - تجاري,17,464.938373
2019,1,المدينة المنورة,خيبر,محل - تجاري,1,102.5641
2019,1,المدينة المنورة,ينبع,محل - تجاري,16,341.483477
2019,1,المدينة المنورة,المدينة المنورة,مكتب - تجاري,7,298.260166
2019,1,المدينة المنورة,ينبع,مكتب - تجاري,1,300
2019,2,المدينة المنورة,المدينة المنورة,استديو - سكني,132,10150
2019,2,المدينة المنورة,ينبع,استديو - سكني,1,10200
2019,2,المدينة المنورة,المدينة المنورة,دوبلاكس - سكني,15,28539
2019,2,المدينة المنورة,ينبع,دوبلاكس - سكني,1,26500
2019,2,المدينة المنورة,المدينة المنورة,دور - سكني,30,23525.22222
2019,2,المدينة المنورة,بدر,دور - سكني,1,12000
2019,2,المدينة المنورة,ينبع,دور - سكني,2,50000
2019,2,المدينة المنورة,الحناكية,شقة - سكني,3,6000
2019,2,المدينة المنورة,العلا,شقة - سكني,4,16550
2019,2,المدينة المنورة,المدينة المنورة,شقة - سكني,2666,17128.92324
2019,2,المدينة المنورة,بدر,شقة - سكني,1,10000
2019,2,المدينة المنورة,مهد الذهب,شقة - سكني,3,6000
2019,2,المدينة المنورة,ينبع,شقة - سكني,300,15937.54924
2019,2,المدينة المنورة,المدينة المنورة,فيلا - سكني,23,37083.54545
2019,2,المدينة المنورة,المدينة المنورة,محل - تجاري,61,471.261082
2019,2,المدينة المنورة,ينبع,محل - تجاري,21,342.612904
2019,2,المدينة المنورة,المدينة المنورة,معرض تجاري - تجاري,1,995.04951
2019,2,المدينة المنورة,المدينة المنورة,مكتب - تجاري,6,424.543005
2019,2,المدينة المنورة,ينبع,مكتب - تجاري,3,391.891895
2019,3,المدينة المنورة,المدينة المنورة,استديو - سكني,88,11300
2019,3,المدينة المنورة,ينبع,استديو - سكني,24,15737.14286
2019,3,المدينة المنورة,المدينة المنورة,دوبلاكس - سكني,22,30227.85714
2019,3,المدينة المنورة,ينبع,دوبلاكس - سكني,3,24000
2019,3,المدينة المنورة,المدينة المنورة,دور - سكني,51,24234.91111
2019,3,المدينة المنورة,ينبع,دور - سكني,3,15333.33333
2019,3,المدينة المنورة,الحناكية,شقة - سكني,4,10500
2019,3,المدينة المنورة,العلا,شقة - سكني,20,18063
2019,3,المدينة المنورة,المدينة المنورة,شقة - سكني,4335,17238.84621
2019,3,المدينة المنورة,بدر,شقة - سكني,13,12681.81818
2019,3,المدينة المنورة,خيبر,شقة - سكني,3,8000
2019,3,المدينة المنورة,مهد الذهب,شقة - سكني,10,10320
2019,3,المدينة المنورة,ينبع,شقة - سكني,516,15258.70225
2019,3,المدينة المنورة,المدينة المنورة,فيلا - سكني,28,36893.83333
2019,3,المدينة المنورة,ينبع,فيلا - سكني,5,44000
2019,3,المدينة المنورة,العلا,محل - تجاري,2,490
2019,3,المدينة المنورة,المدينة المنورة,محل - تجاري,322,566.874677
2019,3,المدينة المنورة,ينبع,محل - تجاري,39,353.60084
2019,3,المدينة المنورة,المدينة المنورة,معرض تجاري - تجاري,6,666.428972
2019,3,المدينة المنورة,ينبع,معرض تجاري - تجاري,1,1125
2019,3,المدينة المنورة,المدينة المنورة,مكتب - تجاري,29,273.09109
2019,3,المدينة المنورة,مهد الذهب,مكتب - تجاري,1,190.47619
2019,3,المدينة المنورة,ينبع,مكتب - تجاري,1,24
2019,4,المدينة المنورة,المدينة المنورة,استديو - سكني,84,10329.16667
2019,4,المدينة المنورة,بدر,استديو - سكني,1,6000
2019,4,المدينة المنورة,ينبع,استديو - سكني,11,10126
2019,4,المدينة المنورة,العلا,دوبلاكس - سكني,1,58333
2019,4,المدينة المنورة,المدينة المنورة,دوبلاكس - سكني,16,34106.66667
2019,4,المدينة المنورة,ينبع,دوبلاكس - سكني,1,40000
2019,4,المدينة المنورة,الحناكية,دور - سكني,1,11781
2019,4,المدينة المنورة,المدينة المنورة,دور - سكني,39,22103.75
2019,4,المدينة المنورة,بدر,دور - سكني,1,15000
2019,4,المدينة المنورة,ينبع,دور - سكني,4,17575
2019,4,المدينة المنورة,الحناكية,شقة - سكني,3,9300
2019,4,المدينة المنورة,العلا,شقة - سكني,32,14827.27273
2019,4,المدينة المنورة,المدينة المنورة,شقة - سكني,4077,16856.6042
2019,4,المدينة المنورة,بدر,شقة - سكني,35,13938.2069
2019,4,المدينة المنورة,خيبر,شقة - سكني,2,9000
2019,4,المدينة المنورة,مهد الذهب,شقة - سكني,7,12428.57143
2019,4,المدينة المنورة,ينبع,شقة - سكني,557,15253.29888
2019,4,المدينة المنورة,المدينة المنورة,فيلا - سكني,35,36303.23529
2019,4,المدينة المنورة,ينبع,فيلا - سكني,3,21666.66667
2019,4,المدينة المنورة,العلا,محل - تجاري,4,402.150487
2019,4,المدينة المنورة,المدينة المنورة,محل - تجاري,466,500.205879
2019,4,المدينة المنورة,بدر,محل - تجاري,1,116.27907
2019,4,المدينة المنورة,ينبع,محل - تجاري,53,396.3053
2019,4,المدينة المنورة,المدينة المنورة,معرض تجاري - تجاري,7,839.152107
2019,4,المدينة المنورة,ينبع,معرض تجاري - تجاري,3,662.488673
2019,4,المدينة المنورة,المدينة المنورة,مكتب - تجاري,36,294.432405
2019,4,المدينة المنورة,ينبع,مكتب - تجاري,2,334.444445
2020,1,المدينة المنورة,المدينة المنورة,استديو - سكني,105,10195.69892
2020,1,المدينة المنورة,ينبع,استديو - سكني,34,16228.57143
2020,1,المدينة المنورة,المدينة المنورة,دوبلاكس - سكني,13,28230.76923
2020,1,المدينة المنورة,ينبع,دوبلاكس - سكني,5,20690.8
2020,1,المدينة المنورة,المدينة المنورة,دور - سكني,54,25843.68627
2020,1,المدينة المنورة,ينبع,دور - سكني,6,20333.33333
2020,1,المدينة المنورة,الحناكية,شقة - سكني,47,8709.677419
2020,1,المدينة المنورة,العلا,شقة - سكني,21,16607.05556
2020,1,المدينة المنورة,المدينة المنورة,شقة - سكني,3889,16479.07454
2020,1,المدينة المنورة,بدر,شقة - سكني,24,12133.33333
2020,1,المدينة المنورة,خيبر,شقة - سكني,4,12045
2020,1,المدينة المنورة,مهد الذهب,شقة - سكني,33,11530.89655
2020,1,المدينة المنورة,ينبع,شقة - سكني,661,14941.44068
2020,1,المدينة المنورة,المدينة المنورة,فيلا - سكني,29,38846.88
2020,1,المدينة المنورة,ينبع,فيلا - سكني,3,44000
2020,1,المدينة المنورة,الحناكية,محل - تجاري,1,1250
2020,1,المدينة المنورة,العلا,محل - تجاري,2,228.69318
2020,1,المدينة المنورة,المدينة المنورة,محل - تجاري,372,629.013845
2020,1,المدينة المنورة,بدر,محل - تجاري,8,324.842863
2020,1,المدينة المنورة,مهد الذهب,محل - تجاري,1,950
2020,1,المدينة المنورة,ينبع,محل - تجاري,87,337.241702
2020,1,المدينة المنورة,المدينة المنورة,معرض تجاري - تجاري,9,617.799206
2020,1,المدينة المنورة,المدينة المنورة,مكتب - تجاري,29,405.341711
2020,1,المدينة المنورة,ينبع,مكتب - تجاري,5,215.714286
2020,2,المدينة المنورة,الحناكية,استديو - سكني,3,6000
2020,2,المدينة المنورة,العلا,استديو - سكني,1,5000
2020,2,المدينة المنورة,المدينة المنورة,استديو - سكني,151,9603.125
2020,2,المدينة المنورة,بدر,استديو - سكني,6,7500
2020,2,المدينة المنورة,ينبع,استديو - سكني,34,10304.7619
2020,2,المدينة المنورة,المدينة المنورة,دوبلاكس - سكني,17,24906.0625
2020,2,المدينة المنورة,ينبع,دوبلاكس - سكني,1,21000
2020,2,المدينة المنورة,الحناكية,دور - سكني,1,18000
2020,2,المدينة المنورة,المدينة المنورة,دور - سكني,52,20795.71739
2020,2,المدينة المنورة,بدر,دور - سكني,1,12000
2020,2,المدينة المنورة,ينبع,دور - سكني,6,20357.5
2020,2,المدينة المنورة,الحناكية,شقة - سكني,52,9400.290322
2020,2,المدينة المنورة,العلا,شقة - سكني,26,13494.5
2020,2,المدينة المنورة,المدينة المنورة,شقة - سكني,3668,15702.10305
2020,2,المدينة المنورة,بدر,شقة - سكني,21,9664.285714
2020,2,المدينة المنورة,خيبر,شقة - سكني,14,9153.636363
2020,2,المدينة المنورة,مهد الذهب,شقة - سكني,51,8508.571428
2020,2,المدينة المنورة,ينبع,شقة - سكني,896,14657.97416
2020,2,المدينة المنورة,المدينة المنورة,فيلا - سكني,28,37075.76
2020,2,المدينة المنورة,ينبع,فيلا - سكني,3,33666.66667
2020,2,المدينة المنورة,العلا,محل - تجاري,6,485.652778
2020,2,المدينة المنورة,المدينة المنورة,محل - تجاري,223,468.413142
2020,2,المدينة المنورة,بدر,محل - تجاري,23,249.726883
2020,2,المدينة المنورة,خيبر,محل - تجاري,1,150
2020,2,المدينة المنورة,مهد الذهب,محل - تجاري,1,600
2020,2,المدينة المنورة,ينبع,محل - تجاري,67,358.361717
2020,2,المدينة المنورة,المدينة المنورة,معرض تجاري - تجاري,6,524.59804
2020,2,المدينة المنورة,ينبع,معرض تجاري - تجاري,1,372.09302
2020,2,المدينة المنورة,المدينة المنورة,مكتب - تجاري,16,335.327652
2020,2,المدينة المنورة,ينبع,مكتب - تجاري,4,229.604977
2020,3,المدينة المنورة,الحناكية,استديو - سكني,2,6000
2020,3,المدينة المنورة,العلا,استديو - سكني,2,4800
2020,3,المدينة المنورة,المدينة المنورة,استديو - سكني,247,9868
2020,3,المدينة المنورة,مهد الذهب,استديو - سكني,2,5000
2020,3,المدينة المنورة,ينبع,استديو - سكني,34,8800
2020,3,المدينة المنورة,المدينة المنورة,دوبلاكس - سكني,25,27494.52
2020,3,المدينة المنورة,ينبع,دوبلاكس - سكني,1,40000
2020,3,المدينة المنورة,الحناكية,دور - سكني,1,6000
2020,3,المدينة المنورة,العلا,دور - سكني,1,36000
2020,3,المدينة المنورة,المدينة المنورة,دور - سكني,116,21069.42574
2020,3,المدينة المنورة,مهد الذهب,دور - سكني,2,11400
2020,3,المدينة المنورة,ينبع,دور - سكني,12,23660.54545
2020,3,المدينة المنورة,الحناكية,شقة - سكني,41,9550.321428
2020,3,المدينة المنورة,العلا,شقة - سكني,91,14339.51613
2020,3,المدينة المنورة,المدينة المنورة,شقة - سكني,9119,15897.27645
2020,3,المدينة المنورة,بدر,شقة - سكني,76,11567.56
2020,3,المدينة المنورة,خيبر,شقة - سكني,40,8148.571428
2020,3,المدينة المنورة,مهد الذهب,شقة - سكني,170,8088.435374
2020,3,المدينة المنورة,ينبع,شقة - سكني,1341,14047.38285
2020,3,المدينة المنورة,المدينة المنورة,فيلا - سكني,47,37800.68421
2020,3,المدينة المنورة,ينبع,فيلا - سكني,101,38000
2020,3,المدينة المنورة,الحناكية,محل - تجاري,10,298.642844
2020,3,المدينة المنورة,العلا,محل - تجاري,10,551.480701
2020,3,المدينة المنورة,المدينة المنورة,محل - تجاري,1344,500.704843
2020,3,المدينة المنورة,بدر,محل - تجاري,34,277.853124
2020,3,المدينة المنورة,خيبر,محل - تجاري,4,176.785715
2020,3,المدينة المنورة,مهد الذهب,محل - تجاري,8,340.125
2020,3,المدينة المنورة,ينبع,محل - تجاري,293,382.257188
2020,3,المدينة المنورة,المدينة المنورة,معرض تجاري - تجاري,55,720.81227
2020,3,المدينة المنورة,ينبع,معرض تجاري - تجاري,5,312.758878
2020,3,المدينة المنورة,الحناكية,مكتب - تجاري,1,225
2020,3,المدينة المنورة,المدينة المنورة,مكتب - تجاري,77,312.139736
2020,3,المدينة المنورة,ينبع,مكتب - تجاري,13,282.133992
2020,4,المدينة المنورة,الحناكية,استديو - سكني,1,5000
2020,4,المدينة المنورة,المدينة المنورة,استديو - سكني,238,10965.93407
2020,4,المدينة المنورة,بدر,استديو - سكني,2,6600
2020,4,المدينة المنورة,خيبر,استديو - سكني,2,12600
2020,4,المدينة المنورة,ينبع,استديو - سكني,110,10371.33333
2020,4,المدينة المنورة,المدينة المنورة,دوبلاكس - سكني,34,34548.60606
2020,4,المدينة المنورة,العلا,دور - سكني,1,30000
2020,4,المدينة المنورة,المدينة المنورة,دور - سكني,127,23230.59048
2020,4,المدينة المنورة,بدر,دور - سكني,2,8000
2020,4,المدينة المنورة,خيبر,دور - سكني,2,10200
2020,4,المدينة المنورة,ينبع,دور - سكني,8,23062.5
2020,4,المدينة المنورة,الحناكية,شقة - سكني,31,9899.826086
2020,4,المدينة المنورة,العلا,شقة - سكني,75,14864.28571
2020,4,المدينة المنورة,المدينة المنورة,شقة - سكني,7536,15985.39279
2020,4,المدينة المنورة,بدر,شقة - سكني,56,12447.85106
2020,4,المدينة المنورة,خيبر,شقة - سكني,11,9600
2020,4,المدينة المنورة,مهد الذهب,شقة - سكني,32,10022.25806
2020,4,المدينة المنورة,ينبع,شقة - سكني,1479,14244.46486
2020,4,المدينة المنورة,المدينة المنورة,فيلا - سكني,36,43618.87879
2020,4,المدينة المنورة,ينبع,فيلا - سكني,5,47727
2020,4,المدينة المنورة,الحناكية,محل - تجاري,13,341.827864
2020,4,المدينة المنورة,العلا,محل - تجاري,43,478.002791
2020,4,المدينة المنورة,المدينة المنورة,محل - تجاري,1728,819.053171
2020,4,المدينة المنورة,بدر,محل - تجاري,54,356.218264
2020,4,المدينة المنورة,خيبر,محل - تجاري,14,458.471598
2020,4,المدينة المنورة,مهد الذهب,محل - تجاري,5,496.158388
2020,4,المدينة المنورة,ينبع,محل - تجاري,353,437.627442
2020,4,المدينة المنورة,العلا,معرض تجاري - تجاري,2,149.769425
2020,4,المدينة المنورة,المدينة المنورة,معرض تجاري - تجاري,48,1052.79048
2020,4,المدينة المنورة,ينبع,معرض تجاري - تجاري,10,888.05878
2020,4,المدينة المنورة,الحناكية,مكتب - تجاري,1,171.42857
2020,4,المدينة المنورة,المدينة المنورة,مكتب - تجاري,110,328.293324
2020,4,المدينة المنورة,بدر,مكتب - تجاري,2,289.115645
2020,4,المدينة المنورة,خيبر,مكتب - تجاري,1,375
2020,4,المدينة المنورة,ينبع,مكتب - تجاري,17,394.94327
2021,1,المدينة المنورة,المدينة المنورة,استديو - سكني,345,12170.23563
2021,1,المدينة المنورة,بدر,استديو - سكني,6,10200
2021,1,المدينة المنورة,ينبع,استديو - سكني,53,15315.71429
2021,1,المدينة المنورة,المدينة المنورة,دوبلاكس - سكني,28,31083.55556
2021,1,المدينة المنورة,مهد الذهب,دوبلاكس - سكني,1,100000
2021,1,المدينة المنورة,ينبع,دوبلاكس - سكني,4,24200
2021,1,المدينة المنورة,الحناكية,دور - سكني,1,25090
2021,1,المدينة المنورة,المدينة المنورة,دور - سكني,150,25511.8427
2021,1,المدينة المنورة,خيبر,دور - سكني,1,15600
2021,1,المدينة المنورة,ينبع,دور - سكني,12,23232.41667
2021,1,المدينة المنورة,الحناكية,شقة - سكني,32,8754.166666
2021,1,المدينة المنورة,العلا,شقة - سكني,52,15651.6129
2021,1,المدينة المنورة,المدينة المنورة,شقة - سكني,6934,15678.68461
2021,1,المدينة المنورة,بدر,شقة - سكني,46,12885.39394
2021,1,المدينة المنورة,خيبر,شقة - سكني,5,9578
2021,1,المدينة المنورة,مهد الذهب,شقة - سكني,51,9767.44186
2021,1,المدينة المنورة,ينبع,شقة - سكني,1443,13998.72533
2021,1,المدينة المنورة,المدينة المنورة,فيلا - سكني,28,54136.52174
2021,1,المدينة المنورة,ينبع,فيلا - سكني,2,25320
2021,1,المدينة المنورة,الحناكية,محل - تجاري,8,341.442175
2021,1,المدينة المنورة,العلا,محل - تجاري,19,436.609163
2021,1,المدينة المنورة,المدينة المنورة,محل - تجاري,1498,737.295272
2021,1,المدينة المنورة,بدر,محل - تجاري,54,330.064121
2021,1,المدينة المنورة,خيبر,محل - تجاري,11,307.535874
2021,1,المدينة المنورة,مهد الذهب,محل - تجاري,15,310.226734
2021,1,المدينة المنورة,ينبع,محل - تجاري,247,432.499756
2021,1,المدينة المنورة,المدينة المنورة,معرض تجاري - تجاري,51,918.220482
2021,1,المدينة المنورة,ينبع,معرض تجاري - تجاري,10,1067.70627
2021,1,المدينة المنورة,الحناكية,مكتب - تجاري,2,204.53125
2021,1,المدينة المنورة,المدينة المنورة,مكتب - تجاري,126,317.411008
2021,1,المدينة المنورة,مهد الذهب,مكتب - تجاري,1,185.18519
2021,1,المدينة المنورة,ينبع,مكتب - تجاري,14,291.13619
2021,2,المدينة المنورة,الحناكية,استديو - سكني,4,7500
2021,2,المدينة المنورة,المدينة المنورة,استديو - سكني,124,12409.21053
2021,2,المدينة المنورة,مهد الذهب,استديو - سكني,1,5000
2021,2,المدينة المنورة,ينبع,استديو - سكني,27,10300
2021,2,المدينة المنورة,المدينة المنورة,دوبلاكس - سكني,14,34248.38462
2021,2,المدينة المنورة,ينبع,دوبلاكس - سكني,1,12000
2021,2,المدينة المنورة,الحناكية,دور - سكني,1,18000
2021,2,المدينة المنورة,المدينة المنورة,دور - سكني,52,22445.75
2021,2,المدينة المنورة,مهد الذهب,دور - سكني,1,12000
2021,2,المدينة المنورة,ينبع,دور - سكني,4,16450
2021,2,المدينة المنورة,الحناكية,شقة - سكني,22,9300
2021,2,المدينة المنورة,العلا,شقة - سكني,28,14585.7619
2021,2,المدينة المنورة,المدينة المنورة,شقة - سكني,3054,15729.77588
2021,2,المدينة المنورة,بدر,شقة - سكني,48,10234.69231
2021,2,المدينة المنورة,خيبر,شقة - سكني,6,14000
2021,2,المدينة المنورة,مهد الذهب,شقة - سكني,47,9372.413793
2021,2,المدينة المنورة,ينبع,شقة - سكني,591,14691.23871
2021,2,المدينة المنورة,المدينة المنورة,فيلا - سكني,24,36061.77273
2021,2,المدينة المنورة,ينبع,فيلا - سكني,3,26666.66667
2021,2,المدينة المنورة,الحناكية,محل - تجاري,4,205.279502
2021,2,المدينة المنورة,العلا,محل - تجاري,9,405.380491
2021,2,المدينة المنورة,المدينة المنورة,محل - تجاري,682,703.988987
2021,2,المدينة المنورة,بدر,محل - تجاري,8,351.227058
2021,2,المدينة المنورة,خيبر,محل - تجاري,4,229.268537
2021,2,المدينة المنورة,مهد الذهب,محل - تجاري,1,206.66667
2021,2,المدينة المنورة,ينبع,محل - تجاري,132,440.881146
2021,2,المدينة المنورة,المدينة المنورة,معرض تجاري - تجاري,19,766.764452
2021,2,المدينة المنورة,مهد الذهب,معرض تجاري - تجاري,1,217.71168
2021,2,المدينة المنورة,ينبع,معرض تجاري - تجاري,5,898.449884
2021,2,المدينة المنورة,المدينة المنورة,مكتب - تجاري,54,332.68201
2021,2,المدينة المنورة,بدر,مكتب - تجاري,1,4
2021,2,المدينة المنورة,ينبع,مكتب - تجاري,3,719.351853
2021,3,المدينة المنورة,العلا,استديو - سكني,1,8000
2021,3,المدينة المنورة,المدينة المنورة,استديو - سكني,302,14827.36416
2021,3,المدينة المنورة,بدر,استديو - سكني,5,10560
2021,3,المدينة المنورة,ينبع,استديو - سكني,87,13545
2021,3,المدينة المنورة,المدينة المنورة,دوبلاكس - سكني,14,23325.85714
2021,3,المدينة المنورة,ينبع,دوبلاكس - سكني,3,20939.33333
2021,3,المدينة المنورة,الحناكية,دور - سكني,1,12000
2021,3,المدينة المنورة,العلا,دور - سكني,4,18150
2021,3,المدينة المنورة,المدينة المنورة,دور - سكني,113,20788.04762
2021,3,المدينة المنورة,بدر,دور - سكني,2,10000
2021,3,المدينة المنورة,خيبر,دور - سكني,3,16800
2021,3,المدينة المنورة,ينبع,دور - سكني,19,24868.21053
2021,3,المدينة المنورة,الحناكية,شقة - سكني,62,8916.823529
2021,3,المدينة المنورة,العلا,شقة - سكني,122,16251.63725
2021,3,المدينة المنورة,المدينة المنورة,شقة - سكني,8467,16266.90705
2021,3,المدينة المنورة,بدر,شقة - سكني,106,12186.6375
2021,3,المدينة المنورة,خيبر,شقة - سكني,22,8870
2021,3,المدينة المنورة,مهد الذهب,شقة - سكني,58,9370.227272
2021,3,المدينة المنورة,ينبع,شقة - سكني,1639,14696.37712
2021,3,المدينة المنورة,المدينة المنورة,فيلا - سكني,106,39769.96629
2021,3,المدينة المنورة,بدر,فيلا - سكني,1,50000
2021,3,المدينة المنورة,ينبع,فيلا - سكني,9,27928.5
2021,3,المدينة المنورة,الحناكية,محل - تجاري,10,310.003904
2021,3,المدينة المنورة,العلا,محل - تجاري,44,506.260408
2021,3,المدينة المنورة,المدينة المنورة,محل - تجاري,2152,627.820927
2021,3,المدينة المنورة,بدر,محل - تجاري,70,378.305251
2021,3,المدينة المنورة,خيبر,محل - تجاري,4,668.125
2021,3,المدينة المنورة,مهد الذهب,محل - تجاري,15,857.48831
2021,3,المدينة المنورة,ينبع,محل - تجاري,372,432.947222
2021,3,المدينة المنورة,العلا,معرض تجاري - تجاري,1,100
2021,3,المدينة المنورة,المدينة المنورة,معرض تجاري - تجاري,212,633.483289
2021,3,المدينة المنورة,خيبر,معرض تجاري - تجاري,1,256.41026
2021,3,المدينة المنورة,ينبع,معرض تجاري - تجاري,35,649.176916
2021,3,المدينة المنورة,العلا,مكتب - تجاري,1,47.40834
2021,3,المدينة المنورة,المدينة المنورة,مكتب - تجاري,128,325.202822
2021,3,المدينة المنورة,خيبر,مكتب - تجاري,1,576.92308
2021,3,المدينة المنورة,ينبع,مكتب - تجاري,8,274.773241
2021,4,المدينة المنورة,العلا,استديو - سكني,1,14400
2021,4,المدينة المنورة,المدينة المنورة,استديو - سكني,308,13178.67117
2021,4,المدينة المنورة,بدر,استديو - سكني,1,6000
2021,4,المدينة المنورة,خيبر,استديو - سكني,1,6000
2021,4,المدينة المنورة,ينبع,استديو - سكني,143,11633.28571
2021,4,المدينة المنورة,المدينة المنورة,دوبلاكس - سكني,13,27846.15385
2021,4,المدينة المنورة,ينبع,دوبلاكس - سكني,1,10800
2021,4,المدينة المنورة,الحناكية,دور - سكني,4,10550
2021,4,المدينة المنورة,العلا,دور - سكني,7,22000
2021,4,المدينة المنورة,المدينة المنورة,دور - سكني,120,23818
2021,4,المدينة المنورة,بدر,دور - سكني,3,31500
2021,4,المدينة المنورة,خيبر,دور - سكني,1,15000
2021,4,المدينة المنورة,مهد الذهب,دور - سكني,5,10200
2021,4,المدينة المنورة,ينبع,دور - سكني,27,26639.1875
2021,4,المدينة المنورة,الحناكية,شقة - سكني,62,10776.59574
2021,4,المدينة المنورة,العلا,شقة - سكني,244,15301.11579
2021,4,المدينة المنورة,المدينة المنورة,شقة - سكني,9047,15846.41062
2021,4,المدينة المنورة,بدر,شقة - سكني,105,12159.71591
2021,4,المدينة المنورة,خيبر,شقة - سكني,17,10163.84615
2021,4,المدينة المنورة,مهد الذهب,شقة - سكني,52,8286.547619
2021,4,المدينة المنورة,ينبع,شقة - سكني,1686,14450.52229
2021,4,المدينة المنورة,العلا,فيلا - سكني,3,172714
2021,4,المدينة المنورة,المدينة المنورة,فيلا - سكني,76,37768.10769
2021,4,المدينة المنورة,ينبع,فيلا - سكني,9,27552.55556
2021,4,المدينة المنورة,الحناكية,محل - تجاري,14,255.253334
2021,4,المدينة المنورة,العلا,محل - تجاري,132,532.579847
2021,4,المدينة المنورة,المدينة المنورة,محل - تجاري,2464,932.641727
2021,4,المدينة المنورة,بدر,محل - تجاري,63,387.455772
2021,4,المدينة المنورة,خيبر,محل - تجاري,4,733.333333
2021,4,المدينة المنورة,مهد الذهب,محل - تجاري,9,407.319118
2021,4,المدينة المنورة,ينبع,محل - تجاري,439,427.153196
2021,4,المدينة المنورة,المدينة المنورة,معرض تجاري - تجاري,268,690.507644
2021,4,المدينة المنورة,بدر,معرض تجاري - تجاري,1,530.22269
2021,4,المدينة المنورة,خيبر,معرض تجاري - تجاري,2,196.27193
2021,4,المدينة المنورة,ينبع,معرض تجاري - تجاري,28,655.182269
2021,4,المدينة المنورة,المدينة المنورة,مكتب - تجاري,187,313.029706
2021,4,المدينة المنورة,ينبع,مكتب - تجاري,8,243.758502
2022,1,المدينة المنورة,الحناكية,استديو - سكني,3,9500
2022,1,المدينة المنورة,المدينة المنورة,استديو - سكني,313,11646.875
2022,1,المدينة المنورة,بدر,استديو - سكني,8,10599.75
2022,1,المدينة المنورة,خيبر,استديو - سكني,1,6000
2022,1,المدينة المنورة,ينبع,استديو - سكني,57,11161.38462
2022,1,المدينة المنورة,المدينة المنورة,دوبلاكس - سكني,12,34541.58333
2022,1,المدينة المنورة,ينبع,دوبلاكس - سكني,6,26760
2022,1,المدينة المنورة,الحناكية,دور - سكني,4,15800
2022,1,المدينة المنورة,العلا,دور - سكني,6,34611
2022,1,المدينة المنورة,المدينة المنورة,دور - سكني,151,23064.15447
2022,1,المدينة المنورة,خيبر,دور - سكني,1,12000
2022,1,المدينة المنورة,مهد الذهب,دور - سكني,5,12720
2022,1,المدينة المنورة,ينبع,دور - سكني,21,19890
2022,1,المدينة المنورة,الحناكية,شقة - سكني,82,10580.64516
2022,1,المدينة المنورة,العلا,شقة - سكني,184,17834.96907
2022,1,المدينة المنورة,المدينة المنورة,شقة - سكني,10484,15541.0481
2022,1,المدينة المنورة,بدر,شقة - سكني,78,11997.01449
2022,1,المدينة المنورة,خيبر,شقة - سكني,24,11652.63158
2022,1,المدينة المنورة,مهد الذهب,شقة - سكني,140,10045.76471
2022,1,المدينة المنورة,ينبع,شقة - سكني,2069,14201.73469
2022,1,المدينة المنورة,المدينة المنورة,فيلا - سكني,89,46319.17808
2022,1,المدينة المنورة,ينبع,فيلا - سكني,6,32400
2022,1,المدينة المنورة,الحناكية,محل - تجاري,30,267.79111
2022,1,المدينة المنورة,العلا,محل - تجاري,61,558.233522
2022,1,المدينة المنورة,المدينة المنورة,محل - تجاري,4164,1071.660914
2022,1,المدينة المنورة,بدر,محل - تجاري,128,358.475473
2022,1,المدينة المنورة,خيبر,محل - تجاري,14,468.551753
2022,1,المدينة المنورة,مهد الذهب,محل - تجاري,33,414.021997
2022,1,المدينة المنورة,ينبع,محل - تجاري,735,424.571055
2022,1,المدينة المنورة,المدينة المنورة,معرض تجاري - تجاري,308,791.043169
2022,1,المدينة المنورة,ينبع,معرض تجاري - تجاري,23,640.333834
2022,1,المدينة المنورة,العلا,مكتب - تجاري,2,630.95238
2022,1,المدينة المنورة,المدينة المنورة,مكتب - تجاري,217,360.594809
2022,1,المدينة المنورة,بدر,مكتب - تجاري,1,327.1028
2022,1,المدينة المنورة,ينبع,مكتب - تجاري,31,403.443533
2022,2,المدينة المنورة,الحناكية,استديو - سكني,3,9500
2022,2,المدينة المنورة,المدينة المنورة,استديو - سكني,306,13026.05714
2022,2,المدينة المنورة,بدر,استديو - سكني,2,8999
2022,2,المدينة المنورة,مهد الذهب,استديو - سكني,1,5000
2022,2,المدينة المنورة,ينبع,استديو - سكني,33,8910
2022,2,المدينة المنورة,المدينة المنورة,دوبلاكس - سكني,8,30249.75
2022,2,المدينة المنورة,ينبع,دوبلاكس - سكني,5,17039.2
2022,2,المدينة المنورة,الحناكية,دور - سكني,5,13000
2022,2,المدينة المنورة,العلا,دور - سكني,2,20000
2022,2,المدينة المنورة,المدينة المنورة,دور - سكني,148,20238.08333
2022,2,المدينة المنورة,بدر,دور - سكني,1,30000
2022,2,المدينة المنورة,مهد الذهب,دور - سكني,1,15700
2022,2,المدينة المنورة,ينبع,دور - سكني,18,31723.07692
2022,2,المدينة المنورة,الحناكية,شقة - سكني,151,11082.64957
2022,2,المدينة المنورة,العلا,شقة - سكني,151,18392.0354
2022,2,المدينة المنورة,المدينة المنورة,شقة - سكني,9651,15256.01422
2022,2,المدينة المنورة,بدر,شقة - سكني,103,11934.28409
2022,2,المدينة المنورة,خيبر,شقة - سكني,44,10450.85714
2022,2,المدينة المنورة,مهد الذهب,شقة - سكني,185,8810.451612
2022,2,المدينة المنورة,ينبع,شقة - سكني,1879,14176.21932
2022,2,المدينة المنورة,المدينة المنورة,فيلا - سكني,83,42850.91667
2022,2,المدينة المنورة,مهد الذهب,فيلا - سكني,1,70000
2022,2,المدينة المنورة,ينبع,فيلا - سكني,11,46722.22222
2022,2,المدينة المنورة,الحناكية,محل - تجاري,28,303.70613
2022,2,المدينة المنورة,العلا,محل - تجاري,44,493.129671
2022,2,المدينة المنورة,المدينة المنورة,محل - تجاري,3956,1784.723718
2022,2,المدينة المنورة,بدر,محل - تجاري,66,383.543389
2022,2,المدينة المنورة,خيبر,محل - تجاري,10,348.835975
2022,2,المدينة المنورة,مهد الذهب,محل - تجاري,23,471.563887
2022,2,المدينة المنورة,ينبع,محل - تجاري,565,406.658855
2022,2,المدينة المنورة,الحناكية,معرض تجاري - تجاري,3,1006.216006
2022,2,المدينة المنورة,العلا,معرض تجاري - تجاري,5,176.845038
2022,2,المدينة المنورة,المدينة المنورة,معرض تجاري - تجاري,334,775.054535
2022,2,المدينة المنورة,بدر,معرض تجاري - تجاري,3,285.270466
2022,2,المدينة المنورة,خيبر,معرض تجاري - تجاري,2,440
2022,2,المدينة المنورة,مهد الذهب,معرض تجاري - تجاري,1,305.55556
2022,2,المدينة المنورة,ينبع,معرض تجاري - تجاري,37,601.110287
2022,2,المدينة المنورة,العلا,مكتب - تجاري,1,285.71429
2022,2,المدينة المنورة,المدينة المنورة,مكتب - تجاري,193,319.757875
2022,2,المدينة المنورة,بدر,مكتب - تجاري,1,416.66667
2022,2,المدينة المنورة,خيبر,مكتب - تجاري,1,200
2022,2,المدينة المنورة,ينبع,مكتب - تجاري,15,250.940567
2022,3,المدينة المنورة,الحناكية,استديو - سكني,1,5000
2022,3,المدينة المنورة,العلا,استديو - سكني,1,30000
2022,3,المدينة المنورة,المدينة المنورة,استديو - سكني,866,11788.09382
2022,3,المدينة المنورة,بدر,استديو - سكني,19,11086.6875
2022,3,المدينة المنورة,خيبر,استديو - سكني,1,9000
2022,3,المدينة المنورة,مهد الذهب,استديو - سكني,2,6100
2022,3,المدينة المنورة,ينبع,استديو - سكني,204,11044.28743
2022,3,المدينة المنورة,المدينة المنورة,دوبلاكس - سكني,21,36477.14286
2022,3,المدينة المنورة,ينبع,دوبلاكس - سكني,2,16500
2022,3,المدينة المنورة,الحناكية,دور - سكني,16,13233.33333
2022,3,المدينة المنورة,العلا,دور - سكني,20,32470.58824
2022,3,المدينة المنورة,المدينة المنورة,دور - سكني,289,18748.13706
2022,3,المدينة المنورة,بدر,دور - سكني,1,20000
2022,3,المدينة المنورة,خيبر,دور - سكني,1,12000
2022,3,المدينة المنورة,مهد الذهب,دور - سكني,3,12833.33333
2022,3,المدينة المنورة,ينبع,دور - سكني,23,15559.09091
2022,3,المدينة المنورة,الحناكية,شقة - سكني,857,10021.6541
2022,3,المدينة المنورة,العلا,شقة - سكني,688,15481.82192
2022,3,المدينة المنورة,المدينة المنورة,شقة - سكني,24348,14477.9177
2022,3,المدينة المنورة,بدر,شقة - سكني,293,10652.82096
2022,3,المدينة المنورة,خيبر,شقة - سكني,384,8747.183098
2022,3,المدينة المنورة,مهد الذهب,شقة - سكني,1133,7761.960365
2022,3,المدينة المنورة,ينبع,شقة - سكني,3326,13497.85966
2022,3,المدينة المنورة,العلا,فيلا - سكني,1,250000
2022,3,المدينة المنورة,المدينة المنورة,فيلا - سكني,176,42953.97037
2022,3,المدينة المنورة,ينبع,فيلا - سكني,20,27611.76471
2022,3,المدينة المنورة,الحناكية,محل - تجاري,39,294.627341
2022,3,المدينة المنورة,العلا,محل - تجاري,104,462.493124
2022,3,المدينة المنورة,المدينة المنورة,محل - تجاري,5264,1454.533234
2022,3,المدينة المنورة,بدر,محل - تجاري,112,393.673784
2022,3,المدينة المنورة,خيبر,محل - تجاري,25,370.342171
2022,3,المدينة المنورة,مهد الذهب,محل - تجاري,48,489.354302
2022,3,المدينة المنورة,ينبع,محل - تجاري,767,448.680353
2022,3,المدينة المنورة,الحناكية,معرض تجاري - تجاري,1,120.67578
2022,3,المدينة المنورة,العلا,معرض تجاري - تجاري,2,408.64486
2022,3,المدينة المنورة,المدينة المنورة,معرض تجاري - تجاري,446,1559.794511
2022,3,المدينة المنورة,خيبر,معرض تجاري - تجاري,5,462.5
2022,3,المدينة المنورة,ينبع,معرض تجاري - تجاري,43,399.278609
2022,3,المدينة المنورة,الحناكية,مكتب - تجاري,1,171.42857
2022,3,المدينة المنورة,العلا,مكتب - تجاري,1,267.85714
2022,3,المدينة المنورة,المدينة المنورة,مكتب - تجاري,303,371.444451
2022,3,المدينة المنورة,بدر,مكتب - تجاري,1,208.33333
2022,3,المدينة المنورة,ينبع,مكتب - تجاري,21,405.875295
2022,4,المدينة المنورة,الحناكية,استديو - سكني,3,9900
2022,4,المدينة المنورة,العلا,استديو - سكني,9,25733.33333
2022,4,المدينة المنورة,المدينة المنورة,استديو - سكني,660,11973.81043
2022,4,المدينة المنورة,بدر,استديو - سكني,8,9456.857142
2022,4,المدينة المنورة,خيبر,استديو - سكني,1,6000
2022,4,المدينة المنورة,مهد الذهب,استديو - سكني,1,14400
2022,4,المدينة المنورة,ينبع,استديو - سكني,108,11874.57471
2022,4,المدينة المنورة,المدينة المنورة,دوبلاكس - سكني,22,33209.52381
2022,4,المدينة المنورة,بدر,دوبلاكس - سكني,1,8000
2022,4,المدينة المنورة,ينبع,دوبلاكس - سكني,1,13200
2022,4,المدينة المنورة,الحناكية,دور - سكني,2,12600
2022,4,المدينة المنورة,العلا,دور - سكني,17,28916.66667
2022,4,المدينة المنورة,المدينة المنورة,دور - سكني,276,20739.17532
2022,4,المدينة المنورة,بدر,دور - سكني,3,8066.666666
2022,4,المدينة المنورة,خيبر,دور - سكني,3,25533.33333
2022,4,المدينة المنورة,مهد الذهب,دور - سكني,4,19600
2022,4,المدينة المنورة,ينبع,دور - سكني,43,28097.68966
2022,4,المدينة المنورة,الحناكية,شقة - سكني,634,8064.24852
2022,4,المدينة المنورة,العلا,شقة - سكني,852,15175.06944
2022,4,المدينة المنورة,المدينة المنورة,شقة - سكني,22307,14372.14152
2022,4,المدينة المنورة,بدر,شقة - سكني,239,11280.38202
2022,4,المدينة المنورة,خيبر,شقة - سكني,333,7507.954545
2022,4,المدينة المنورة,مهد الذهب,شقة - سكني,513,8501.639344
2022,4,المدينة المنورة,ينبع,شقة - سكني,3289,13708.05504
2022,4,المدينة المنورة,العلا,فيلا - سكني,4,201333.3333
2022,4,المدينة المنورة,المدينة المنورة,فيلا - سكني,169,43139.99248
2022,4,المدينة المنورة,ينبع,فيلا - سكني,16,31526.15385
2022,4,المدينة المنورة,الحناكية,محل - تجاري,56,275.052206
2022,4,المدينة المنورة,العلا,محل - تجاري,179,524.723386
2022,4,المدينة المنورة,المدينة المنورة,محل - تجاري,6769,1126.306502
2022,4,المدينة المنورة,بدر,محل - تجاري,107,351.118838
2022,4,المدينة المنورة,خيبر,محل - تجاري,41,308.971246
2022,4,المدينة المنورة,مهد الذهب,محل - تجاري,60,442.281351
2022,4,المدينة المنورة,ينبع,محل - تجاري,947,472.886861
2022,4,المدينة المنورة,العلا,معرض تجاري - تجاري,1,54.44082
2022,4,المدينة المنورة,المدينة المنورة,معرض تجاري - تجاري,478,1216.898372
2022,4,المدينة المنورة,ينبع,معرض تجاري - تجاري,64,425.463373
2022,4,المدينة المنورة,العلا,مكتب - تجاري,2,148.574155
2022,4,المدينة المنورة,المدينة المنورة,مكتب - تجاري,433,339.179247
2022,4,المدينة المنورة,مهد الذهب,مكتب - تجاري,7,385.705714
2022,4,المدينة المنورة,ينبع,مكتب - تجاري,25,312.688393
2023,1,المدينة المنورة,الحناكية,استديو - سكني,7,7600
2023,1,المدينة المنورة,العلا,استديو - سكني,6,12233.33333
2023,1,المدينة المنورة,المدينة المنورة,استديو - سكني,710,11370.82353
2023,1,المدينة المنورة,بدر,استديو - سكني,15,8272.545454
2023,1,المدينة المنورة,خيبر,استديو - سكني,2,10200
2023,1,المدينة المنورة,ينبع,استديو - سكني,140,11180.08257
2023,1,المدينة المنورة,المدينة المنورة,دوبلاكس - سكني,23,34475.65217
2023,1,المدينة المنورة,ينبع,دوبلاكس - سكني,6,27499.66667
2023,1,المدينة المنورة,الحناكية,دور - سكني,3,13200
2023,1,المدينة المنورة,العلا,دور - سكني,9,34977.77778
2023,1,المدينة المنورة,المدينة المنورة,دور - سكني,398,21227.15306
2023,1,المدينة المنورة,مهد الذهب,دور - سكني,1,24000
2023,1,المدينة المنورة,ينبع,دور - سكني,26,36126.08696
2023,1,المدينة المنورة,الحناكية,شقة - سكني,505,7398.514851
2023,1,المدينة المنورة,العلا,شقة - سكني,715,19248.09283
2023,1,المدينة المنورة,المدينة المنورة,شقة - سكني,22984,14798.60493
2023,1,المدينة المنورة,بدر,شقة - سكني,205,11410.62295
2023,1,المدينة المنورة,خيبر,شقة - سكني,216,8358.620689
2023,1,المدينة المنورة,مهد الذهب,شقة - سكني,348,9655.384615
2023,1,المدينة المنورة,ينبع,شقة - سكني,3170,13662.58094
2023,1,المدينة المنورة,الحناكية,فيلا - سكني,1,60000
2023,1,المدينة المنورة,العلا,فيلا - سكني,2,47000
2023,1,المدينة المنورة,المدينة المنورة,فيلا - سكني,152,42329.72973
2023,1,المدينة المنورة,بدر,فيلا - سكني,1,64000
2023,1,المدينة المنورة,ينبع,فيلا - سكني,17,30312.5
2023,1,المدينة المنورة,الحناكية,محل - تجاري,73,301.050815
2023,1,المدينة المنورة,العلا,محل - تجاري,178,524.175929
2023,1,المدينة المنورة,المدينة المنورة,محل - تجاري,6199,1383.38122
2023,1,المدينة المنورة,بدر,محل - تجاري,117,379.027151
2023,1,المدينة المنورة,خيبر,محل - تجاري,38,363.913295
2023,1,المدينة المنورة,مهد الذهب,محل - تجاري,77,424.494753
2023,1,المدينة المنورة,ينبع,محل - تجاري,1160,433.854733
2023,1,المدينة المنورة,العلا,معرض تجاري - تجاري,1,245.09804
2023,1,المدينة المنورة,المدينة المنورة,معرض تجاري - تجاري,601,1705.680785
2023,1,المدينة المنورة,مهد الذهب,معرض تجاري - تجاري,2,217.71168
2023,1,المدينة المنورة,ينبع,معرض تجاري - تجاري,47,548.086848
2023,1,المدينة المنورة,العلا,مكتب - تجاري,3,476.837556
2023,1,المدينة المنورة,المدينة المنورة,مكتب - تجاري,349,347.954968
2023,1,المدينة المنورة,بدر,مكتب - تجاري,1,244.89796
2023,1,المدينة المنورة,ينبع,مكتب - تجاري,27,280.382493
2023,2,المدينة المنورة,الحناكية,استديو - سكني,4,5666.666666
2023,2,المدينة المنورة,العلا,استديو - سكني,12,12600
2023,2,المدينة المنورة,المدينة المنورة,استديو - سكني,919,10201.409
2023,2,المدينة المنورة,بدر,استديو - سكني,16,12416.66667
2023,2,المدينة المنورة,خيبر,استديو - سكني,86,6291.428571
2023,2,المدينة المنورة,مهد الذهب,استديو - سكني,9,7500
2023,2,المدينة المنورة,ينبع,استديو - سكني,103,9588.915662
2023,2,المدينة المنورة,المدينة المنورة,دوبلاكس - سكني,7,39714.28571
2023,2,المدينة المنورة,ينبع,دوبلاكس - سكني,4,15975
2023,2,المدينة المنورة,الحناكية,دور - سكني,6,13666.66667
2023,2,المدينة المنورة,العلا,دور - سكني,11,39777.77778
2023,2,المدينة المنورة,المدينة المنورة,دور - سكني,341,23057.88158
2023,2,المدينة المنورة,خيبر,دور - سكني,1,14400
2023,2,المدينة المنورة,مهد الذهب,دور - سكني,1,10800
2023,2,المدينة المنورة,ينبع,دور - سكني,14,23118.18182
2023,2,المدينة المنورة,الحناكية,شقة - سكني,652,8848.108108
2023,2,المدينة المنورة,العلا,شقة - سكني,610,18186.83835
2023,2,المدينة المنورة,المدينة المنورة,شقة - سكني,22838,14698.53952
2023,2,المدينة المنورة,بدر,شقة - سكني,236,11515.31288
2023,2,المدينة المنورة,خيبر,شقة - سكني,197,8879.761904
2023,2,المدينة المنورة,مهد الذهب,شقة - سكني,444,8305.538461
2023,2,المدينة المنورة,ينبع,شقة - سكني,2783,13539.2762
2023,2,المدينة المنورة,العلا,فيلا - سكني,2,265000
2023,2,المدينة المنورة,المدينة المنورة,فيلا - سكني,131,40272.44444
2023,2,المدينة المنورة,ينبع,فيلا - سكني,14,30828.57143
2023,2,المدينة المنورة,الحناكية,محل - تجاري,38,336.152142
2023,2,المدينة المنورة,العلا,محل - تجاري,131,482.627191
2023,2,المدينة المنورة,المدينة المنورة,محل - تجاري,5251,1355.532176
2023,2,المدينة المنورة,بدر,محل - تجاري,89,351.086571
2023,2,المدينة المنورة,خيبر,محل - تجاري,31,340.078535
2023,2,المدينة المنورة,مهد الذهب,محل - تجاري,40,340.505078
2023,2,المدينة المنورة,ينبع,محل - تجاري,789,420.73393
2023,2,المدينة المنورة,الحناكية,معرض تجاري - تجاري,1,124.33393
2023,2,المدينة المنورة,المدينة المنورة,معرض تجاري - تجاري,539,1491.968047
2023,2,المدينة المنورة,خيبر,معرض تجاري - تجاري,1,218.75
2023,2,المدينة المنورة,مهد الذهب,معرض تجاري - تجاري,1,450
2023,2,المدينة المنورة,ينبع,معرض تجاري - تجاري,46,593.07623
2023,2,المدينة المنورة,المدينة المنورة,مكتب - تجاري,382,328.887099
2023,2,المدينة المنورة,ينبع,مكتب - تجاري,9,229.199147
2023,3,المدينة المنورة,الحناكية,استديو - سكني,1,6000
2023,3,المدينة المنورة,العلا,استديو - سكني,13,25166.66667
2023,3,المدينة المنورة,المدينة المنورة,استديو - سكني,1181,12034.72879
2023,3,المدينة المنورة,بدر,استديو - سكني,36,10430.09091
2023,3,المدينة المنورة,خيبر,استديو - سكني,66,6580.76923
2023,3,المدينة المنورة,مهد الذهب,استديو - سكني,8,6771.428571
2023,3,المدينة المنورة,ينبع,استديو - سكني,283,11043.50431
2023,3,المدينة المنورة,المدينة المنورة,دوبلاكس - سكني,22,32171.42857
2023,3,المدينة المنورة,ينبع,دوبلاكس - سكني,3,11600
2023,3,المدينة المنورة,الحناكية,دور - سكني,4,12350
2023,3,المدينة المنورة,العلا,دور - سكني,13,35440
2023,3,المدينة المنورة,المدينة المنورة,دور - سكني,350,19863.53689
2023,3,المدينة المنورة,بدر,دور - سكني,3,12333.33333
2023,3,المدينة المنورة,خيبر,دور - سكني,5,17500
2023,3,المدينة المنورة,مهد الذهب,دور - سكني,2,18750
2023,3,المدينة المنورة,ينبع,دور - سكني,19,18552.94118
2023,3,المدينة المنورة,الحناكية,شقة - سكني,782,8913.325443
2023,3,المدينة المنورة,العلا,شقة - سكني,1053,15226.06061
2023,3,المدينة المنورة,المدينة المنورة,شقة - سكني,34529,14829.9797
2023,3,المدينة المنورة,بدر,شقة - سكني,380,10726.71111
2023,3,المدينة المنورة,خيبر,شقة - سكني,480,7743.287037
2023,3,المدينة المنورة,مهد الذهب,شقة - سكني,837,8539.439306
2023,3,المدينة المنورة,ينبع,شقة - سكني,4734,13471.47256
2023,3,المدينة المنورة,العلا,فيلا - سكني,10,135400
2023,3,المدينة المنورة,المدينة المنورة,فيلا - سكني,219,44922.98857
2023,3,المدينة المنورة,ينبع,فيلا - سكني,28,31166.66667
2023,3,المدينة المنورة,الحناكية,محل - تجاري,52,270.497775
2023,3,المدينة المنورة,العلا,محل - تجاري,134,537.968601
2023,3,المدينة المنورة,المدينة المنورة,محل - تجاري,8690,1599.209162
2023,3,المدينة المنورة,بدر,محل - تجاري,110,400.2159
2023,3,المدينة المنورة,خيبر,محل - تجاري,59,309.467589
2023,3,المدينة المنورة,مهد الذهب,محل - تجاري,51,394.54591
2023,3,المدينة المنورة,ينبع,محل - تجاري,1134,452.182334
2023,3,المدينة المنورة,العلا,معرض تجاري - تجاري,3,954.522573
2023,3,المدينة المنورة,المدينة المنورة,معرض تجاري - تجاري,622,1398.478903
2023,3,المدينة المنورة,ينبع,معرض تجاري - تجاري,52,364.259666
2023,3,المدينة المنورة,العلا,مكتب - تجاري,1,267.85714
2023,3,المدينة المنورة,المدينة المنورة,مكتب - تجاري,396,324.41542
2023,3,المدينة المنورة,بدر,مكتب - تجاري,2,446.428575
2023,3,المدينة المنورة,ينبع,مكتب - تجاري,22,344.52707
2023,4,المدينة المنورة,الحناكية,استديو - سكني,2,5500
2023,4,المدينة المنورة,العلا,استديو - سكني,3,13866.66667
2023,4,المدينة المنورة,المدينة المنورة,استديو - سكني,958,12148.84477
2023,4,المدينة المنورة,بدر,استديو - سكني,7,8971.428571
2023,4,المدينة المنورة,خيبر,استديو - سكني,4,6000
2023,4,المدينة المنورة,مهد الذهب,استديو - سكني,2,9500
2023,4,المدينة المنورة,ينبع,استديو - سكني,202,10876.51974
2023,4,المدينة المنورة,المدينة المنورة,دوبلاكس - سكني,27,30336
2023,4,المدينة المنورة,بدر,دوبلاكس - سكني,3,14666.66667
2023,4,المدينة المنورة,الحناكية,دور - سكني,5,13940
2023,4,المدينة المنورة,العلا,دور - سكني,26,74927.40909
2023,4,المدينة المنورة,المدينة المنورة,دور - سكني,404,19072.8
2023,4,المدينة المنورة,بدر,دور - سكني,1,13000
2023,4,المدينة المنورة,خيبر,دور - سكني,3,26333.33333
2023,4,المدينة المنورة,مهد الذهب,دور - سكني,3,16200
2023,4,المدينة المنورة,ينبع,دور - سكني,38,17061.08571
2023,4,المدينة المنورة,الحناكية,شقة - سكني,715,11465.11275
2023,4,المدينة المنورة,العلا,شقة - سكني,1369,16555.33243
2023,4,المدينة المنورة,المدينة المنورة,شقة - سكني,31199,15083.2343
2023,4,المدينة المنورة,بدر,شقة - سكني,437,11729.60479
2023,4,المدينة المنورة,خيبر,شقة - سكني,599,10003.61702
2023,4,المدينة المنورة,مهد الذهب,شقة - سكني,716,10555.666
2023,4,المدينة المنورة,ينبع,شقة - سكني,4604,13402.63244
2023,4,المدينة المنورة,العلا,فيلا - سكني,3,204666.6667
2023,4,المدينة المنورة,المدينة المنورة,فيلا - سكني,223,45444.20732
2023,4,المدينة المنورة,مهد الذهب,فيلا - سكني,1,15000
2023,4,المدينة المنورة,ينبع,فيلا - سكني,32,27951.72414
2023,4,المدينة المنورة,الحناكية,محل - تجاري,63,270.096535
2023,4,المدينة المنورة,العلا,محل - تجاري,132,570.653068
2023,4,المدينة المنورة,المدينة المنورة,محل - تجاري,6959,1228.169048
2023,4,المدينة المنورة,بدر,محل - تجاري,102,369.12841
2023,4,المدينة المنورة,خيبر,محل - تجاري,37,339.019489
2023,4,المدينة المنورة,مهد الذهب,محل - تجاري,84,394.479318
2023,4,المدينة المنورة,ينبع,محل - تجاري,1009,446.344695
2023,4,المدينة المنورة,الحناكية,معرض تجاري - تجاري,1,116.66667
2023,4,المدينة المنورة,العلا,معرض تجاري - تجاري,2,149.769425
2023,4,المدينة المنورة,المدينة المنورة,معرض تجاري - تجاري,586,1311.696078
2023,4,المدينة المنورة,خيبر,معرض تجاري - تجاري,3,266.666666
2023,4,المدينة المنورة,ينبع,معرض تجاري - تجاري,40,483.660534
2023,4,المدينة المنورة,المدينة المنورة,مكتب - تجاري,417,348.512296
2023,4,المدينة المنورة,ينبع,مكتب - تجاري,30,280.950395
2024,1,المدينة المنورة,الحناكية,استديو - سكني,8,5828.571428
2024,1,المدينة المنورة,العلا,استديو - سكني,7,44880
2024,1,المدينة المنورة,المدينة المنورة,استديو - سكني,1029,12992.17964
2024,1,المدينة المنورة,بدر,استديو - سكني,21,10229.29412
2024,1,المدينة المنورة,مهد الذهب,استديو - سكني,4,14800
2024,1,المدينة المنورة,ينبع,استديو - سكني,139,11868.76
2024,1,المدينة المنورة,المدينة المنورة,دوبلاكس - سكني,24,38395.45455
2024,1,المدينة المنورة,ينبع,دوبلاكس - سكني,5,30959.6
2024,1,المدينة المنورة,الحناكية,دور - سكني,5,15480
2024,1,المدينة المنورة,العلا,دور - سكني,22,35742.85714
2024,1,المدينة المنورة,المدينة المنورة,دور - سكني,382,21644.51316
2024,1,المدينة المنورة,خيبر,دور - سكني,3,15200
2024,1,المدينة المنورة,مهد الذهب,دور - سكني,3,15000
2024,1,المدينة المنورة,ينبع,دور - سكني,29,28274
2024,1,المدينة المنورة,الحناكية,شقة - سكني,394,14880.07826
2024,1,المدينة المنورة,العلا,شقة - سكني,1103,19998.20095
2024,1,المدينة المنورة,المدينة المنورة,شقة - سكني,29309,16254.73743
2024,1,المدينة المنورة,بدر,شقة - سكني,315,13393.08
2024,1,المدينة المنورة,خيبر,شقة - سكني,318,13462.09964
2024,1,المدينة المنورة,مهد الذهب,شقة - سكني,494,15053.51852
2024,1,المدينة المنورة,ينبع,شقة - سكني,4582,14089.01953
2024,1,المدينة المنورة,العلا,فيلا - سكني,2,92500
2024,1,المدينة المنورة,المدينة المنورة,فيلا - سكني,258,46652.2186
2024,1,المدينة المنورة,بدر,فيلا - سكني,3,10000
2024,1,المدينة المنورة,ينبع,فيلا - سكني,37,31468.6
2024,1,المدينة المنورة,الحناكية,محل - تجاري,104,282.113235
2024,1,المدينة المنورة,العلا,محل - تجاري,182,580.426866
2024,1,المدينة المنورة,المدينة المنورة,محل - تجاري,7429,1174.524218
2024,1,المدينة المنورة,بدر,محل - تجاري,150,351.914723
2024,1,المدينة المنورة,خيبر,محل - تجاري,50,422.096025
2024,1,المدينة المنورة,مهد الذهب,محل - تجاري,112,401.389466
2024,1,المدينة المنورة,ينبع,محل - تجاري,1020,421.419796
2024,1,المدينة المنورة,الحناكية,معرض تجاري - تجاري,1,250
2024,1,المدينة المنورة,العلا,معرض تجاري - تجاري,2,236.61157
2024,1,المدينة المنورة,المدينة المنورة,معرض تجاري - تجاري,631,1618.352736
2024,1,المدينة المنورة,بدر,معرض تجاري - تجاري,1,706.96359
2024,1,المدينة المنورة,ينبع,معرض تجاري - تجاري,41,384.828897
2024,1,المدينة المنورة,العلا,مكتب - تجاري,2,186.78161
2024,1,المدينة المنورة,المدينة المنورة,مكتب - تجاري,522,377.471237
2024,1,المدينة المنورة,ينبع,مكتب - تجاري,27,305.368655
2024,2,المدينة المنورة,الحناكية,استديو - سكني,1,5000
2024,2,المدينة المنورة,العلا,استديو - سكني,8,32166.66667
2024,2,المدينة المنورة,المدينة المنورة,استديو - سكني,768,12892.69957
2024,2,المدينة المنورة,بدر,استديو - سكني,7,8900
2024,2,المدينة المنورة,خيبر,استديو - سكني,1,18000
2024,2,المدينة المنورة,مهد الذهب,استديو - سكني,5,5880
2024,2,المدينة المنورة,ينبع,استديو - سكني,193,10089.56522
2024,2,المدينة المنورة,المدينة المنورة,دوبلاكس - سكني,27,33416.88462
2024,2,المدينة المنورة,ينبع,دوبلاكس - سكني,4,20712.5
2024,2,المدينة المنورة,الحناكية,دور - سكني,2,12300
2024,2,المدينة المنورة,العلا,دور - سكني,18,36818.18182
2024,2,المدينة المنورة,المدينة المنورة,دور - سكني,334,21118.98266
2024,2,المدينة المنورة,بدر,دور - سكني,1,30000
2024,2,المدينة المنورة,خيبر,دور - سكني,3,13400
2024,2,المدينة المنورة,مهد الذهب,دور - سكني,3,14000
2024,2,المدينة المنورة,ينبع,دور - سكني,23,19481.81818
2024,2,المدينة المنورة,الحناكية,شقة - سكني,580,16149.9313
2024,2,المدينة المنورة,العلا,شقة - سكني,916,19947.65253
2024,2,المدينة المنورة,المدينة المنورة,شقة - سكني,24492,16477.84592
2024,2,المدينة المنورة,بدر,شقة - سكني,299,13305.79167
2024,2,المدينة المنورة,خيبر,شقة - سكني,294,14854.51095
2024,2,المدينة المنورة,مهد الذهب,شقة - سكني,625,15181.24826
2024,2,المدينة المنورة,ينبع,شقة - سكني,3886,14336.89281
2024,2,المدينة المنورة,الحناكية,فيلا - سكني,1,12000
2024,2,المدينة المنورة,العلا,فيلا - سكني,3,276000
2024,2,المدينة المنورة,المدينة المنورة,فيلا - سكني,207,46801.71779
2024,2,المدينة المنورة,ينبع,فيلا - سكني,23,29631.57895
2024,2,المدينة المنورة,الحناكية,محل - تجاري,63,315.196466
2024,2,المدينة المنورة,العلا,محل - تجاري,151,585.187437
2024,2,المدينة المنورة,المدينة المنورة,محل - تجاري,6646,1833.278945
2024,2,المدينة المنورة,بدر,محل - تجاري,108,378.763433
2024,2,المدينة المنورة,خيبر,محل - تجاري,30,268.173956
2024,2,المدينة المنورة,مهد الذهب,محل - تجاري,54,394.522105
2024,2,المدينة المنورة,ينبع,محل - تجاري,916,415.763678
2024,2,المدينة المنورة,الحناكية,معرض تجاري - تجاري,1,370.37037
2024,2,المدينة المنورة,العلا,معرض تجاري - تجاري,2,299.538855
2024,2,المدينة المنورة,المدينة المنورة,معرض تجاري - تجاري,481,2196.037213
2024,2,المدينة المنورة,خيبر,معرض تجاري - تجاري,3,140.258246
2024,2,المدينة المنورة,مهد الذهب,معرض تجاري - تجاري,1,305.55556
2024,2,المدينة المنورة,ينبع,معرض تجاري - تجاري,23,627.78106
2024,2,المدينة المنورة,العلا,مكتب - تجاري,1,1250
2024,2,المدينة المنورة,المدينة المنورة,مكتب - تجاري,381,355.181823
2024,2,المدينة المنورة,بدر,مكتب - تجاري,2,251.18869
2024,2,المدينة المنورة,خيبر,مكتب - تجاري,3,445
2024,2,المدينة المنورة,ينبع,مكتب - تجاري,19,318.395877
2024,3,المدينة المنورة,الحناكية,استديو - سكني,5,23600
2024,3,المدينة المنورة,العلا,استديو - سكني,11,25975
2024,3,المدينة المنورة,المدينة المنورة,استديو - سكني,1260,12122.30733
2024,3,المدينة المنورة,بدر,استديو - سكني,21,11766.5
2024,3,المدينة المنورة,خيبر,استديو - سكني,6,11200
2024,3,المدينة المنورة,مهد الذهب,استديو - سكني,3,19000
2024,3,المدينة المنورة,ينبع,استديو - سكني,339,12217.59494
2024,3,المدينة المنورة,المدينة المنورة,دوبلاكس - سكني,25,34000
2024,3,المدينة المنورة,ينبع,دوبلاكس - سكني,1,22000
2024,3,المدينة المنورة,الحناكية,دور - سكني,10,13377.77778
2024,3,المدينة المنورة,العلا,دور - سكني,25,81508.70588
2024,3,المدينة المنورة,المدينة المنورة,دور - سكني,431,21265.34173
2024,3,المدينة المنورة,بدر,دور - سكني,3,15110.66667
2024,3,المدينة المنورة,خيبر,دور - سكني,2,12000
2024,3,المدينة المنورة,مهد الذهب,دور - سكني,3,11600
2024,3,المدينة المنورة,ينبع,دور - سكني,21,20166.66667
2024,3,المدينة المنورة,الحاقنة,شقة - سكني,3,18000
2024,3,المدينة المنورة,الحناكية,شقة - سكني,671,16260.66559
2024,3,المدينة المنورة,العلا,شقة - سكني,1276,19872.38902
2024,3,المدينة المنورة,المدينة المنورة,شقة - سكني,34309,16617.5921
2024,3,المدينة المنورة,بدر,شقة - سكني,415,13190.79755
2024,3,المدينة المنورة,حزره,شقة - سكني,1,21000
2024,3,المدينة المنورة,خيبر,شقة - سكني,467,15010.01253
2024,3,المدينة المنورة,مهد الذهب,شقة - سكني,1038,14255.7057
2024,3,المدينة المنورة,ينبع,شقة - سكني,5316,14256.38145
2024,3,المدينة المنورة,العلا,فيلا - سكني,13,83752.72727
2024,3,المدينة المنورة,المدينة المنورة,فيلا - سكني,265,45963.67431
2024,3,المدينة المنورة,مهد الذهب,فيلا - سكني,5,16800
2024,3,المدينة المنورة,ينبع,فيلا - سكني,36,32600.58824
2024,3,المدينة المنورة,الحناكية,محل - تجاري,49,258.71019
2024,3,المدينة المنورة,العلا,محل - تجاري,192,591.033
2024,3,المدينة المنورة,المدينة المنورة,محل - تجاري,8643,1715.654415
2024,3,المدينة المنورة,بدر,محل - تجاري,112,365.592869
2024,3,المدينة المنورة,خيبر,محل - تجاري,51,345.414503
2024,3,المدينة المنورة,مهد الذهب,محل - تجاري,62,369.456666
2024,3,المدينة المنورة,ينبع,محل - تجاري,1166,476.374924
2024,3,المدينة المنورة,العلا,معرض تجاري - تجاري,5,365.424716
2024,3,المدينة المنورة,المدينة المنورة,معرض تجاري - تجاري,634,1908.929498
2024,3,المدينة المنورة,مهد الذهب,معرض تجاري - تجاري,1,338.75339
2024,3,المدينة المنورة,ينبع,معرض تجاري - تجاري,32,364.965488
2024,3,المدينة المنورة,العلا,مكتب - تجاري,1,248.27586
2024,3,المدينة المنورة,المدينة المنورة,مكتب - تجاري,539,357.375069
2024,3,المدينة المنورة,بدر,مكتب - تجاري,1,416.66667
2024,3,المدينة المنورة,ينبع,مكتب - تجاري,14,317.92054
2024,4,المدينة المنورة,الحناكية,استديو - سكني,2,15600
2024,4,المدينة المنورة,العلا,استديو - سكني,21,56560
2024,4,المدينة المنورة,المدينة المنورة,استديو - سكني,967,12667.22559
2024,4,المدينة المنورة,بدر,استديو - سكني,6,7733.333333
2024,4,المدينة المنورة,خيبر,استديو - سكني,2,10200
2024,4,المدينة المنورة,مهد الذهب,استديو - سكني,1,6000
2024,4,المدينة المنورة,ينبع,استديو - سكني,232,12739.84496
2024,4,المدينة المنورة,المدينة المنورة,دوبلاكس - سكني,31,36769.23077
2024,4,المدينة المنورة,بدر,دوبلاكس - سكني,2,13500
2024,4,المدينة المنورة,ينبع,دوبلاكس - سكني,2,24700
2024,4,المدينة المنورة,الحناكية,دور - سكني,3,16400
2024,4,المدينة المنورة,العلا,دور - سكني,26,76546.14286
2024,4,المدينة المنورة,المدينة المنورة,دور - سكني,391,21248.67164
2024,4,المدينة المنورة,بدر,دور - سكني,2,21500
2024,4,المدينة المنورة,خيبر,دور - سكني,4,15166.5
2024,4,المدينة المنورة,مهد الذهب,دور - سكني,4,16500
2024,4,المدينة المنورة,ينبع,دور - سكني,39,22159.25926
2024,4,المدينة المنورة,الحاقنة,شقة - سكني,7,16880
2024,4,المدينة المنورة,الحناكية,شقة - سكني,473,16170.14815
2024,4,المدينة المنورة,العلا,شقة - سكني,1224,21068.04454
2024,4,المدينة المنورة,المدينة المنورة,شقة - سكني,31122,16879.64565
2024,4,المدينة المنورة,بدر,شقة - سكني,340,13037.9962
2024,4,المدينة المنورة,خيبر,شقة - سكني,392,15579.75466
2024,4,المدينة المنورة,ضعه,شقة - سكني,1,18000
2024,4,المدينة المنورة,مهد الذهب,شقة - سكني,587,14038.78352
2024,4,المدينة المنورة,ينبع,شقة - سكني,5291,14540.83106
2024,4,المدينة المنورة,الحناكية,فيلا - سكني,2,18000
2024,4,المدينة المنورة,العلا,فيلا - سكني,9,69888.88889
2024,4,المدينة المنورة,المدينة المنورة,فيلا - سكني,270,49165.18265
2024,4,المدينة المنورة,بدر,فيلا - سكني,3,10000
2024,4,المدينة المنورة,مهد الذهب,فيلا - سكني,1,15000
2024,4,المدينة المنورة,ينبع,فيلا - سكني,51,32582.97872
2024,4,المدينة المنورة,الحاقنة,محل - تجاري,1,275
2024,4,المدينة المنورة,الحناكية,محل - تجاري,55,270.905698
2024,4,المدينة المنورة,العلا,محل - تجاري,298,602.125105
2024,4,المدينة المنورة,المدينة المنورة,محل - تجاري,7781,1097.867218
2024,4,المدينة المنورة,بدر,محل - تجاري,129,378.182491
2024,4,المدينة المنورة,خيبر,محل - تجاري,87,446.320513
2024,4,المدينة المنورة,مهد الذهب,محل - تجاري,105,425.090358
2024,4,المدينة المنورة,ينبع,محل - تجاري,1102,402.521534
2024,4,المدينة المنورة,العلا,معرض تجاري - تجاري,7,274.323022
2024,4,المدينة المنورة,المدينة المنورة,معرض تجاري - تجاري,579,1310.258162
2024,4,المدينة المنورة,خيبر,معرض تجاري - تجاري,1,131.25
2024,4,المدينة المنورة,مهد الذهب,معرض تجاري - تجاري,1,714.28571
2024,4,المدينة المنورة,ينبع,معرض تجاري - تجاري,50,479.550116
2024,4,المدينة المنورة,المدينة المنورة,مكتب - تجاري,553,377.984939
2024,4,المدينة المنورة,ينبع,مكتب - تجاري,31,348.130173
