id,source,category,filename,path,file_size,row_count,col_count,encoding,has_bom,date_range_start,date_range_end,region_coverage,notes
1,MOJ,compensation,MOJ-Compensation-2025-Q1.csv,moj/real-estate/MOJ-Compensation-2025-Q1.csv,8392,72,6,utf-8-sig,1,2025/01/01,2025/03/25,"[""الرياض"", ""تبوك""]",
2,MOJ,compensation,MOJ-Compensation-2025-Q2.csv,moj/real-estate/MOJ-Compensation-2025-Q2.csv,2245,18,6,utf-8-sig,1,2025/04/15,2025/06/19,"[""الرياض"", ""المدينة المنوره"", ""تبوك"", ""جازان""]",
3,MOJ,compensation,MOJ-Compensation-2025-Q3.csv,moj/real-estate/MOJ-Compensation-2025-Q3.csv,1860,15,6,utf-8-sig,1,2025/07/20,2025/09/17,"[""الرياض""]",
4,MOJ,compensation,MOJ-Compensation-2025-Q4.csv,moj/real-estate/MOJ-Compensation-2025-Q4.csv,358,2,6,utf-8-sig,1,2025/10/23,2025/12/02,"[""الرياض""]",
5,MOJ,compensation_ruins,MOJ-Compensation-Ruins-2025-Q1.csv,moj/real-estate/MOJ-Compensation-Ruins-2025-Q1.csv,188825,1704,6,utf-8-sig,1,2025/01/01,2025/03/24,"[""الرياض"", ""القصيم"", ""المدينة المنوره"", ""تبوك"", ""جازان"", ""نجران""]",
6,MOJ,compensation_ruins,MOJ-Compensation-Ruins-2025-Q2.csv,moj/real-estate/MOJ-Compensation-Ruins-2025-Q2.csv,244252,2244,6,utf-8-sig,1,2025/04/07,2025/06/30,"[""الباحة"", ""الرياض"", ""القصيم"", ""المدينة المنوره"", ""تبوك"", ""جازان"", ""حائل""]",
7,MOJ,compensation_ruins,MOJ-Compensation-Ruins-2025-Q3.csv,moj/real-estate/MOJ-Compensation-Ruins-2025-Q3.csv,369651,3437,6,utf-8-sig,1,2025/07/01,2025/09/30,"[""الباحة"", ""الرياض"", ""الشرقية"", ""القصيم"", ""المدينة المنوره"", ""تبوك"", ""جازان"", ""حائل"", ""مكة المكرمه"", ""نجران""]",
8,MOJ,compensation_ruins,MOJ-Compensation-Ruins-2025-Q4.csv,moj/real-estate/MOJ-Compensation-Ruins-2025-Q4.csv,118557,1089,6,utf-8-sig,1,2025/10/01,2025/12/31,"[""الباحة"", ""الجوف"", ""الرياض"", ""الشرقية"", ""القصيم"", ""المدينة المنوره"", ""تبوك"", ""جازان"", ""مكة المكرمه"", ""نجران""]",
9,MOJ,deed_define_divide,MOJ-Deed-Define-Divide-2025-Q1.csv,moj/real-estate/MOJ-Deed-Define-Divide-2025-Q1.csv,918803,8044,6,utf-8-sig,1,2025/01/01,2025/03/29,"[""الخدمات الرقمية"", ""الرياض"", ""الشرقية"", ""القصيم"", ""المدينة المنوره"", ""حائل"", ""عسير"", ""مكة المكرمه""]",
10,MOJ,deed_define_divide,MOJ-Deed-Define-Divide-2025-Q2.csv,moj/real-estate/MOJ-Deed-Define-Divide-2025-Q2.csv,785291,6867,6,utf-8-sig,1,2025/04/01,2025/06/30,"[""الخدمات الرقمية"", ""الرياض"", ""الشرقية"", ""القصيم"", ""المدينة المنوره"", ""عسير"", ""مكة المكرمه"", ""نجران""]",
11,MOJ,deed_define_divide,MOJ-Deed-Define-Divide-2025-Q3.csv,moj/real-estate/MOJ-Deed-Define-Divide-2025-Q3.csv,806925,7052,6,utf-8-sig,1,2025/07/01,2025/09/30,"[""الخدمات الرقمية"", ""الرياض"", ""الشرقية"", ""القصيم"", ""المدينة المنوره"", ""حائل"", ""عسير""]",
12,MOJ,deed_define_divide,MOJ-Deed-Define-Divide-2025-Q4.csv,moj/real-estate/MOJ-Deed-Define-Divide-2025-Q4.csv,699808,6104,6,utf-8-sig,1,2025/10/01,2025/12/31,"[""الخدمات الرقمية"", ""الرياض"", ""الشرقية"", ""القصيم"", ""المدينة المنوره"", ""حائل"", ""عسير"", ""مكة المكرمه"", ""نجران""]",
13,MOJ,division,MOJ-Divide-2025-Q1.csv,moj/real-estate/MOJ-Divide-2025-Q1.csv,3582400,31342,6,utf-8-sig,1,2025/01/01,2025/03/31,"[""الباحة"", ""الخدمات الرقمية"", ""الرياض"", ""الشرقية"", ""القصيم"", ""المدينة المنوره"", ""تبوك"", ""جازان"", ""حائل"", ""عسير"", ""مكة المكرمه""]",
14,MOJ,division,MOJ-Divide-2025-Q2.csv,moj/real-estate/MOJ-Divide-2025-Q2.csv,3210336,28311,6,utf-8-sig,1,4/1/2025,6/30/2025,"[""الباحة"", ""الخدمات الرقمية"", ""الرياض"", ""الشرقية"", ""القصيم"", ""المدينة المنوره"", ""جازان"", ""حائل"", ""عسير"", ""مكة المكرمه""]",
15,MOJ,division,MOJ-Divide-2025-Q3.csv,moj/real-estate/MOJ-Divide-2025-Q3.csv,3500032,30597,6,utf-8-sig,1,2025/07/01,2025/09/30,"[""الباحة"", ""الخدمات الرقمية"", ""الرياض"", ""الشرقية"", ""القصيم"", ""المدينة المنوره"", ""تبوك"", ""جازان"", ""عسير"", ""مكة المكرمه""]",
16,MOJ,division,MOJ-Divide-2025-Q4.csv,moj/real-estate/MOJ-Divide-2025-Q4.csv,3011487,26260,6,utf-8-sig,1,2025/10/01,2025/12/31,"[""الباحة"", ""الجوف"", ""الخدمات الرقمية"", ""الرياض"", ""الشرقية"", ""القصيم"", ""المدينة المنوره"", ""جازان"", ""عسير"", ""مكة المكرمه""]",
17,MOJ,enforcement_auction,MOJ-Enforcement-Auction-Sale-2025-Q1.csv,moj/real-estate/MOJ-Enforcement-Auction-Sale-2025-Q1.csv,117332,1367,6,utf-8-sig,1,2025/01/01,2025/03/24,"[""منطقة الباحة"", ""منطقة الجوف"", ""منطقة الحدود الشمالية"", ""منطقة الرياض"", ""منطقة الشرقية"", ""منطقة القصيم"", ""منطقة المدينة المنوره"", ""منطقة تبوك"", ""منطقة جازان"", ""منطقة حائل"", ""منطقة عسير"", ""منطقة مكة المكرمه"", ""منطقة نجران""]",
18,MOJ,enforcement_auction,MOJ-Enforcement-Auction-Sale-2025-Q2.csv,moj/real-estate/MOJ-Enforcement-Auction-Sale-2025-Q2.csv,94737,1428,5,utf-8-sig,1,2025/04/06,2025/06/30,"[""الباحة"", ""الجوف"", ""الحدود الشمالية"", ""الرياض"", ""الشرقية"", ""القصيم"", ""المدينة المنوره"", ""تبوك"", ""جازان"", ""حائل"", ""عسير"", ""مكة المكرمه"", ""نجران""]",
19,MOJ,enforcement_auction,MOJ-Enforcement-Auction-Sale-2025-Q3.csv,moj/real-estate/MOJ-Enforcement-Auction-Sale-2025-Q3.csv,101935,1535,5,utf-8-sig,1,2025/07/01,2025/09/30,"[""الباحة"", ""الجوف"", ""الحدود الشمالية"", ""الرياض"", ""الشرقية"", ""القصيم"", ""المدينة المنوره"", ""تبوك"", ""جازان"", ""حائل"", ""عسير"", ""مكة المكرمه"", ""نجران""]",
20,MOJ,enforcement_auction,MOJ-Enforcement-Auction-Sale-2025-Q4.csv,moj/real-estate/MOJ-Enforcement-Auction-Sale-2025-Q4.csv,101142,1533,5,utf-8-sig,1,2025/10/01,2025/12/31,"[""الباحة"", ""الجوف"", ""الحدود الشمالية"", ""الرياض"", ""الشرقية"", ""القصيم"", ""المدينة المنوره"", ""تبوك"", ""جازان"", ""حائل"", ""عسير"", ""مكة المكرمه"", ""نجران""]",
21,MOJ,enforcement_award,MOJ-Enforcement-Award-Buyer-2025-Q1.csv,moj/real-estate/MOJ-Enforcement-Award-Buyer-2025-Q1.csv,110640,1215,6,utf-8-sig,1,2025/01/01,2025/03/24,"[""منطقة الباحة"", ""منطقة الجوف"", ""منطقة الحدود الشمالية"", ""منطقة الرياض"", ""منطقة الشرقية"", ""منطقة القصيم"", ""منطقة المدينة المنوره"", ""منطقة تبوك"", ""منطقة جازان"", ""منطقة حائل"", ""منطقة عسير"", ""منطقة مكة المكرمه"", ""منطقة نجران""]",
22,MOJ,enforcement_award,MOJ-Enforcement-Award-Buyer-2025-Q2.csv,moj/real-estate/MOJ-Enforcement-Award-Buyer-2025-Q2.csv,80903,1114,5,utf-8-sig,1,2025/04/08,2025/06/30,"[""الباحة"", ""الجوف"", ""الحدود الشمالية"", ""الرياض"", ""الشرقية"", ""القصيم"", ""المدينة المنوره"", ""تبوك"", ""جازان"", ""حائل"", ""عسير"", ""مكة المكرمه"", ""نجران""]",
23,MOJ,enforcement_award,MOJ-Enforcement-Award-Buyer-2025-Q3.csv,moj/real-estate/MOJ-Enforcement-Award-Buyer-2025-Q3.csv,96890,1353,5,utf-8-sig,1,2025/07/01,2025/09/30,"[""الباحة"", ""الجوف"", ""الحدود الشمالية"", ""الرياض"", ""الشرقية"", ""القصيم"", ""المدينة المنوره"", ""تبوك"", ""جازان"", ""حائل"", ""عسير"", ""مكة المكرمه"", ""نجران""]",
24,MOJ,enforcement_award,MOJ-Enforcement-Award-Buyer-2025-Q4.csv,moj/real-estate/MOJ-Enforcement-Award-Buyer-2025-Q4.csv,127873,1775,5,utf-8-sig,1,2025/10/01,2025/12/30,"[""الباحة"", ""الجوف"", ""الحدود الشمالية"", ""الرياض"", ""الشرقية"", ""القصيم"", ""المدينة المنوره"", ""تبوك"", ""جازان"", ""حائل"", ""عسير"", ""مكة المكرمه"", ""نجران""]",
25,MOJ,enforcement,MOJ-Enforcement-Sale-2025-Q1.csv,moj/real-estate/MOJ-Enforcement-Sale-2025-Q1.csv,213844,2104,6,utf-8-sig,1,2025/01/01,2025/03/26,"[""منطقة الباحة"", ""منطقة الجوف"", ""منطقة الحدود الشمالية"", ""منطقة الرياض"", ""منطقة الشرقية"", ""منطقة القصيم"", ""منطقة المدينة المنوره"", ""منطقة تبوك"", ""منطقة جازان"", ""منطقة حائل"", ""منطقة عسير"", ""منطقة مكة المكرمه"", ""منطقة نجران""]",
26,MOJ,enforcement,MOJ-Enforcement-Sale-2025-Q2.csv,moj/real-estate/MOJ-Enforcement-Sale-2025-Q2.csv,134564,1701,5,utf-8-sig,1,2025/04/06,2025/06/30,"[""الباحة"", ""الجوف"", ""الحدود الشمالية"", ""الرياض"", ""الشرقية"", ""القصيم"", ""المدينة المنوره"", ""تبوك"", ""جازان"", ""حائل"", ""عسير"", ""مكة المكرمه"", ""نجران""]",
27,MOJ,enforcement,MOJ-Enforcement-Sale-2025-Q3.csv,moj/real-estate/MOJ-Enforcement-Sale-2025-Q3.csv,178504,2297,5,utf-8-sig,1,2025/07/01,2025/09/30,"[""الباحة"", ""الجوف"", ""الحدود الشمالية"", ""الرياض"", ""الشرقية"", ""القصيم"", ""المدينة المنوره"", ""تبوك"", ""جازان"", ""حائل"", ""عسير"", ""مكة المكرمه"", ""نجران""]",
28,MOJ,enforcement,MOJ-Enforcement-Sale-2025-Q4.csv,moj/real-estate/MOJ-Enforcement-Sale-2025-Q4.csv,167465,2184,5,utf-8-sig,1,2025/10/01,2025/12/31,"[""الباحة"", ""الجوف"", ""الحدود الشمالية"", ""الرياض"", ""الشرقية"", ""القصيم"", ""المدينة المنوره"", ""تبوك"", ""جازان"", ""حائل"", ""عسير"", ""مكة المكرمه"", ""نجران""]",
29,MOJ,enforcement_sell_property,MOJ-Enforcement-Sell-Property-2025-Q1.csv,moj/real-estate/MOJ-Enforcement-Sell-Property-2025-Q1.csv,213844,2104,6,utf-8-sig,1,2025/01/01,2025/03/26,"[""منطقة الباحة"", ""منطقة الجوف"", ""منطقة الحدود الشمالية"", ""منطقة الرياض"", ""منطقة الشرقية"", ""منطقة القصيم"", ""منطقة المدينة المنوره"", ""منطقة تبوك"", ""منطقة جازان"", ""منطقة حائل"", ""منطقة عسير"", ""منطقة مكة المكرمه"", ""منطقة نجران""]",
30,MOJ,enforcement_sell_property,MOJ-Enforcement-Sell-Property-2025-Q2.csv,moj/real-estate/MOJ-Enforcement-Sell-Property-2025-Q2.csv,134564,1701,5,utf-8-sig,1,2025/04/06,2025/06/30,"[""الباحة"", ""الجوف"", ""الحدود الشمالية"", ""الرياض"", ""الشرقية"", ""القصيم"", ""المدينة المنوره"", ""تبوك"", ""جازان"", ""حائل"", ""عسير"", ""مكة المكرمه"", ""نجران""]",
31,MOJ,enforcement_sell_property,MOJ-Enforcement-Sell-Property-2025-Q3.csv,moj/real-estate/MOJ-Enforcement-Sell-Property-2025-Q3.csv,178504,2297,5,utf-8-sig,1,2025/07/01,2025/09/30,"[""الباحة"", ""الجوف"", ""الحدود الشمالية"", ""الرياض"", ""الشرقية"", ""القصيم"", ""المدينة المنوره"", ""تبوك"", ""جازان"", ""حائل"", ""عسير"", ""مكة المكرمه"", ""نجران""]",
32,MOJ,enforcement_sell_property,MOJ-Enforcement-Sell-Property-2025-Q4.csv,moj/real-estate/MOJ-Enforcement-Sell-Property-2025-Q4.csv,167465,2184,5,utf-8-sig,1,2025/10/01,2025/12/31,"[""الباحة"", ""الجوف"", ""الحدود الشمالية"", ""الرياض"", ""الشرقية"", ""القصيم"", ""المدينة المنوره"", ""تبوك"", ""جازان"", ""حائل"", ""عسير"", ""مكة المكرمه"", ""نجران""]",
33,MOJ,grant,MOJ-Grant-2025-Q1.csv,moj/real-estate/MOJ-Grant-2025-Q1.csv,601226,5245,6,utf-8-sig,1,2025/01/01,2025/03/29,"[""الحدود الشمالية"", ""الخدمات الرقمية"", ""الرياض"", ""الشرقية"", ""القصيم"", ""المدينة المنوره"", ""تبوك"", ""حائل"", ""عسير"", ""مكة المكرمه""]",
34,MOJ,grant,MOJ-Grant-2025-Q2.csv,moj/real-estate/MOJ-Grant-2025-Q2.csv,695281,6073,6,utf-8-sig,1,2025/04/02,2025/06/30,"[""الباحة"", ""الحدود الشمالية"", ""الخدمات الرقمية"", ""الرياض"", ""الشرقية"", ""القصيم"", ""المدينة المنوره"", ""تبوك"", ""حائل"", ""عسير"", ""مكة المكرمه""]",
35,MOJ,grant,MOJ-Grant-2025-Q3.csv,moj/real-estate/MOJ-Grant-2025-Q3.csv,927878,8107,6,utf-8-sig,1,2025/07/01,2025/09/30,"[""الباحة"", ""الحدود الشمالية"", ""الخدمات الرقمية"", ""الرياض"", ""الشرقية"", ""القصيم"", ""المدينة المنوره"", ""تبوك"", ""جازان"", ""حائل"", ""عسير"", ""مكة المكرمه""]",
36,MOJ,grant,MOJ-Grant-2025-Q4.csv,moj/real-estate/MOJ-Grant-2025-Q4.csv,1078841,9164,6,utf-8-sig,1,2025/10/01,2025/12/31,"[""الباحة"", ""الحدود الشمالية"", ""الخدمات الرقمية"", ""الرياض"", ""الشرقية"", ""القصيم"", ""المدينة المنوره"", ""تبوك"", ""جازان"", ""حائل"", ""عسير"", ""مكة المكرمه""]",
37,MOJ,grant_alternative,MOJ-Grant-Alternative-2025-Q1.csv,moj/real-estate/MOJ-Grant-Alternative-2025-Q1.csv,41836,362,6,utf-8-sig,1,2025/01/01,2025/03/29,"[""الرياض"", ""المدينة المنوره"", ""مكة المكرمه""]",
38,MOJ,grant_alternative,MOJ-Grant-Alternative-2025-Q2.csv,moj/real-estate/MOJ-Grant-Alternative-2025-Q2.csv,37293,322,6,utf-8-sig,1,2025/04/01,2025/06/30,"[""الرياض"", ""المدينة المنوره"", ""عسير""]",
39,MOJ,grant_alternative,MOJ-Grant-Alternative-2025-Q3.csv,moj/real-estate/MOJ-Grant-Alternative-2025-Q3.csv,48674,414,6,utf-8-sig,1,2025/07/01,2025/09/30,"[""الرياض"", ""المدينة المنوره"", ""مكة المكرمه""]",
40,MOJ,grant_alternative,MOJ-Grant-Alternative-2025-Q4.csv,moj/real-estate/MOJ-Grant-Alternative-2025-Q4.csv,34598,294,6,utf-8-sig,1,2025/10/01,2025/12/31,"[""الرياض"", ""مكة المكرمه""]",
41,MOJ,merge_deed,MOJ-Merge-Deed-2025-Q1.csv,moj/real-estate/MOJ-Merge-Deed-2025-Q1.csv,1068,8,6,utf-8-sig,1,2025/01/06,2025/03/16,"[""الرياض"", ""الشرقية"", ""مكة المكرمه""]",
42,MOJ,merge_deed,MOJ-Merge-Deed-2025-Q2.csv,moj/real-estate/MOJ-Merge-Deed-2025-Q2.csv,1694,13,6,utf-8-sig,1,2025/04/25,2025/06/25,"[""الخدمات الرقمية"", ""الرياض"", ""الشرقية"", ""مكة المكرمه""]",
43,MOJ,merge_deed,MOJ-Merge-Deed-2025-Q3.csv,moj/real-estate/MOJ-Merge-Deed-2025-Q3.csv,2056,16,6,utf-8-sig,1,2025/07/09,2025/09/30,"[""الخدمات الرقمية"", ""الرياض"", ""المدينة المنوره""]",
44,MOJ,merge_deed,MOJ-Merge-Deed-2025-Q4.csv,moj/real-estate/MOJ-Merge-Deed-2025-Q4.csv,3365,27,6,utf-8-sig,1,2025/10/05,2025/12/29,"[""الخدمات الرقمية"", ""الرياض"", ""المدينة المنوره""]",
45,MOJ,merge_re,MOJ-Merge-RE-2025-Q1.csv,moj/real-estate/MOJ-Merge-RE-2025-Q1.csv,425532,3687,6,utf-8-sig,1,2025/01/01,2025/03/26,"[""الباحة"", ""الرياض"", ""الشرقية"", ""القصيم"", ""المدينة المنوره"", ""تبوك"", ""جازان"", ""حائل"", ""عسير"", ""مكة المكرمه""]",
46,MOJ,merge_re,MOJ-Merge-RE-2025-Q2.csv,moj/real-estate/MOJ-Merge-RE-2025-Q2.csv,354024,3066,6,utf-8-sig,1,2025/04/06,2025/06/30,"[""الباحة"", ""الخدمات الرقمية"", ""الرياض"", ""الشرقية"", ""القصيم"", ""المدينة المنوره"", ""تبوك"", ""جازان"", ""حائل"", ""عسير"", ""مكة المكرمه""]",
47,MOJ,merge_re,MOJ-Merge-RE-2025-Q3.csv,moj/real-estate/MOJ-Merge-RE-2025-Q3.csv,423379,3673,6,utf-8-sig,1,2025/07/01,2025/09/30,"[""الباحة"", ""الرياض"", ""الشرقية"", ""القصيم"", ""المدينة المنوره"", ""تبوك"", ""جازان"", ""عسير"", ""مكة المكرمه""]",
48,MOJ,merge_re,MOJ-Merge-RE-2025-Q4.csv,moj/real-estate/MOJ-Merge-RE-2025-Q4.csv,318249,2760,6,utf-8-sig,1,2025/10/01,2025/12/31,"[""الباحة"", ""الجوف"", ""الخدمات الرقمية"", ""الرياض"", ""الشرقية"", ""القصيم"", ""المدينة المنوره"", ""جازان"", ""عسير"", ""مكة المكرمه""]",
49,MOJ,monthly_operations,MOJ-Monthly-Operations-2024-01.csv,moj/monthly/MOJ-Monthly-Operations-2024-01.csv,844783,5218,8,utf-8-sig,1,2024/01/01,2024/01/31,"[""كتابة العدل الإفتراضية - الرياض"", ""منطقة الباحة"", ""منطقة الجوف"", ""منطقة الحدود الشمالية"", ""منطقة الرياض"", ""منطقة الشرقية"", ""منطقة القصيم"", ""منطقة المدينة المنوره"", ""منطقة تبوك"", ""منطقة جازان"", ""منطقة حائل"", ""منطقة عسير"", ""منطقة مكة المكرمه"", ""منطقة نجران""]",
50,MOJ,monthly_operations,MOJ-Monthly-Operations-2024-02.csv,moj/monthly/MOJ-Monthly-Operations-2024-02.csv,749357,4632,8,utf-8-sig,1,2024/02/01,2024/02/29,"[""كتابة العدل الإفتراضية - الرياض"", ""منطقة الباحة"", ""منطقة الجوف"", ""منطقة الحدود الشمالية"", ""منطقة الرياض"", ""منطقة الشرقية"", ""منطقة القصيم"", ""منطقة المدينة المنوره"", ""منطقة تبوك"", ""منطقة جازان"", ""منطقة حائل"", ""منطقة عسير"", ""منطقة مكة المكرمه"", ""منطقة نجران""]",
51,MOJ,monthly_operations,MOJ-Monthly-Operations-2024-03.csv,moj/monthly/MOJ-Monthly-Operations-2024-03.csv,692301,4281,8,utf-8-sig,1,2024/03/01,2024/03/31,"[""كتابة العدل الإفتراضية - الرياض"", ""منطقة الباحة"", ""منطقة الجوف"", ""منطقة الحدود الشمالية"", ""منطقة الرياض"", ""منطقة الشرقية"", ""منطقة القصيم"", ""منطقة المدينة المنوره"", ""منطقة تبوك"", ""منطقة جازان"", ""منطقة حائل"", ""منطقة عسير"", ""منطقة مكة المكرمه"", ""منطقة نجران""]",
52,MOJ,monthly_operations,MOJ-Monthly-Operations-2024-04.csv,moj/monthly/MOJ-Monthly-Operations-2024-04.csv,518221,3210,8,utf-8-sig,1,2024/04/01,2024/04/30,"[""كتابة العدل الإفتراضية - الرياض"", ""منطقة الباحة"", ""منطقة الجوف"", ""منطقة الحدود الشمالية"", ""منطقة الرياض"", ""منطقة الشرقية"", ""منطقة القصيم"", ""منطقة المدينة المنوره"", ""منطقة تبوك"", ""منطقة جازان"", ""منطقة حائل"", ""منطقة عسير"", ""منطقة مكة المكرمه"", ""منطقة نجران""]",
53,MOJ,monthly_operations,MOJ-Monthly-Operations-2024-05.csv,moj/monthly/MOJ-Monthly-Operations-2024-05.csv,747175,4614,8,utf-8-sig,1,2024/05/01,2024/05/31,"[""كتابة العدل الإفتراضية - الرياض"", ""منطقة الباحة"", ""منطقة الجوف"", ""منطقة الحدود الشمالية"", ""منطقة الرياض"", ""منطقة الشرقية"", ""منطقة القصيم"", ""منطقة المدينة المنوره"", ""منطقة تبوك"", ""منطقة جازان"", ""منطقة حائل"", ""منطقة عسير"", ""منطقة مكة المكرمه"", ""منطقة نجران""]",
54,MOJ,monthly_operations,MOJ-Monthly-Operations-2024-06.csv,moj/monthly/MOJ-Monthly-Operations-2024-06.csv,470811,2898,8,utf-8-sig,1,2024/06/01,2024/06/30,"[""كتابة العدل الإفتراضية - الرياض"", ""منطقة الباحة"", ""منطقة الجوف"", ""منطقة الحدود الشمالية"", ""منطقة الرياض"", ""منطقة الشرقية"", ""منطقة القصيم"", ""منطقة المدينة المنوره"", ""منطقة تبوك"", ""منطقة جازان"", ""منطقة حائل"", ""منطقة عسير"", ""منطقة مكة المكرمه"", ""منطقة نجران""]",
55,MOJ,monthly_operations,MOJ-Monthly-Operations-2024-07.csv,moj/monthly/MOJ-Monthly-Operations-2024-07.csv,653164,4017,8,utf-8-sig,1,2024/07/01,2024/07/31,"[""كتابة العدل الإفتراضية - الرياض"", ""منطقة الباحة"", ""منطقة الجوف"", ""منطقة الحدود الشمالية"", ""منطقة الرياض"", ""منطقة الشرقية"", ""منطقة القصيم"", ""منطقة المدينة المنوره"", ""منطقة تبوك"", ""منطقة جازان"", ""منطقة حائل"", ""منطقة عسير"", ""منطقة مكة المكرمه"", ""منطقة نجران""]",
56,MOJ,monthly_operations,MOJ-Monthly-Operations-2024-08.csv,moj/monthly/MOJ-Monthly-Operations-2024-08.csv,621898,3821,8,utf-8-sig,1,2024/08/01,2024/08/31,"[""كتابة العدل الإفتراضية - الرياض"", ""منطقة الباحة"", ""منطقة الجوف"", ""منطقة الحدود الشمالية"", ""منطقة الرياض"", ""منطقة الشرقية"", ""منطقة القصيم"", ""منطقة المدينة المنوره"", ""منطقة تبوك"", ""منطقة جازان"", ""منطقة حائل"", ""منطقة عسير"", ""منطقة مكة المكرمه"", ""منطقة نجران""]",
57,MOJ,monthly_operations,MOJ-Monthly-Operations-2024-09.csv,moj/monthly/MOJ-Monthly-Operations-2024-09.csv,593645,3650,8,utf-8-sig,1,2024/09/01,2024/09/30,"[""كتابة العدل الإفتراضية - الرياض"", ""منطقة الباحة"", ""منطقة الجوف"", ""منطقة الحدود الشمالية"", ""منطقة الرياض"", ""منطقة الشرقية"", ""منطقة القصيم"", ""منطقة المدينة المنوره"", ""منطقة تبوك"", ""منطقة جازان"", ""منطقة حائل"", ""منطقة عسير"", ""منطقة مكة المكرمه"", ""منطقة نجران""]",
58,MOJ,monthly_operations,MOJ-Monthly-Operations-2024-10.csv,moj/monthly/MOJ-Monthly-Operations-2024-10.csv,656587,4018,8,utf-8-sig,1,2024/10/01,2024/10/31,"[""كتابة العدل الإفتراضية - الرياض"", ""منطقة الباحة"", ""منطقة الجوف"", ""منطقة الحدود الشمالية"", ""منطقة الرياض"", ""منطقة الشرقية"", ""منطقة القصيم"", ""منطقة المدينة المنوره"", ""منطقة تبوك"", ""منطقة جازان"", ""منطقة حائل"", ""منطقة عسير"", ""منطقة مكة المكرمه"", ""منطقة نجران""]",
59,MOJ,monthly_operations,MOJ-Monthly-Operations-2024-11.csv,moj/monthly/MOJ-Monthly-Operations-2024-11.csv,558145,3440,8,utf-8-sig,1,2024/11/01,2024/11/30,"[""كتابة العدل الإفتراضية - الرياض"", ""منطقة الباحة"", ""منطقة الجوف"", ""منطقة الحدود الشمالية"", ""منطقة الرياض"", ""منطقة الشرقية"", ""منطقة القصيم"", ""منطقة المدينة المنوره"", ""منطقة تبوك"", ""منطقة جازان"", ""منطقة حائل"", ""منطقة عسير"", ""منطقة مكة المكرمه"", ""منطقة نجران""]",
60,MOJ,monthly_operations,MOJ-Monthly-Operations-2024-12.csv,moj/monthly/MOJ-Monthly-Operations-2024-12.csv,622112,3815,8,utf-8-sig,1,2024/12/01,2024/12/31,"[""كتابة العدل الإفتراضية - الرياض"", ""منطقة الباحة"", ""منطقة الجوف"", ""منطقة الحدود الشمالية"", ""منطقة الرياض"", ""منطقة الشرقية"", ""منطقة القصيم"", ""منطقة المدينة المنوره"", ""منطقة تبوك"", ""منطقة جازان"", ""منطقة حائل"", ""منطقة عسير"", ""منطقة مكة المكرمه"", ""منطقة نجران""]",
61,MOJ,monthly_operations,MOJ-Monthly-Operations-2025-01.csv,moj/monthly/MOJ-Monthly-Operations-2025-01.csv,555266,3398,8,utf-8-sig,1,2025/01/01,2025/01/31,"[""كتابة العدل الإفتراضية - الرياض"", ""منطقة الباحة"", ""منطقة الجوف"", ""منطقة الحدود الشمالية"", ""منطقة الرياض"", ""منطقة الشرقية"", ""منطقة القصيم"", ""منطقة المدينة المنوره"", ""منطقة تبوك"", ""منطقة جازان"", ""منطقة حائل"", ""منطقة عسير"", ""منطقة مكة المكرمه"", ""منطقة نجران""]",
62,MOJ,monthly_operations,MOJ-Monthly-Operations-2025-02.csv,moj/monthly/MOJ-Monthly-Operations-2025-02.csv,490113,3003,8,utf-8-sig,1,2025/02/01,2025/02/28,"[""كتابة العدل الإفتراضية - الرياض"", ""منطقة الباحة"", ""منطقة الجوف"", ""منطقة الحدود الشمالية"", ""منطقة الرياض"", ""منطقة الشرقية"", ""منطقة القصيم"", ""منطقة المدينة المنوره"", ""منطقة تبوك"", ""منطقة جازان"", ""منطقة حائل"", ""منطقة عسير"", ""منطقة مكة المكرمه"", ""منطقة نجران""]",
63,MOJ,monthly_operations,MOJ-Monthly-Operations-2025-03.csv,moj/monthly/MOJ-Monthly-Operations-2025-03.csv,442178,2727,8,utf-8-sig,1,2025/03/01,2025/03/31,"[""كتابة العدل الإفتراضية - الرياض"", ""منطقة الباحة"", ""منطقة الجوف"", ""منطقة الحدود الشمالية"", ""منطقة الرياض"", ""منطقة الشرقية"", ""منطقة القصيم"", ""منطقة المدينة المنوره"", ""منطقة تبوك"", ""منطقة جازان"", ""منطقة حائل"", ""منطقة عسير"", ""منطقة مكة المكرمه"", ""منطقة نجران""]",
64,MOJ,monthly_operations,MOJ-Monthly-Operations-2025-04.csv,moj/monthly/MOJ-Monthly-Operations-2025-04.csv,498061,3069,8,utf-8-sig,1,2025/04/01,2025/04/30,"[""الخدمات الرقمية"", ""منطقة الباحة"", ""منطقة الجوف"", ""منطقة الحدود الشمالية"", ""منطقة الرياض"", ""منطقة الشرقية"", ""منطقة القصيم"", ""منطقة المدينة المنوره"", ""منطقة تبوك"", ""منطقة جازان"", ""منطقة حائل"", ""منطقة عسير"", ""منطقة مكة المكرمه"", ""منطقة نجران""]",
65,MOJ,monthly_operations,MOJ-Monthly-Operations-2025-05.csv,moj/monthly/MOJ-Monthly-Operations-2025-05.csv,547045,3370,8,utf-8-sig,1,2025/05/01,2025/05/31,"[""الخدمات الرقمية"", ""منطقة الباحة"", ""منطقة الجوف"", ""منطقة الحدود الشمالية"", ""منطقة الرياض"", ""منطقة الشرقية"", ""منطقة القصيم"", ""منطقة المدينة المنوره"", ""منطقة تبوك"", ""منطقة جازان"", ""منطقة حائل"", ""منطقة عسير"", ""منطقة مكة المكرمه"", ""منطقة نجران""]",
66,MOJ,monthly_operations,MOJ-Monthly-Operations-2025-06.csv,moj/monthly/MOJ-Monthly-Operations-2025-06.csv,386964,2381,8,utf-8-sig,1,2025/06/01,2025/06/30,"[""الخدمات الرقمية"", ""منطقة الباحة"", ""منطقة الجوف"", ""منطقة الحدود الشمالية"", ""منطقة الرياض"", ""منطقة الشرقية"", ""منطقة القصيم"", ""منطقة المدينة المنوره"", ""منطقة تبوك"", ""منطقة جازان"", ""منطقة حائل"", ""منطقة عسير"", ""منطقة مكة المكرمه"", ""منطقة نجران""]",
67,MOJ,monthly_operations,MOJ-Monthly-Operations-2025-07.csv,moj/monthly/MOJ-Monthly-Operations-2025-07.csv,539154,3323,8,utf-8-sig,1,2025/07/01,2025/07/31,"[""الخدمات الرقمية"", ""منطقة الباحة"", ""منطقة الجوف"", ""منطقة الحدود الشمالية"", ""منطقة الرياض"", ""منطقة الشرقية"", ""منطقة القصيم"", ""منطقة المدينة المنوره"", ""منطقة تبوك"", ""منطقة جازان"", ""منطقة حائل"", ""منطقة عسير"", ""منطقة مكة المكرمه"", ""منطقة نجران""]",
68,MOJ,monthly_operations,MOJ-Monthly-Operations-2025-08.csv,moj/monthly/MOJ-Monthly-Operations-2025-08.csv,510863,3140,8,utf-8-sig,1,2025/08/01,2025/08/31,"[""الخدمات الرقمية"", ""منطقة الباحة"", ""منطقة الجوف"", ""منطقة الحدود الشمالية"", ""منطقة الرياض"", ""منطقة الشرقية"", ""منطقة القصيم"", ""منطقة المدينة المنوره"", ""منطقة تبوك"", ""منطقة جازان"", ""منطقة حائل"", ""منطقة عسير"", ""منطقة مكة المكرمه"", ""منطقة نجران""]",
69,MOJ,monthly_operations,MOJ-Monthly-Operations-2025-09.csv,moj/monthly/MOJ-Monthly-Operations-2025-09.csv,508802,3121,8,utf-8-sig,1,2025/09/01,2025/09/30,"[""الخدمات الرقمية"", ""منطقة الباحة"", ""منطقة الجوف"", ""منطقة الحدود الشمالية"", ""منطقة الرياض"", ""منطقة الشرقية"", ""منطقة القصيم"", ""منطقة المدينة المنوره"", ""منطقة تبوك"", ""منطقة جازان"", ""منطقة حائل"", ""منطقة عسير"", ""منطقة مكة المكرمه"", ""منطقة نجران""]",
70,MOJ,monthly_operations,MOJ-Monthly-Operations-2025-10.csv,moj/monthly/MOJ-Monthly-Operations-2025-10.csv,533667,3269,8,utf-8-sig,1,2025/10/01,2025/10/31,"[""الخدمات الرقمية"", ""منطقة الباحة"", ""منطقة الجوف"", ""منطقة الحدود الشمالية"", ""منطقة الرياض"", ""منطقة الشرقية"", ""منطقة القصيم"", ""منطقة المدينة المنوره"", ""منطقة تبوك"", ""منطقة جازان"", ""منطقة حائل"", ""منطقة عسير"", ""منطقة مكة المكرمه"", ""منطقة نجران""]",
71,MOJ,monthly_operations,MOJ-Monthly-Operations-2025-11.csv,moj/monthly/MOJ-Monthly-Operations-2025-11.csv,477165,2923,8,utf-8-sig,1,2025/11/01,2025/11/30,"[""الخدمات الرقمية"", ""منطقة الباحة"", ""منطقة الجوف"", ""منطقة الحدود الشمالية"", ""منطقة الرياض"", ""منطقة الشرقية"", ""منطقة القصيم"", ""منطقة المدينة المنوره"", ""منطقة تبوك"", ""منطقة جازان"", ""منطقة حائل"", ""منطقة عسير"", ""منطقة مكة المكرمه"", ""منطقة نجران""]",
72,MOJ,monthly_operations,MOJ-Monthly-Operations-2025-12.csv,moj/monthly/MOJ-Monthly-Operations-2025-12.csv,525557,3206,8,utf-8-sig,1,2025/12/01,2025/12/31,"[""الخدمات الرقمية"", ""منطقة الباحة"", ""منطقة الجوف"", ""منطقة الحدود الشمالية"", ""منطقة الرياض"", ""منطقة الشرقية"", ""منطقة القصيم"", ""منطقة المدينة المنوره"", ""منطقة تبوك"", ""منطقة جازان"", ""منطقة حائل"", ""منطقة عسير"", ""منطقة مكة المكرمه"", ""منطقة نجران""]",
73,MOJ,monthly_operations,MOJ-Monthly-Operations-2026-01.csv,moj/monthly/MOJ-Monthly-Operations-2026-01.csv,450352,2741,8,utf-8-sig,1,2026/01/01,2026/01/31,"[""الخدمات الرقمية"", ""منطقة الباحة"", ""منطقة الجوف"", ""منطقة الحدود الشمالية"", ""منطقة الرياض"", ""منطقة الشرقية"", ""منطقة القصيم"", ""منطقة المدينة المنوره"", ""منطقة تبوك"", ""منطقة جازان"", ""منطقة حائل"", ""منطقة عسير"", ""منطقة مكة المكرمه"", ""منطقة نجران""]",
74,MOJ,monthly_operations,MOJ-Monthly-Operations-2026-02.csv,moj/monthly/MOJ-Monthly-Operations-2026-02.csv,393692,2398,8,utf-8-sig,1,2026/02/01,2026/02/28,"[""الخدمات الرقمية"", ""منطقة الباحة"", ""منطقة الجوف"", ""منطقة الحدود الشمالية"", ""منطقة الرياض"", ""منطقة الشرقية"", ""منطقة القصيم"", ""منطقة المدينة المنوره"", ""منطقة تبوك"", ""منطقة جازان"", ""منطقة حائل"", ""منطقة عسير"", ""منطقة مكة المكرمه"", ""منطقة نجران""]",
75,MOJ,mortgage,MOJ-Mortgage-2025-Q1.csv,moj/real-estate/MOJ-Mortgage-2025-Q1.csv,1298259,11166,6,utf-8-sig,1,2025/01/01,2025/03/31,"[""الباحة"", ""الجوف"", ""الحدود الشمالية"", ""الخدمات الرقمية"", ""الرياض"", ""الشرقية"", ""القصيم"", ""المدينة المنوره"", ""تبوك"", ""جازان"", ""حائل"", ""عسير"", ""مكة المكرمه"", ""نجران""]",
76,MOJ,mortgage,MOJ-Mortgage-2025-Q2.csv,moj/real-estate/MOJ-Mortgage-2025-Q2.csv,1443470,12357,6,utf-8-sig,1,2025/04/02,2025/06/30,"[""الباحة"", ""الجوف"", ""الحدود الشمالية"", ""الخدمات الرقمية"", ""الرياض"", ""الشرقية"", ""القصيم"", ""المدينة المنوره"", ""تبوك"", ""جازان"", ""حائل"", ""عسير"", ""مكة المكرمه"", ""نجران""]",
77,MOJ,mortgage,MOJ-Mortgage-2025-Q3.csv,moj/real-estate/MOJ-Mortgage-2025-Q3.csv,1513230,13002,6,utf-8-sig,1,2025/07/01,2025/09/30,"[""الجوف"", ""الحدود الشمالية"", ""الخدمات الرقمية"", ""الرياض"", ""الشرقية"", ""القصيم"", ""المدينة المنوره"", ""تبوك"", ""جازان"", ""حائل"", ""عسير"", ""مكة المكرمه"", ""نجران""]",
78,MOJ,mortgage,MOJ-Mortgage-2025-Q4.csv,moj/real-estate/MOJ-Mortgage-2025-Q4.csv,1488097,12758,6,utf-8-sig,1,2025/10/01,2025/12/31,"[""الجوف"", ""الحدود الشمالية"", ""الخدمات الرقمية"", ""الرياض"", ""الشرقية"", ""القصيم"", ""المدينة المنوره"", ""تبوك"", ""جازان"", ""حائل"", ""عسير"", ""مكة المكرمه"", ""نجران""]",
79,MOJ,mortgage_release,MOJ-Mortgage-Release-2025-Q1.csv,moj/real-estate/MOJ-Mortgage-Release-2025-Q1.csv,1681361,14697,6,utf-8-sig,1,2025/01/01,2025/03/30,"[""الجوف"", ""الخدمات الرقمية"", ""الرياض"", ""الشرقية"", ""القصيم"", ""المدينة المنوره"", ""تبوك"", ""جازان"", ""حائل"", ""خارجية"", ""عسير"", ""مكة المكرمه""]",
80,MOJ,mortgage_release,MOJ-Mortgage-Release-2025-Q2.csv,moj/real-estate/MOJ-Mortgage-Release-2025-Q2.csv,1494769,13039,6,utf-8-sig,1,2025/04/02,2025/06/30,"[""الجوف"", ""الخدمات الرقمية"", ""الرياض"", ""الشرقية"", ""القصيم"", ""المدينة المنوره"", ""تبوك"", ""جازان"", ""حائل"", ""عسير"", ""مكة المكرمه"", ""نجران""]",
81,MOJ,mortgage_release,MOJ-Mortgage-Release-2025-Q3.csv,moj/real-estate/MOJ-Mortgage-Release-2025-Q3.csv,1722979,15045,6,utf-8-sig,1,2025/07/01,2025/09/30,,
82,MOJ,mortgage_release,MOJ-Mortgage-Release-2025-Q4.csv,moj/real-estate/MOJ-Mortgage-Release-2025-Q4.csv,1414166,12352,6,utf-8-sig,1,2025/10/01,2025/12/31,"[""الخدمات الرقمية"", ""الرياض"", ""الشرقية"", ""القصيم"", ""المدينة المنوره"", ""تبوك"", ""جازان"", ""حائل"", ""عسير"", ""مكة المكرمه""]",
83,MOJ,ownership,MOJ-Ownership-2025-Q1.csv,moj/real-estate/MOJ-Ownership-2025-Q1.csv,186450,1634,6,utf-8-sig,1,2025/01/01,2025/03/31,"[""الخدمات الرقمية"", ""الرياض"", ""تبوك""]",
84,MOJ,ownership,MOJ-Ownership-2025-Q2.csv,moj/real-estate/MOJ-Ownership-2025-Q2.csv,184264,1633,6,utf-8-sig,1,4/1/2025,6/30/2025,"[""الخدمات الرقمية"", ""الرياض""]",
85,MOJ,ownership,MOJ-Ownership-2025-Q3.csv,moj/real-estate/MOJ-Ownership-2025-Q3.csv,221682,1943,6,utf-8-sig,1,2025/07/01,2025/09/30,"[""الخدمات الرقمية""]",
86,MOJ,ownership,MOJ-Ownership-2025-Q4.csv,moj/real-estate/MOJ-Ownership-2025-Q4.csv,272578,2389,6,utf-8-sig,1,2025/10/01,2025/12/31,"[""الخدمات الرقمية""]",
87,MOJ,ownership_men,MOJ-Ownership-Men-2025-Q1.csv,moj/real-estate/MOJ-Ownership-Men-2025-Q1.csv,10579,136,6,utf-8-sig,1,2025.0,2025.0,"[""منطقة الباحة"", ""منطقة الجوف"", ""منطقة الحدود الشمالية"", ""منطقة الرياض"", ""منطقة الشرقية"", ""منطقة القصيم"", ""منطقة المدينة المنوره"", ""منطقة تبوك"", ""منطقة جازان"", ""منطقة حائل"", ""منطقة عسير"", ""منطقة مكة المكرمه"", ""منطقة نجران""]",
88,MOJ,ownership_men,MOJ-Ownership-Men-2025-Q2.csv,moj/real-estate/MOJ-Ownership-Men-2025-Q2.csv,11233,141,6,utf-8-sig,1,2025.0,2025.0,"[""منطقة الباحة"", ""منطقة الجوف"", ""منطقة الحدود الشمالية"", ""منطقة الرياض"", ""منطقة الشرقية"", ""منطقة القصيم"", ""منطقة المدينة المنوره"", ""منطقة تبوك"", ""منطقة جازان"", ""منطقة حائل"", ""منطقة عسير"", ""منطقة مكة المكرمه"", ""منطقة نجران""]",
89,MOJ,ownership_men,MOJ-Ownership-Men-2025-Q3.csv,moj/real-estate/MOJ-Ownership-Men-2025-Q3.csv,11089,139,6,utf-8-sig,1,2025.0,2025.0,"[""منطقة الباحة"", ""منطقة الجوف"", ""منطقة الحدود الشمالية"", ""منطقة الرياض"", ""منطقة الشرقية"", ""منطقة القصيم"", ""منطقة المدينة المنوره"", ""منطقة تبوك"", ""منطقة جازان"", ""منطقة حائل"", ""منطقة عسير"", ""منطقة مكة المكرمه"", ""منطقة نجران""]",
90,MOJ,ownership_rate_men,MOJ-Ownership-Rate-Men-2025-Q1.csv,moj/real-estate/MOJ-Ownership-Rate-Men-2025-Q1.csv,11971,153,6,utf-8-sig,1,2025.0,2025.0,"[""منطقة الباحة"", ""منطقة الجوف"", ""منطقة الحدود الشمالية"", ""منطقة الرياض"", ""منطقة الشرقية"", ""منطقة القصيم"", ""منطقة المدينة المنوره"", ""منطقة تبوك"", ""منطقة جازان"", ""منطقة حائل"", ""منطقة عسير"", ""منطقة مكة المكرمه"", ""منطقة نجران""]",
91,MOJ,ownership_rate_men,MOJ-Ownership-Rate-Men-2025-Q2.csv,moj/real-estate/MOJ-Ownership-Rate-Men-2025-Q2.csv,12410,155,6,utf-8-sig,1,2025.0,2025.0,"[""منطقة الباحة"", ""منطقة الجوف"", ""منطقة الحدود الشمالية"", ""منطقة الرياض"", ""منطقة الشرقية"", ""منطقة القصيم"", ""منطقة المدينة المنوره"", ""منطقة تبوك"", ""منطقة جازان"", ""منطقة حائل"", ""منطقة عسير"", ""منطقة مكة المكرمه"", ""منطقة نجران""]",
92,MOJ,ownership_rate_men,MOJ-Ownership-Rate-Men-2025-Q3.csv,moj/real-estate/MOJ-Ownership-Rate-Men-2025-Q3.csv,12332,154,6,utf-8-sig,1,2025.0,2025.0,"[""منطقة الباحة"", ""منطقة الجوف"", ""منطقة الحدود الشمالية"", ""منطقة الرياض"", ""منطقة الشرقية"", ""منطقة القصيم"", ""منطقة المدينة المنوره"", ""منطقة تبوك"", ""منطقة جازان"", ""منطقة حائل"", ""منطقة عسير"", ""منطقة مكة المكرمه"", ""منطقة نجران""]",
93,MOJ,ownership_rate_men,MOJ-Ownership-Rate-Men-2025-Q4.csv,moj/real-estate/MOJ-Ownership-Rate-Men-2025-Q4.csv,12443,155,6,utf-8-sig,1,2025.0,2025.0,"[""منطقة الباحة"", ""منطقة الجوف"", ""منطقة الحدود الشمالية"", ""منطقة الرياض"", ""منطقة الشرقية"", ""منطقة القصيم"", ""منطقة المدينة المنوره"", ""منطقة تبوك"", ""منطقة جازان"", ""منطقة حائل"", ""منطقة عسير"", ""منطقة مكة المكرمه"", ""منطقة نجران""]",
94,MOJ,ownership_rate_women,MOJ-Ownership-Rate-Women-2025-Q1.csv,moj/real-estate/MOJ-Ownership-Rate-Women-2025-Q1.csv,10579,136,6,utf-8-sig,1,2025.0,2025.0,"[""منطقة الباحة"", ""منطقة الجوف"", ""منطقة الحدود الشمالية"", ""منطقة الرياض"", ""منطقة الشرقية"", ""منطقة القصيم"", ""منطقة المدينة المنوره"", ""منطقة تبوك"", ""منطقة جازان"", ""منطقة حائل"", ""منطقة عسير"", ""منطقة مكة المكرمه"", ""منطقة نجران""]",
95,MOJ,ownership_rate_women,MOJ-Ownership-Rate-Women-2025-Q2.csv,moj/real-estate/MOJ-Ownership-Rate-Women-2025-Q2.csv,11233,141,6,utf-8-sig,1,2025.0,2025.0,"[""منطقة الباحة"", ""منطقة الجوف"", ""منطقة الحدود الشمالية"", ""منطقة الرياض"", ""منطقة الشرقية"", ""منطقة القصيم"", ""منطقة المدينة المنوره"", ""منطقة تبوك"", ""منطقة جازان"", ""منطقة حائل"", ""منطقة عسير"", ""منطقة مكة المكرمه"", ""منطقة نجران""]",
96,MOJ,ownership_rate_women,MOJ-Ownership-Rate-Women-2025-Q3.csv,moj/real-estate/MOJ-Ownership-Rate-Women-2025-Q3.csv,11089,139,6,utf-8-sig,1,2025.0,2025.0,"[""منطقة الباحة"", ""منطقة الجوف"", ""منطقة الحدود الشمالية"", ""منطقة الرياض"", ""منطقة الشرقية"", ""منطقة القصيم"", ""منطقة المدينة المنوره"", ""منطقة تبوك"", ""منطقة جازان"", ""منطقة حائل"", ""منطقة عسير"", ""منطقة مكة المكرمه"", ""منطقة نجران""]",
97,MOJ,ownership_rate_women,MOJ-Ownership-Rate-Women-2025-Q4.csv,moj/real-estate/MOJ-Ownership-Rate-Women-2025-Q4.csv,11186,141,6,utf-8-sig,1,2025.0,2025.0,"[""منطقة الباحة"", ""منطقة الجوف"", ""منطقة الحدود الشمالية"", ""منطقة الرياض"", ""منطقة الشرقية"", ""منطقة القصيم"", ""منطقة المدينة المنوره"", ""منطقة تبوك"", ""منطقة جازان"", ""منطقة حائل"", ""منطقة عسير"", ""منطقة مكة المكرمه"", ""منطقة نجران""]",
98,MOJ,poa_ejar,MOJ-POA-Ejar-2025-Q1.csv,moj/real-estate/MOJ-POA-Ejar-2025-Q1.csv,1470484,12129,6,utf-8-sig,1,1/1/2025,3/31/2025,"[""الخدمات الرقمية"", ""منطقة الجوف"", ""منطقة الحدود الشمالية"", ""منطقة الرياض"", ""منطقة الشرقية"", ""منطقة القصيم"", ""منطقة المدينة المنوره"", ""منطقة تبوك"", ""منطقة جازان"", ""منطقة حائل"", ""منطقة عسير"", ""منطقة مكة المكرمه"", ""منطقة نجران""]",
99,MOJ,poa_ejar,MOJ-POA-Ejar-2025-Q2.csv,moj/real-estate/MOJ-POA-Ejar-2025-Q2.csv,1492562,12231,6,utf-8-sig,1,2025/04/01,2025/06/30,"[""الخدمات الرقمية"", ""منطقة الجوف"", ""منطقة الرياض"", ""منطقة الشرقية"", ""منطقة القصيم"", ""منطقة المدينة المنوره"", ""منطقة تبوك"", ""منطقة جازان"", ""منطقة حائل"", ""منطقة عسير"", ""منطقة مكة المكرمه"", ""منطقة نجران""]",
100,MOJ,poa_ejar,MOJ-POA-Ejar-2025-Q3.csv,moj/real-estate/MOJ-POA-Ejar-2025-Q3.csv,1326674,10875,6,utf-8-sig,1,2025/07/01,2025/09/30,"[""الخدمات الرقمية"", ""منطقة الجوف"", ""منطقة الرياض"", ""منطقة الشرقية"", ""منطقة القصيم"", ""منطقة المدينة المنوره"", ""منطقة تبوك"", ""منطقة جازان"", ""منطقة حائل"", ""منطقة عسير"", ""منطقة مكة المكرمه"", ""منطقة نجران""]",
101,MOJ,poa_ejar,MOJ-POA-Ejar-2025-Q4.csv,moj/real-estate/MOJ-POA-Ejar-2025-Q4.csv,1495323,12378,6,utf-8-sig,1,2025/10/01,2025/12/31,"[""الخدمات الرقمية"", ""منطقة الجوف"", ""منطقة الحدود الشمالية"", ""منطقة الرياض"", ""منطقة الشرقية"", ""منطقة القصيم"", ""منطقة المدينة المنوره"", ""منطقة تبوك"", ""منطقة جازان"", ""منطقة حائل"", ""منطقة عسير"", ""منطقة مكة المكرمه"", ""منطقة نجران""]",
102,MOJ,poa_issued,MOJ-POA-Issued-2023-04.csv,moj/monthly/MOJ-POA-Issued-2023-04.csv,37632838,251052,8,utf-8-sig,1,2023/04/01,2023/04/30,"[""كتابة العدل الإفتراضية - الرياض"", ""منطقة الباحة"", ""منطقة الجوف"", ""منطقة الحدود الشمالية"", ""منطقة الرياض"", ""منطقة الشرقية"", ""منطقة القصيم"", ""منطقة المدينة المنوره"", ""منطقة تبوك"", ""منطقة جازان"", ""منطقة حائل"", ""منطقة عسير"", ""منطقة مكة المكرمه"", ""منطقة نجران""]",
103,MOJ,poa_issued,MOJ-POA-Issued-2023-10.csv,moj/monthly/MOJ-POA-Issued-2023-10.csv,1035554,6233,8,utf-8-sig,1,2023/10/01,2023/10/31,"[""كتابة العدل الإفتراضية - الرياض"", ""منطقة الباحة"", ""منطقة الجوف"", ""منطقة الحدود الشمالية"", ""منطقة الرياض"", ""منطقة الشرقية"", ""منطقة القصيم"", ""منطقة المدينة المنوره"", ""منطقة تبوك"", ""منطقة جازان"", ""منطقة حائل"", ""منطقة عسير"", ""منطقة مكة المكرمه"", ""منطقة نجران""]",
104,MOJ,poa_issued,MOJ-POA-Issued-2023-11.csv,moj/monthly/MOJ-POA-Issued-2023-11.csv,1010389,6055,8,utf-8-sig,1,2023/11/01,2023/11/30,"[""كتابة العدل الإفتراضية - الرياض"", ""منطقة الباحة"", ""منطقة الجوف"", ""منطقة الحدود الشمالية"", ""منطقة الرياض"", ""منطقة الشرقية"", ""منطقة القصيم"", ""منطقة المدينة المنوره"", ""منطقة تبوك"", ""منطقة جازان"", ""منطقة حائل"", ""منطقة عسير"", ""منطقة مكة المكرمه"", ""منطقة نجران""]",
105,MOJ,poa_issued,MOJ-POA-Issued-2023-12.csv,moj/monthly/MOJ-POA-Issued-2023-12.csv,1024452,6181,8,utf-8-sig,1,2023/12/01,2023/12/31,"[""كتابة العدل الإفتراضية - الرياض"", ""منطقة الباحة"", ""منطقة الجوف"", ""منطقة الحدود الشمالية"", ""منطقة الرياض"", ""منطقة الشرقية"", ""منطقة القصيم"", ""منطقة المدينة المنوره"", ""منطقة تبوك"", ""منطقة جازان"", ""منطقة حائل"", ""منطقة عسير"", ""منطقة مكة المكرمه"", ""منطقة نجران""]",
106,MOJ,poa_issued,MOJ-POA-Issued-2024-01.csv,moj/monthly/MOJ-POA-Issued-2024-01.csv,1052459,6335,8,utf-8-sig,1,2024/01/01,2024/01/31,"[""كتابة العدل الإفتراضية - الرياض"", ""منطقة الباحة"", ""منطقة الجوف"", ""منطقة الحدود الشمالية"", ""منطقة الرياض"", ""منطقة الشرقية"", ""منطقة القصيم"", ""منطقة المدينة المنوره"", ""منطقة تبوك"", ""منطقة جازان"", ""منطقة حائل"", ""منطقة عسير"", ""منطقة مكة المكرمه"", ""منطقة نجران""]",
107,MOJ,poa_issued,MOJ-POA-Issued-2024-02.csv,moj/monthly/MOJ-POA-Issued-2024-02.csv,935256,5648,8,utf-8-sig,1,2024/02/01,2024/02/29,"[""كتابة العدل الإفتراضية - الرياض"", ""منطقة الباحة"", ""منطقة الجوف"", ""منطقة الحدود الشمالية"", ""منطقة الرياض"", ""منطقة الشرقية"", ""منطقة القصيم"", ""منطقة المدينة المنوره"", ""منطقة تبوك"", ""منطقة جازان"", ""منطقة حائل"", ""منطقة عسير"", ""منطقة مكة المكرمه"", ""منطقة نجران""]",
108,MOJ,poa_issued,MOJ-POA-Issued-2024-03.csv,moj/monthly/MOJ-POA-Issued-2024-03.csv,945836,5702,8,utf-8-sig,1,2024/03/01,2024/03/31,"[""كتابة العدل الإفتراضية - الرياض"", ""منطقة الباحة"", ""منطقة الجوف"", ""منطقة الحدود الشمالية"", ""منطقة الرياض"", ""منطقة الشرقية"", ""منطقة القصيم"", ""منطقة المدينة المنوره"", ""منطقة تبوك"", ""منطقة جازان"", ""منطقة حائل"", ""منطقة عسير"", ""منطقة مكة المكرمه"", ""منطقة نجران""]",
109,MOJ,poa_issued,MOJ-POA-Issued-2024-04.csv,moj/monthly/MOJ-POA-Issued-2024-04.csv,774254,4678,8,utf-8-sig,1,2024/04/01,2024/04/30,"[""كتابة العدل الإفتراضية - الرياض"", ""منطقة الباحة"", ""منطقة الجوف"", ""منطقة الحدود الشمالية"", ""منطقة الرياض"", ""منطقة الشرقية"", ""منطقة القصيم"", ""منطقة المدينة المنوره"", ""منطقة تبوك"", ""منطقة جازان"", ""منطقة حائل"", ""منطقة عسير"", ""منطقة مكة المكرمه"", ""منطقة نجران""]",
110,MOJ,poa_issued,MOJ-POA-Issued-2024-05.csv,moj/monthly/MOJ-POA-Issued-2024-05.csv,1038575,6239,8,utf-8-sig,1,2024/05/01,2024/05/31,"[""كتابة العدل الإفتراضية - الرياض"", ""منطقة الباحة"", ""منطقة الجوف"", ""منطقة الحدود الشمالية"", ""منطقة الرياض"", ""منطقة الشرقية"", ""منطقة القصيم"", ""منطقة المدينة المنوره"", ""منطقة تبوك"", ""منطقة جازان"", ""منطقة حائل"", ""منطقة عسير"", ""منطقة مكة المكرمه"", ""منطقة نجران""]",
111,MOJ,poa_issued,MOJ-POA-Issued-2024-06.csv,moj/monthly/MOJ-POA-Issued-2024-06.csv,778098,4700,8,utf-8-sig,1,2024/06/01,2024/06/30,"[""كتابة العدل الإفتراضية - الرياض"", ""منطقة الباحة"", ""منطقة الجوف"", ""منطقة الحدود الشمالية"", ""منطقة الرياض"", ""منطقة الشرقية"", ""منطقة القصيم"", ""منطقة المدينة المنوره"", ""منطقة تبوك"", ""منطقة جازان"", ""منطقة حائل"", ""منطقة عسير"", ""منطقة مكة المكرمه"", ""منطقة نجران""]",
112,MOJ,poa_issued,MOJ-POA-Issued-2024-07.csv,moj/monthly/MOJ-POA-Issued-2024-07.csv,1045715,6277,8,utf-8-sig,1,2024/07/01,2024/07/31,"[""كتابة العدل الإفتراضية - الرياض"", ""منطقة الباحة"", ""منطقة الجوف"", ""منطقة الحدود الشمالية"", ""منطقة الرياض"", ""منطقة الشرقية"", ""منطقة القصيم"", ""منطقة المدينة المنوره"", ""منطقة تبوك"", ""منطقة جازان"", ""منطقة حائل"", ""منطقة عسير"", ""منطقة مكة المكرمه"", ""منطقة نجران""]",
113,MOJ,poa_issued,MOJ-POA-Issued-2024-08.csv,moj/monthly/MOJ-POA-Issued-2024-08.csv,990286,5935,8,utf-8-sig,1,2024/08/01,2024/08/31,"[""كتابة العدل الإفتراضية - الرياض"", ""منطقة الباحة"", ""منطقة الجوف"", ""منطقة الحدود الشمالية"", ""منطقة الرياض"", ""منطقة الشرقية"", ""منطقة القصيم"", ""منطقة المدينة المنوره"", ""منطقة تبوك"", ""منطقة جازان"", ""منطقة حائل"", ""منطقة عسير"", ""منطقة مكة المكرمه"", ""منطقة نجران""]",
114,MOJ,poa_issued,MOJ-POA-Issued-2024-09.csv,moj/monthly/MOJ-POA-Issued-2024-09.csv,972432,5830,8,utf-8-sig,1,2024/09/01,2024/09/30,"[""كتابة العدل الإفتراضية - الرياض"", ""منطقة الباحة"", ""منطقة الجوف"", ""منطقة الحدود الشمالية"", ""منطقة الرياض"", ""منطقة الشرقية"", ""منطقة القصيم"", ""منطقة المدينة المنوره"", ""منطقة تبوك"", ""منطقة جازان"", ""منطقة حائل"", ""منطقة عسير"", ""منطقة مكة المكرمه"", ""منطقة نجران""]",
115,MOJ,poa_issued,MOJ-POA-Issued-2024-10.csv,moj/monthly/MOJ-POA-Issued-2024-10.csv,1037919,6213,8,utf-8-sig,1,2024/10/01,2024/10/31,"[""كتابة العدل الإفتراضية - الرياض"", ""منطقة الباحة"", ""منطقة الجوف"", ""منطقة الحدود الشمالية"", ""منطقة الرياض"", ""منطقة الشرقية"", ""منطقة القصيم"", ""منطقة المدينة المنوره"", ""منطقة تبوك"", ""منطقة جازان"", ""منطقة حائل"", ""منطقة عسير"", ""منطقة مكة المكرمه"", ""منطقة نجران""]",
116,MOJ,poa_issued,MOJ-POA-Issued-2024-11.csv,moj/monthly/MOJ-POA-Issued-2024-11.csv,1036127,6238,8,utf-8-sig,1,2024/11/01,2024/11/30,"[""كتابة العدل الإفتراضية - الرياض"", ""منطقة الباحة"", ""منطقة الجوف"", ""منطقة الحدود الشمالية"", ""منطقة الرياض"", ""منطقة الشرقية"", ""منطقة القصيم"", ""منطقة المدينة المنوره"", ""منطقة تبوك"", ""منطقة جازان"", ""منطقة حائل"", ""منطقة عسير"", ""منطقة مكة المكرمه"", ""منطقة نجران""]",
117,MOJ,poa_issued,MOJ-POA-Issued-2024-12.csv,moj/monthly/MOJ-POA-Issued-2024-12.csv,1146145,6871,8,utf-8-sig,1,2024/12/01,2024/12/31,"[""كتابة العدل الإفتراضية - الرياض"", ""منطقة الباحة"", ""منطقة الجوف"", ""منطقة الحدود الشمالية"", ""منطقة الرياض"", ""منطقة الشرقية"", ""منطقة القصيم"", ""منطقة المدينة المنوره"", ""منطقة تبوك"", ""منطقة جازان"", ""منطقة حائل"", ""منطقة عسير"", ""منطقة مكة المكرمه"", ""منطقة نجران""]",
118,MOJ,poa_issued,MOJ-POA-Issued-2025-01.csv,moj/monthly/MOJ-POA-Issued-2025-01.csv,1111819,6680,8,utf-8-sig,1,2025/01/01,2025/01/31,"[""كتابة العدل الإفتراضية - الرياض"", ""منطقة الباحة"", ""منطقة الجوف"", ""منطقة الحدود الشمالية"", ""منطقة الرياض"", ""منطقة الشرقية"", ""منطقة القصيم"", ""منطقة المدينة المنوره"", ""منطقة تبوك"", ""منطقة جازان"", ""منطقة حائل"", ""منطقة عسير"", ""منطقة مكة المكرمه"", ""منطقة نجران""]",
119,MOJ,poa_issued,MOJ-POA-Issued-2025-02.csv,moj/monthly/MOJ-POA-Issued-2025-02.csv,999290,6003,8,utf-8-sig,1,2025/02/01,2025/02/28,"[""كتابة العدل الإفتراضية - الرياض"", ""منطقة الباحة"", ""منطقة الجوف"", ""منطقة الحدود الشمالية"", ""منطقة الرياض"", ""منطقة الشرقية"", ""منطقة القصيم"", ""منطقة المدينة المنوره"", ""منطقة تبوك"", ""منطقة جازان"", ""منطقة حائل"", ""منطقة عسير"", ""منطقة مكة المكرمه"", ""منطقة نجران""]",
120,MOJ,poa_issued,MOJ-POA-Issued-2025-03.csv,moj/monthly/MOJ-POA-Issued-2025-03.csv,937343,5624,8,utf-8-sig,1,2025/03/01,2025/03/31,"[""كتابة العدل الإفتراضية - الرياض"", ""منطقة الباحة"", ""منطقة الجوف"", ""منطقة الحدود الشمالية"", ""منطقة الرياض"", ""منطقة الشرقية"", ""منطقة القصيم"", ""منطقة المدينة المنوره"", ""منطقة تبوك"", ""منطقة جازان"", ""منطقة حائل"", ""منطقة عسير"", ""منطقة مكة المكرمه"", ""منطقة نجران""]",
121,MOJ,poa_issued,MOJ-POA-Issued-2025-04.csv,moj/monthly/MOJ-POA-Issued-2025-04.csv,1014556,6233,8,utf-8-sig,1,2025/04/01,2025/04/30,"[""الخدمات الرقمية"", ""منطقة الباحة"", ""منطقة الجوف"", ""منطقة الحدود الشمالية"", ""منطقة الرياض"", ""منطقة الشرقية"", ""منطقة القصيم"", ""منطقة المدينة المنوره"", ""منطقة تبوك"", ""منطقة جازان"", ""منطقة حائل"", ""منطقة عسير"", ""منطقة مكة المكرمه"", ""منطقة نجران""]",
122,MOJ,poa_issued,MOJ-POA-Issued-2025-05.csv,moj/monthly/MOJ-POA-Issued-2025-05.csv,1156345,7104,8,utf-8-sig,1,2025/05/01,2025/05/31,"[""الخدمات الرقمية"", ""منطقة الباحة"", ""منطقة الجوف"", ""منطقة الحدود الشمالية"", ""منطقة الرياض"", ""منطقة الشرقية"", ""منطقة القصيم"", ""منطقة المدينة المنوره"", ""منطقة تبوك"", ""منطقة جازان"", ""منطقة حائل"", ""منطقة عسير"", ""منطقة مكة المكرمه"", ""منطقة نجران""]",
123,MOJ,poa_issued,MOJ-POA-Issued-2025-06.csv,moj/monthly/MOJ-POA-Issued-2025-06.csv,886704,5454,8,utf-8-sig,1,2025/06/01,2025/06/30,"[""الخدمات الرقمية"", ""منطقة الباحة"", ""منطقة الجوف"", ""منطقة الحدود الشمالية"", ""منطقة الرياض"", ""منطقة الشرقية"", ""منطقة القصيم"", ""منطقة المدينة المنوره"", ""منطقة تبوك"", ""منطقة جازان"", ""منطقة حائل"", ""منطقة عسير"", ""منطقة مكة المكرمه"", ""منطقة نجران""]",
124,MOJ,poa_issued,MOJ-POA-Issued-2025-07.csv,moj/monthly/MOJ-POA-Issued-2025-07.csv,1234793,7554,8,utf-8-sig,1,2025/07/01,2025/07/31,"[""الخدمات الرقمية"", ""منطقة الباحة"", ""منطقة الجوف"", ""منطقة الحدود الشمالية"", ""منطقة الرياض"", ""منطقة الشرقية"", ""منطقة القصيم"", ""منطقة المدينة المنوره"", ""منطقة تبوك"", ""منطقة جازان"", ""منطقة حائل"", ""منطقة عسير"", ""منطقة مكة المكرمه"", ""منطقة نجران""]",
125,MOJ,poa_issued,MOJ-POA-Issued-2025-08.csv,moj/monthly/MOJ-POA-Issued-2025-08.csv,1182076,7233,8,utf-8-sig,1,2025/08/01,2025/08/31,"[""الخدمات الرقمية"", ""منطقة الباحة"", ""منطقة الجوف"", ""منطقة الحدود الشمالية"", ""منطقة الرياض"", ""منطقة الشرقية"", ""منطقة القصيم"", ""منطقة المدينة المنوره"", ""منطقة تبوك"", ""منطقة جازان"", ""منطقة حائل"", ""منطقة عسير"", ""منطقة مكة المكرمه"", ""منطقة نجران""]",
126,MOJ,poa_issued,MOJ-POA-Issued-2025-09.csv,moj/monthly/MOJ-POA-Issued-2025-09.csv,1189608,7298,8,utf-8-sig,1,2025/09/01,2025/09/30,"[""الخدمات الرقمية"", ""منطقة الباحة"", ""منطقة الجوف"", ""منطقة الحدود الشمالية"", ""منطقة الرياض"", ""منطقة الشرقية"", ""منطقة القصيم"", ""منطقة المدينة المنوره"", ""منطقة تبوك"", ""منطقة جازان"", ""منطقة حائل"", ""منطقة عسير"", ""منطقة مكة المكرمه"", ""منطقة نجران""]",
127,MOJ,poa_issued,MOJ-POA-Issued-2025-10.csv,moj/monthly/MOJ-POA-Issued-2025-10.csv,1239344,7601,8,utf-8-sig,1,2025/10/01,2025/10/31,"[""الخدمات الرقمية"", ""منطقة الباحة"", ""منطقة الجوف"", ""منطقة الحدود الشمالية"", ""منطقة الرياض"", ""منطقة الشرقية"", ""منطقة القصيم"", ""منطقة المدينة المنوره"", ""منطقة تبوك"", ""منطقة جازان"", ""منطقة حائل"", ""منطقة عسير"", ""منطقة مكة المكرمه"", ""منطقة نجران""]",
128,MOJ,poa_issued,MOJ-POA-Issued-2025-11.csv,moj/monthly/MOJ-POA-Issued-2025-11.csv,1181295,7250,8,utf-8-sig,1,2025/11/01,2025/11/30,"[""الخدمات الرقمية"", ""منطقة الباحة"", ""منطقة الجوف"", ""منطقة الحدود الشمالية"", ""منطقة الرياض"", ""منطقة الشرقية"", ""منطقة القصيم"", ""منطقة المدينة المنوره"", ""منطقة تبوك"", ""منطقة جازان"", ""منطقة حائل"", ""منطقة عسير"", ""منطقة مكة المكرمه"", ""منطقة نجران""]",
129,MOJ,poa_issued,MOJ-POA-Issued-2025-12.csv,moj/monthly/MOJ-POA-Issued-2025-12.csv,1242381,7629,8,utf-8-sig,1,2025/12/01,2025/12/31,"[""الخدمات الرقمية"", ""منطقة الباحة"", ""منطقة الجوف"", ""منطقة الحدود الشمالية"", ""منطقة الرياض"", ""منطقة الشرقية"", ""منطقة القصيم"", ""منطقة المدينة المنوره"", ""منطقة تبوك"", ""منطقة جازان"", ""منطقة حائل"", ""منطقة عسير"", ""منطقة مكة المكرمه"", ""منطقة نجران""]",
130,MOJ,poa_issued,MOJ-POA-Issued-2026-01.csv,moj/monthly/MOJ-POA-Issued-2026-01.csv,1156152,7100,8,utf-8-sig,1,2026/01/01,2026/01/31,"[""الخدمات الرقمية"", ""منطقة الباحة"", ""منطقة الجوف"", ""منطقة الحدود الشمالية"", ""منطقة الرياض"", ""منطقة الشرقية"", ""منطقة القصيم"", ""منطقة المدينة المنوره"", ""منطقة تبوك"", ""منطقة جازان"", ""منطقة حائل"", ""منطقة عسير"", ""منطقة مكة المكرمه"", ""منطقة نجران""]",
131,MOJ,poa_issued,MOJ-POA-Issued-2026-02.csv,moj/monthly/MOJ-POA-Issued-2026-02.csv,979190,6019,8,utf-8-sig,1,2026/02/01,2026/02/28,"[""الخدمات الرقمية"", ""منطقة الباحة"", ""منطقة الجوف"", ""منطقة الحدود الشمالية"", ""منطقة الرياض"", ""منطقة الشرقية"", ""منطقة القصيم"", ""منطقة المدينة المنوره"", ""منطقة تبوك"", ""منطقة جازان"", ""منطقة حائل"", ""منطقة عسير"", ""منطقة مكة المكرمه"", ""منطقة نجران""]",
132,MOJ,poa_fund,MOJ-POA-RE-Fund-2025-Q1.csv,moj/real-estate/MOJ-POA-RE-Fund-2025-Q1.csv,395072,3437,6,utf-8-sig,1,2025/01/01,2025/03/31,"[""الخدمات الرقمية"", ""منطقة الحدود الشمالية"", ""منطقة الرياض"", ""منطقة الشرقية"", ""منطقة القصيم"", ""منطقة مكة المكرمه"", ""منطقة نجران""]",
133,MOJ,poa_fund,MOJ-POA-RE-Fund-2025-Q2.csv,moj/real-estate/MOJ-POA-RE-Fund-2025-Q2.csv,404679,3522,6,utf-8-sig,1,2025/04/01,2025/06/30,"[""الخدمات الرقمية"", ""منطقة الرياض"", ""منطقة الشرقية"", ""منطقة القصيم"", ""منطقة المدينة المنوره"", ""منطقة عسير"", ""منطقة مكة المكرمه""]",
134,MOJ,poa_fund,MOJ-POA-RE-Fund-2025-Q3.csv,moj/real-estate/MOJ-POA-RE-Fund-2025-Q3.csv,416467,3623,6,utf-8-sig,1,2025/07/01,2025/09/30,"[""الخدمات الرقمية"", ""منطقة الرياض"", ""منطقة الشرقية"", ""منطقة القصيم"", ""منطقة المدينة المنوره"", ""منطقة تبوك"", ""منطقة جازان"", ""منطقة عسير"", ""منطقة مكة المكرمه"", ""منطقة نجران""]",
135,MOJ,poa_fund,MOJ-POA-RE-Fund-2025-Q4.csv,moj/real-estate/MOJ-POA-RE-Fund-2025-Q4.csv,424040,3691,6,utf-8-sig,1,2025/10/01,2025/12/31,"[""الخدمات الرقمية"", ""منطقة الجوف"", ""منطقة الحدود الشمالية"", ""منطقة الرياض"", ""منطقة الشرقية"", ""منطقة القصيم"", ""منطقة المدينة المنوره"", ""منطقة جازان"", ""منطقة عسير"", ""منطقة مكة المكرمه""]",
136,MOJ,poa,MOJ-POA-RealEstate-2025-Q1.csv,moj/real-estate/MOJ-POA-RealEstate-2025-Q1.csv,28527162,246026,6,utf-8-sig,1,2025/01/01,2025/03/31,"[""الخدمات الرقمية"", ""منطقة الباحة"", ""منطقة الجوف"", ""منطقة الحدود الشمالية"", ""منطقة الرياض"", ""منطقة الشرقية"", ""منطقة القصيم"", ""منطقة المدينة المنوره"", ""منطقة تبوك"", ""منطقة جازان"", ""منطقة حائل"", ""منطقة عسير"", ""منطقة مكة المكرمه"", ""منطقة نجران""]",
137,MOJ,poa,MOJ-POA-RealEstate-2025-Q2.csv,moj/real-estate/MOJ-POA-RealEstate-2025-Q2.csv,27872513,240360,6,utf-8-sig,1,2025/04/01,2025/06/30,"[""الخدمات الرقمية"", ""منطقة الباحة"", ""منطقة الجوف"", ""منطقة الحدود الشمالية"", ""منطقة الرياض"", ""منطقة الشرقية"", ""منطقة القصيم"", ""منطقة المدينة المنوره"", ""منطقة تبوك"", ""منطقة جازان"", ""منطقة حائل"", ""منطقة عسير"", ""منطقة مكة المكرمه"", ""منطقة نجران""]",
138,MOJ,poa,MOJ-POA-RealEstate-2025-Q3.csv,moj/real-estate/MOJ-POA-RealEstate-2025-Q3.csv,31549894,271617,6,utf-8-sig,1,2025/07/01,2025/09/30,"[""الخدمات الرقمية"", ""منطقة الباحة"", ""منطقة الجوف"", ""منطقة الحدود الشمالية"", ""منطقة الرياض"", ""منطقة الشرقية"", ""منطقة القصيم"", ""منطقة المدينة المنوره"", ""منطقة تبوك"", ""منطقة جازان"", ""منطقة حائل"", ""منطقة عسير"", ""منطقة مكة المكرمه"", ""منطقة نجران""]",
139,MOJ,poa,MOJ-POA-RealEstate-2025-Q4-Part1.csv,moj/real-estate/MOJ-POA-RealEstate-2025-Q4-Part1.csv,16737737,143993,6,utf-8-sig,1,2025/10/01,2025/11/16,"[""الخدمات الرقمية"", ""منطقة الباحة"", ""منطقة الجوف"", ""منطقة الحدود الشمالية"", ""منطقة الرياض"", ""منطقة الشرقية"", ""منطقة القصيم"", ""منطقة المدينة المنوره"", ""منطقة تبوك"", ""منطقة جازان"", ""منطقة حائل"", ""منطقة عسير"", ""منطقة مكة المكرمه"", ""منطقة نجران""]",
140,MOJ,poa,MOJ-POA-RealEstate-2025-Q4-Part2.csv,moj/real-estate/MOJ-POA-RealEstate-2025-Q4-Part2.csv,16349320,140666,6,utf-8-sig,1,2025/11/17,2025/12/31,"[""الخدمات الرقمية"", ""منطقة الباحة"", ""منطقة الجوف"", ""منطقة الحدود الشمالية"", ""منطقة الرياض"", ""منطقة الشرقية"", ""منطقة القصيم"", ""منطقة المدينة المنوره"", ""منطقة تبوك"", ""منطقة جازان"", ""منطقة حائل"", ""منطقة عسير"", ""منطقة مكة المكرمه"", ""منطقة نجران""]",
141,MOJ,poa_white_land_fee,MOJ-POA-WhiteLandFee-2025-Q1.csv,moj/real-estate/MOJ-POA-WhiteLandFee-2025-Q1.csv,9605,83,6,utf-8-sig,1,2025/01/01,2025/03/31,"[""الخدمات الرقمية""]",
142,MOJ,poa_white_land_fee,MOJ-POA-WhiteLandFee-2025-Q2.csv,moj/real-estate/MOJ-POA-WhiteLandFee-2025-Q2.csv,8732,76,6,utf-8-sig,1,4/4/2025,6/29/2025,"[""الخدمات الرقمية"", ""منطقة الرياض"", ""منطقة مكة المكرمه""]",
143,MOJ,poa_white_land_fee,MOJ-POA-WhiteLandFee-2025-Q3.csv,moj/real-estate/MOJ-POA-WhiteLandFee-2025-Q3.csv,9555,82,6,utf-8-sig,1,2025/07/01,2025/09/30,"[""الخدمات الرقمية"", ""منطقة الرياض"", ""منطقة مكة المكرمه""]",
144,MOJ,poa_white_land_fee,MOJ-POA-WhiteLandFee-2025-Q4.csv,moj/real-estate/MOJ-POA-WhiteLandFee-2025-Q4.csv,22750,198,6,utf-8-sig,1,2025/10/01,2025/12/30,"[""الخدمات الرقمية"", ""منطقة الرياض"", ""منطقة الشرقية""]",
145,MOJ,physical_reg,MOJ-Physical-Registration-2025-Q1.csv,moj/real-estate/MOJ-Physical-Registration-2025-Q1.csv,17231687,165688,6,utf-8-sig,1,2025/01/01,2025/03/31,"[""الرياض""]",
146,MOJ,physical_reg,MOJ-Physical-Registration-2025-Q2.csv,moj/real-estate/MOJ-Physical-Registration-2025-Q2.csv,16126375,155060,6,utf-8-sig,1,2025/04/01,2025/06/30,"[""الرياض""]",
147,MOJ,physical_reg,MOJ-Physical-Registration-2025-Q3.csv,moj/real-estate/MOJ-Physical-Registration-2025-Q3.csv,18751536,180302,6,utf-8-sig,1,2025/07/01,2025/09/30,"[""الرياض""]",
148,MOJ,physical_reg,MOJ-Physical-Registration-2025-Q4.csv,moj/real-estate/MOJ-Physical-Registration-2025-Q4.csv,25300104,243269,6,utf-8-sig,1,2025/10/01,2025/12/31,"[""الرياض""]",
149,MOJ,property_identity,MOJ-Property-Identity-2025-Q1.csv,moj/real-estate/MOJ-Property-Identity-2025-Q1.csv,1758374,15605,6,utf-8-sig,1,1/1/2025,3/31/2025,"[""الخدمات الرقمية""]",
150,MOJ,property_identity,MOJ-Property-Identity-2025-Q3.csv,moj/real-estate/MOJ-Property-Identity-2025-Q3.csv,734858,6445,6,utf-8-sig,1,2025/07/01,2025/09/30,"[""الخدمات الرقمية""]",
151,MOJ,property_identity,MOJ-Property-Identity-2025-Q4.csv,moj/real-estate/MOJ-Property-Identity-2025-Q4.csv,912021,7999,6,utf-8-sig,1,2025/10/01,2025/12/31,"[""الخدمات الرقمية""]",
152,MOJ,index,MOJ-RE-Index-Cities-2018-2021.csv,moj/sales/MOJ-RE-Index-Cities-2018-2021.csv,19530,217,15,utf-8,0,,,,"pivot-table export with multi-row headers"
153,MOJ,index,MOJ-RE-Index-Districts-2018-2021.csv,moj/sales/MOJ-RE-Index-Districts-2018-2021.csv,139837,2125,13,utf-8,0,,,,"pivot-table export with multi-row headers"
154,MOJ,index,MOJ-RE-Index-Regions-2018-2021.csv,moj/sales/MOJ-RE-Index-Regions-2018-2021.csv,104783,660,15,utf-8-sig,1,,,"[""المنطقة"", ""المنطقة الشرقية"", ""منطقة الباحة"", ""منطقة الجوف"", ""منطقة الحدود الشمالية"", ""منطقة الرياض"", ""منطقة القصيم"", ""منطقة المدينة المنورة"", ""منطقة تبوك"", ""منطقة جازان"", ""منطقة حائل"", ""منطقة عسير"", ""منطقة مكة المكرمة"", ""منطقة نجران""]","pivot-table export with multi-row headers"
155,MOJ,operations,MOJ-RE-Operations-2024-M01.csv,moj/real-estate/MOJ-RE-Operations-2024-M01.csv,844783,5218,8,utf-8-sig,1,2024/01/01,2024/01/31,"[""كتابة العدل الإفتراضية - الرياض"", ""منطقة الباحة"", ""منطقة الجوف"", ""منطقة الحدود الشمالية"", ""منطقة الرياض"", ""منطقة الشرقية"", ""منطقة القصيم"", ""منطقة المدينة المنوره"", ""منطقة تبوك"", ""منطقة جازان"", ""منطقة حائل"", ""منطقة عسير"", ""منطقة مكة المكرمه"", ""منطقة نجران""]",
156,MOJ,operations,MOJ-RE-Operations-2024-M02.csv,moj/real-estate/MOJ-RE-Operations-2024-M02.csv,749357,4632,8,utf-8-sig,1,2024/02/01,2024/02/29,"[""كتابة العدل الإفتراضية - الرياض"", ""منطقة الباحة"", ""منطقة الجوف"", ""منطقة الحدود الشمالية"", ""منطقة الرياض"", ""منطقة الشرقية"", ""منطقة القصيم"", ""منطقة المدينة المنوره"", ""منطقة تبوك"", ""منطقة جازان"", ""منطقة حائل"", ""منطقة عسير"", ""منطقة مكة المكرمه"", ""منطقة نجران""]",
157,MOJ,operations,MOJ-RE-Operations-2024-M03.csv,moj/real-estate/MOJ-RE-Operations-2024-M03.csv,692301,4281,8,utf-8-sig,1,2024/03/01,2024/03/31,"[""كتابة العدل الإفتراضية - الرياض"", ""منطقة الباحة"", ""منطقة الجوف"", ""منطقة الحدود الشمالية"", ""منطقة الرياض"", ""منطقة الشرقية"", ""منطقة القصيم"", ""منطقة المدينة المنوره"", ""منطقة تبوك"", ""منطقة جازان"", ""منطقة حائل"", ""منطقة عسير"", ""منطقة مكة المكرمه"", ""منطقة نجران""]",
158,MOJ,operations,MOJ-RE-Operations-2024-M04.csv,moj/real-estate/MOJ-RE-Operations-2024-M04.csv,518221,3210,8,utf-8-sig,1,2024/04/01,2024/04/30,"[""كتابة العدل الإفتراضية - الرياض"", ""منطقة الباحة"", ""منطقة الجوف"", ""منطقة الحدود الشمالية"", ""منطقة الرياض"", ""منطقة الشرقية"", ""منطقة القصيم"", ""منطقة المدينة المنوره"", ""منطقة تبوك"", ""منطقة جازان"", ""منطقة حائل"", ""منطقة عسير"", ""منطقة مكة المكرمه"", ""منطقة نجران""]",
159,MOJ,operations,MOJ-RE-Operations-2024-M05.csv,moj/real-estate/MOJ-RE-Operations-2024-M05.csv,747175,4614,8,utf-8-sig,1,2024/05/01,2024/05/31,"[""كتابة العدل الإفتراضية - الرياض"", ""منطقة الباحة"", ""منطقة الجوف"", ""منطقة الحدود الشمالية"", ""منطقة الرياض"", ""منطقة الشرقية"", ""منطقة القصيم"", ""منطقة المدينة المنوره"", ""منطقة تبوك"", ""منطقة جازان"", ""منطقة حائل"", ""منطقة عسير"", ""منطقة مكة المكرمه"", ""منطقة نجران""]",
160,MOJ,operations,MOJ-RE-Operations-2024-M06.csv,moj/real-estate/MOJ-RE-Operations-2024-M06.csv,470811,2898,8,utf-8-sig,1,2024/06/01,2024/06/30,"[""كتابة العدل الإفتراضية - الرياض"", ""منطقة الباحة"", ""منطقة الجوف"", ""منطقة الحدود الشمالية"", ""منطقة الرياض"", ""منطقة الشرقية"", ""منطقة القصيم"", ""منطقة المدينة المنوره"", ""منطقة تبوك"", ""منطقة جازان"", ""منطقة حائل"", ""منطقة عسير"", ""منطقة مكة المكرمه"", ""منطقة نجران""]",
161,MOJ,operations,MOJ-RE-Operations-2024-M07.csv,moj/real-estate/MOJ-RE-Operations-2024-M07.csv,653164,4017,8,utf-8-sig,1,2024/07/01,2024/07/31,"[""كتابة العدل الإفتراضية - الرياض"", ""منطقة الباحة"", ""منطقة الجوف"", ""منطقة الحدود الشمالية"", ""منطقة الرياض"", ""منطقة الشرقية"", ""منطقة القصيم"", ""منطقة المدينة المنوره"", ""منطقة تبوك"", ""منطقة جازان"", ""منطقة حائل"", ""منطقة عسير"", ""منطقة مكة المكرمه"", ""منطقة نجران""]",
162,MOJ,operations,MOJ-RE-Operations-2024-M08.csv,moj/real-estate/MOJ-RE-Operations-2024-M08.csv,621898,3821,8,utf-8-sig,1,2024/08/01,2024/08/31,"[""كتابة العدل الإفتراضية - الرياض"", ""منطقة الباحة"", ""منطقة الجوف"", ""منطقة الحدود الشمالية"", ""منطقة الرياض"", ""منطقة الشرقية"", ""منطقة القصيم"", ""منطقة المدينة المنوره"", ""منطقة تبوك"", ""منطقة جازان"", ""منطقة حائل"", ""منطقة عسير"", ""منطقة مكة المكرمه"", ""منطقة نجران""]",
163,MOJ,operations,MOJ-RE-Operations-2024-M09.csv,moj/real-estate/MOJ-RE-Operations-2024-M09.csv,593645,3650,8,utf-8-sig,1,2024/09/01,2024/09/30,"[""كتابة العدل الإفتراضية - الرياض"", ""منطقة الباحة"", ""منطقة الجوف"", ""منطقة الحدود الشمالية"", ""منطقة الرياض"", ""منطقة الشرقية"", ""منطقة القصيم"", ""منطقة المدينة المنوره"", ""منطقة تبوك"", ""منطقة جازان"", ""منطقة حائل"", ""منطقة عسير"", ""منطقة مكة المكرمه"", ""منطقة نجران""]",
164,MOJ,operations,MOJ-RE-Operations-2024-M10.csv,moj/real-estate/MOJ-RE-Operations-2024-M10.csv,656587,4018,8,utf-8-sig,1,2024/10/01,2024/10/31,"[""كتابة العدل الإفتراضية - الرياض"", ""منطقة الباحة"", ""منطقة الجوف"", ""منطقة الحدود الشمالية"", ""منطقة الرياض"", ""منطقة الشرقية"", ""منطقة القصيم"", ""منطقة المدينة المنوره"", ""منطقة تبوك"", ""منطقة جازان"", ""منطقة حائل"", ""منطقة عسير"", ""منطقة مكة المكرمه"", ""منطقة نجران""]",
165,MOJ,operations,MOJ-RE-Operations-2024-M11.csv,moj/real-estate/MOJ-RE-Operations-2024-M11.csv,558145,3440,8,utf-8-sig,1,2024/11/01,2024/11/30,"[""كتابة العدل الإفتراضية - الرياض"", ""منطقة الباحة"", ""منطقة الجوف"", ""منطقة الحدود الشمالية"", ""منطقة الرياض"", ""منطقة الشرقية"", ""منطقة القصيم"", ""منطقة المدينة المنوره"", ""منطقة تبوك"", ""منطقة جازان"", ""منطقة حائل"", ""منطقة عسير"", ""منطقة مكة المكرمه"", ""منطقة نجران""]",
166,MOJ,operations,MOJ-RE-Operations-2024-M12.csv,moj/real-estate/MOJ-RE-Operations-2024-M12.csv,622112,3815,8,utf-8-sig,1,2024/12/01,2024/12/31,"[""كتابة العدل الإفتراضية - الرياض"", ""منطقة الباحة"", ""منطقة الجوف"", ""منطقة الحدود الشمالية"", ""منطقة الرياض"", ""منطقة الشرقية"", ""منطقة القصيم"", ""منطقة المدينة المنوره"", ""منطقة تبوك"", ""منطقة جازان"", ""منطقة حائل"", ""منطقة عسير"", ""منطقة مكة المكرمه"", ""منطقة نجران""]",
167,MOJ,operations,MOJ-RE-Operations-2025-M01.csv,moj/real-estate/MOJ-RE-Operations-2025-M01.csv,555266,3398,8,utf-8-sig,1,2025/01/01,2025/01/31,"[""كتابة العدل الإفتراضية - الرياض"", ""منطقة الباحة"", ""منطقة الجوف"", ""منطقة الحدود الشمالية"", ""منطقة الرياض"", ""منطقة الشرقية"", ""منطقة القصيم"", ""منطقة المدينة المنوره"", ""منطقة تبوك"", ""منطقة جازان"", ""منطقة حائل"", ""منطقة عسير"", ""منطقة مكة المكرمه"", ""منطقة نجران""]",
168,MOJ,operations,MOJ-RE-Operations-2025-M02.csv,moj/real-estate/MOJ-RE-Operations-2025-M02.csv,490113,3003,8,utf-8-sig,1,2025/02/01,2025/02/28,"[""كتابة العدل الإفتراضية - الرياض"", ""منطقة الباحة"", ""منطقة الجوف"", ""منطقة الحدود الشمالية"", ""منطقة الرياض"", ""منطقة الشرقية"", ""منطقة القصيم"", ""منطقة المدينة المنوره"", ""منطقة تبوك"", ""منطقة جازان"", ""منطقة حائل"", ""منطقة عسير"", ""منطقة مكة المكرمه"", ""منطقة نجران""]",
169,MOJ,operations,MOJ-RE-Operations-2025-M03.csv,moj/real-estate/MOJ-RE-Operations-2025-M03.csv,442178,2727,8,utf-8-sig,1,2025/03/01,2025/03/31,"[""كتابة العدل الإفتراضية - الرياض"", ""منطقة الباحة"", ""منطقة الجوف"", ""منطقة الحدود الشمالية"", ""منطقة الرياض"", ""منطقة الشرقية"", ""منطقة القصيم"", ""منطقة المدينة المنوره"", ""منطقة تبوك"", ""منطقة جازان"", ""منطقة حائل"", ""منطقة عسير"", ""منطقة مكة المكرمه"", ""منطقة نجران""]",
170,MOJ,operations,MOJ-RE-Operations-2025-M04.csv,moj/real-estate/MOJ-RE-Operations-2025-M04.csv,498061,3069,8,utf-8-sig,1,2025/04/01,2025/04/30,"[""الخدمات الرقمية"", ""منطقة الباحة"", ""منطقة الجوف"", ""منطقة الحدود الشمالية"", ""منطقة الرياض"", ""منطقة الشرقية"", ""منطقة القصيم"", ""منطقة المدينة المنوره"", ""منطقة تبوك"", ""منطقة جازان"", ""منطقة حائل"", ""منطقة عسير"", ""منطقة مكة المكرمه"", ""منطقة نجران""]",
171,MOJ,operations,MOJ-RE-Operations-2025-M05.csv,moj/real-estate/MOJ-RE-Operations-2025-M05.csv,547045,3370,8,utf-8-sig,1,2025/05/01,2025/05/31,"[""الخدمات الرقمية"", ""منطقة الباحة"", ""منطقة الجوف"", ""منطقة الحدود الشمالية"", ""منطقة الرياض"", ""منطقة الشرقية"", ""منطقة القصيم"", ""منطقة المدينة المنوره"", ""منطقة تبوك"", ""منطقة جازان"", ""منطقة حائل"", ""منطقة عسير"", ""منطقة مكة المكرمه"", ""منطقة نجران""]",
172,MOJ,operations,MOJ-RE-Operations-2025-M06.csv,moj/real-estate/MOJ-RE-Operations-2025-M06.csv,386964,2381,8,utf-8-sig,1,2025/06/01,2025/06/30,"[""الخدمات الرقمية"", ""منطقة الباحة"", ""منطقة الجوف"", ""منطقة الحدود الشمالية"", ""منطقة الرياض"", ""منطقة الشرقية"", ""منطقة القصيم"", ""منطقة المدينة المنوره"", ""منطقة تبوك"", ""منطقة جازان"", ""منطقة حائل"", ""منطقة عسير"", ""منطقة مكة المكرمه"", ""منطقة نجران""]",
173,MOJ,operations,MOJ-RE-Operations-2025-M07.csv,moj/real-estate/MOJ-RE-Operations-2025-M07.csv,539154,3323,8,utf-8-sig,1,2025/07/01,2025/07/31,"[""الخدمات الرقمية"", ""منطقة الباحة"", ""منطقة الجوف"", ""منطقة الحدود الشمالية"", ""منطقة الرياض"", ""منطقة الشرقية"", ""منطقة القصيم"", ""منطقة المدينة المنوره"", ""منطقة تبوك"", ""منطقة جازان"", ""منطقة حائل"", ""منطقة عسير"", ""منطقة مكة المكرمه"", ""منطقة نجران""]",
174,MOJ,operations,MOJ-RE-Operations-2025-M08.csv,moj/real-estate/MOJ-RE-Operations-2025-M08.csv,510863,3140,8,utf-8-sig,1,2025/08/01,2025/08/31,"[""الخدمات الرقمية"", ""منطقة الباحة"", ""منطقة الجوف"", ""منطقة الحدود الشمالية"", ""منطقة الرياض"", ""منطقة الشرقية"", ""منطقة القصيم"", ""منطقة المدينة المنوره"", ""منطقة تبوك"", ""منطقة جازان"", ""منطقة حائل"", ""منطقة عسير"", ""منطقة مكة المكرمه"", ""منطقة نجران""]",
175,MOJ,operations,MOJ-RE-Operations-2025-M09.csv,moj/real-estate/MOJ-RE-Operations-2025-M09.csv,508802,3121,8,utf-8-sig,1,2025/09/01,2025/09/30,"[""الخدمات الرقمية"", ""منطقة الباحة"", ""منطقة الجوف"", ""منطقة الحدود الشمالية"", ""منطقة الرياض"", ""منطقة الشرقية"", ""منطقة القصيم"", ""منطقة المدينة المنوره"", ""منطقة تبوك"", ""منطقة جازان"", ""منطقة حائل"", ""منطقة عسير"", ""منطقة مكة المكرمه"", ""منطقة نجران""]",
176,MOJ,operations,MOJ-RE-Operations-2025-M10.csv,moj/real-estate/MOJ-RE-Operations-2025-M10.csv,533667,3269,8,utf-8-sig,1,2025/10/01,2025/10/31,"[""الخدمات الرقمية"", ""منطقة الباحة"", ""منطقة الجوف"", ""منطقة الحدود الشمالية"", ""منطقة الرياض"", ""منطقة الشرقية"", ""منطقة القصيم"", ""منطقة المدينة المنوره"", ""منطقة تبوك"", ""منطقة جازان"", ""منطقة حائل"", ""منطقة عسير"", ""منطقة مكة المكرمه"", ""منطقة نجران""]",
177,MOJ,operations,MOJ-RE-Operations-2025-M11.csv,moj/real-estate/MOJ-RE-Operations-2025-M11.csv,477165,2923,8,utf-8-sig,1,2025/11/01,2025/11/30,"[""الخدمات الرقمية"", ""منطقة الباحة"", ""منطقة الجوف"", ""منطقة الحدود الشمالية"", ""منطقة الرياض"", ""منطقة الشرقية"", ""منطقة القصيم"", ""منطقة المدينة المنوره"", ""منطقة تبوك"", ""منطقة جازان"", ""منطقة حائل"", ""منطقة عسير"", ""منطقة مكة المكرمه"", ""منطقة نجران""]",
178,MOJ,operations,MOJ-RE-Operations-2025-M12.csv,moj/real-estate/MOJ-RE-Operations-2025-M12.csv,525557,3206,8,utf-8-sig,1,2025/12/01,2025/12/31,"[""الخدمات الرقمية"", ""منطقة الباحة"", ""منطقة الجوف"", ""منطقة الحدود الشمالية"", ""منطقة الرياض"", ""منطقة الشرقية"", ""منطقة القصيم"", ""منطقة المدينة المنوره"", ""منطقة تبوك"", ""منطقة جازان"", ""منطقة حائل"", ""منطقة عسير"", ""منطقة مكة المكرمه"", ""منطقة نجران""]",
179,MOJ,operations,MOJ-RE-Operations-2025-Q1.csv,moj/real-estate/MOJ-RE-Operations-2025-Q1.csv,41836,362,6,utf-8-sig,1,2025/01/01,2025/03/29,"[""الرياض"", ""المدينة المنوره"", ""مكة المكرمه""]",
180,MOJ,operations,MOJ-RE-Operations-2025-Q2.csv,moj/real-estate/MOJ-RE-Operations-2025-Q2.csv,23494919,197480,6,utf-8-sig,1,2025/04/01,2025/06/30,"[""الباحة"", ""الجوف"", ""الحدود الشمالية"", ""الخدمات الرقمية"", ""الرياض"", ""الشرقية"", ""القصيم"", ""المدينة المنوره"", ""تبوك"", ""جازان"", ""حائل"", ""عسير"", ""مكة المكرمه"", ""نجران""]",
181,MOJ,operations,MOJ-RE-Operations-2025-Q3.csv,moj/real-estate/MOJ-RE-Operations-2025-Q3.csv,1860,15,6,utf-8-sig,1,2025/07/20,2025/09/17,"[""الرياض""]",
182,MOJ,register_no_deed,MOJ-Register-No-Deed-2025-Q1.csv,moj/real-estate/MOJ-Register-No-Deed-2025-Q1.csv,675803,5872,6,utf-8-sig,1,2025/01/01,2025/03/30,"[""الحدود الشمالية"", ""الخدمات الرقمية"", ""الرياض"", ""الشرقية"", ""القصيم"", ""المدينة المنوره"", ""تبوك"", ""جازان"", ""حائل"", ""عسير"", ""مكة المكرمه"", ""نجران""]",
183,MOJ,register_no_deed,MOJ-Register-No-Deed-2025-Q2.csv,moj/real-estate/MOJ-Register-No-Deed-2025-Q2.csv,761960,6643,6,utf-8-sig,1,2025/04/01,2025/06/30,"[""الباحة"", ""الحدود الشمالية"", ""الخدمات الرقمية"", ""الرياض"", ""الشرقية"", ""القصيم"", ""المدينة المنوره"", ""تبوك"", ""جازان"", ""حائل"", ""عسير"", ""مكة المكرمه"", ""نجران""]",
184,MOJ,register_no_deed,MOJ-Register-No-Deed-2025-Q3.csv,moj/real-estate/MOJ-Register-No-Deed-2025-Q3.csv,1007089,8826,6,utf-8-sig,1,2025/07/01,2025/09/30,"[""الباحة"", ""الجوف"", ""الحدود الشمالية"", ""الخدمات الرقمية"", ""الرياض"", ""الشرقية"", ""القصيم"", ""المدينة المنوره"", ""تبوك"", ""جازان"", ""حائل"", ""عسير"", ""مكة المكرمه""]",
185,MOJ,register_no_deed,MOJ-Register-No-Deed-2025-Q4.csv,moj/real-estate/MOJ-Register-No-Deed-2025-Q4.csv,1087237,9231,6,utf-8-sig,1,2025/10/01,2025/12/31,"[""الباحة"", ""الحدود الشمالية"", ""الخدمات الرقمية"", ""الرياض"", ""الشرقية"", ""القصيم"", ""المدينة المنوره"", ""تبوك"", ""جازان"", ""حائل"", ""عسير"", ""مكة المكرمه""]",
186,MOJ,register_old_deed,MOJ-Register-Old-Deed-2025-Q1.csv,moj/real-estate/MOJ-Register-Old-Deed-2025-Q1.csv,6498899,52016,6,utf-8-sig,1,2025/01/01,2025/03/31,"[""الخدمات الرقمية"", ""الرياض"", ""الشرقية"", ""تبوك"", ""مكة المكرمه""]",
187,MOJ,register_old_deed,MOJ-Register-Old-Deed-2025-Q2.csv,moj/real-estate/MOJ-Register-Old-Deed-2025-Q2.csv,5145142,41172,6,utf-8-sig,1,2025/04/01,2025/06/30,"[""الخدمات الرقمية"", ""الرياض"", ""الشرقية"", ""تبوك"", ""مكة المكرمه""]",
188,MOJ,register_old_deed,MOJ-Register-Old-Deed-2025-Q3.csv,moj/real-estate/MOJ-Register-Old-Deed-2025-Q3.csv,6228912,49839,6,utf-8-sig,1,2025/07/01,2025/09/30,"[""الخدمات الرقمية"", ""الرياض"", ""الشرقية"", ""تبوك"", ""نجران""]",
189,MOJ,register_old_deed,MOJ-Register-Old-Deed-2025-Q4.csv,moj/real-estate/MOJ-Register-Old-Deed-2025-Q4.csv,7884533,63095,6,utf-8-sig,1,2025/10/01,2025/12/31,"[""الخدمات الرقمية"", ""الرياض"", ""الشرقية"", ""تبوك""]",
190,MOJ,release_seizure,MOJ-Release-Seizure-2025-Q1.csv,moj/real-estate/MOJ-Release-Seizure-2025-Q1.csv,15905479,154875,6,utf-8-sig,1,1/1/2025,3/31/2025,"[""الرياض""]",
191,MOJ,release_seizure,MOJ-Release-Seizure-2025-Q2.csv,moj/real-estate/MOJ-Release-Seizure-2025-Q2.csv,15148329,145647,6,utf-8-sig,1,2025/04/01,2025/06/30,"[""الرياض"", ""عسير"", ""مكة المكرمه""]",
192,MOJ,release_seizure,MOJ-Release-Seizure-2025-Q3.csv,moj/real-estate/MOJ-Release-Seizure-2025-Q3.csv,21342226,205203,6,utf-8-sig,1,2025/07/01,2025/09/30,"[""الرياض""]",
193,MOJ,release_seizure,MOJ-Release-Seizure-2025-Q4.csv,moj/real-estate/MOJ-Release-Seizure-2025-Q4.csv,22317252,214580,6,utf-8-sig,1,2025/10/01,2025/12/31,"[""الرياض"", ""حائل"", ""عسير""]",
194,MOJ,sales,MOJ-Sales-2020-Q1.csv,moj/sales/MOJ-Sales-2020-Q1.csv,10473807,80634,10,utf-8-sig,1,2020/01/01,2020/03/31,"[""منطقة الباحة"", ""منطقة الجوف"", ""منطقة الحدود الشمالية"", ""منطقة الرياض"", ""منطقة الشرقية"", ""منطقة القصيم"", ""منطقة المدينة المنوره"", ""منطقة تبوك"", ""منطقة جازان"", ""منطقة حائل"", ""منطقة عسير"", ""منطقة مكة المكرمه"", ""منطقة نجران""]",
195,MOJ,sales,MOJ-Sales-2020-Q2.csv,moj/sales/MOJ-Sales-2020-Q2.csv,6471091,49618,10,utf-8-sig,1,2020/04/01,2020/06/30,"[""منطقة الباحة"", ""منطقة الجوف"", ""منطقة الحدود الشمالية"", ""منطقة الرياض"", ""منطقة الشرقية"", ""منطقة القصيم"", ""منطقة المدينة المنوره"", ""منطقة تبوك"", ""منطقة جازان"", ""منطقة حائل"", ""منطقة عسير"", ""منطقة مكة المكرمه"", ""منطقة نجران""]",
196,MOJ,sales,MOJ-Sales-2020-Q3.csv,moj/sales/MOJ-Sales-2020-Q3.csv,8425793,64316,10,utf-8-sig,1,2020/07/01,2020/09/30,"[""منطقة الباحة"", ""منطقة الجوف"", ""منطقة الحدود الشمالية"", ""منطقة الرياض"", ""منطقة الشرقية"", ""منطقة القصيم"", ""منطقة المدينة المنوره"", ""منطقة تبوك"", ""منطقة جازان"", ""منطقة حائل"", ""منطقة عسير"", ""منطقة مكة المكرمه"", ""منطقة نجران""]",
197,MOJ,sales,MOJ-Sales-2020-Q4.csv,moj/sales/MOJ-Sales-2020-Q4.csv,10795258,82243,10,utf-8-sig,1,2020/10/01,2020/12/31,"[""منطقة الباحة"", ""منطقة الجوف"", ""منطقة الحدود الشمالية"", ""منطقة الرياض"", ""منطقة الشرقية"", ""منطقة القصيم"", ""منطقة المدينة المنوره"", ""منطقة تبوك"", ""منطقة جازان"", ""منطقة حائل"", ""منطقة عسير"", ""منطقة مكة المكرمه"", ""منطقة نجران""]",
198,MOJ,sales,MOJ-Sales-2021-Q1.csv,moj/sales/MOJ-Sales-2021-Q1.csv,12199085,92963,10,utf-8-sig,1,2021/01/01,2021/03/31,"[""منطقة الباحة"", ""منطقة الجوف"", ""منطقة الحدود الشمالية"", ""منطقة الرياض"", ""منطقة الشرقية"", ""منطقة القصيم"", ""منطقة المدينة المنوره"", ""منطقة تبوك"", ""منطقة جازان"", ""منطقة حائل"", ""منطقة عسير"", ""منطقة مكة المكرمه"", ""منطقة نجران""]",
199,MOJ,sales,MOJ-Sales-2021-Q2.csv,moj/sales/MOJ-Sales-2021-Q2.csv,8737671,66671,10,utf-8-sig,1,2021/04/01,2021/06/30,"[""منطقة الباحة"", ""منطقة الجوف"", ""منطقة الحدود الشمالية"", ""منطقة الرياض"", ""منطقة الشرقية"", ""منطقة القصيم"", ""منطقة المدينة المنوره"", ""منطقة تبوك"", ""منطقة جازان"", ""منطقة حائل"", ""منطقة عسير"", ""منطقة مكة المكرمه"", ""منطقة نجران""]",
200,MOJ,sales,MOJ-Sales-2021-Q3.csv,moj/sales/MOJ-Sales-2021-Q3.csv,7347059,55911,10,utf-8-sig,1,2021/07/01,2021/09/30,"[""منطقة الباحة"", ""منطقة الجوف"", ""منطقة الحدود الشمالية"", ""منطقة الرياض"", ""منطقة الشرقية"", ""منطقة القصيم"", ""منطقة المدينة المنوره"", ""منطقة تبوك"", ""منطقة جازان"", ""منطقة حائل"", ""منطقة عسير"", ""منطقة مكة المكرمه"", ""منطقة نجران""]",
201,MOJ,sales,MOJ-Sales-2021-Q4.csv,moj/sales/MOJ-Sales-2021-Q4.csv,8738732,66338,10,utf-8-sig,1,2021/10/01,2021/12/31,"[""منطقة الباحة"", ""منطقة الجوف"", ""منطقة الحدود الشمالية"", ""منطقة الرياض"", ""منطقة الشرقية"", ""منطقة القصيم"", ""منطقة المدينة المنوره"", ""منطقة تبوك"", ""منطقة جازان"", ""منطقة حائل"", ""منطقة عسير"", ""منطقة مكة المكرمه"", ""منطقة نجران""]",
202,MOJ,sales,MOJ-Sales-2022-Q1.csv,moj/sales/MOJ-Sales-2022-Q1.csv,9439364,71251,10,utf-8-sig,1,2022/01/01,2022/03/31,"[""منطقة الباحة"", ""منطقة الجوف"", ""منطقة الحدود الشمالية"", ""منطقة الرياض"", ""منطقة الشرقية"", ""منطقة القصيم"", ""منطقة المدينة المنوره"", ""منطقة تبوك"", ""منطقة جازان"", ""منطقة حائل"", ""منطقة عسير"", ""منطقة مكة المكرمه"", ""منطقة نجران""]",
203,MOJ,sales,MOJ-Sales-2022-Q2.csv,moj/sales/MOJ-Sales-2022-Q2.csv,7018651,53016,10,utf-8-sig,1,2022/04/01,2022/06/30,"[""منطقة الباحة"", ""منطقة الجوف"", ""منطقة الحدود الشمالية"", ""منطقة الرياض"", ""منطقة الشرقية"", ""منطقة القصيم"", ""منطقة المدينة المنوره"", ""منطقة تبوك"", ""منطقة جازان"", ""منطقة حائل"", ""منطقة عسير"", ""منطقة مكة المكرمه"", ""منطقة نجران""]",
204,MOJ,sales,MOJ-Sales-2022-Q3.csv,moj/sales/MOJ-Sales-2022-Q3.csv,6089274,45976,10,utf-8-sig,1,2022/07/01,2022/09/30,"[""منطقة الباحة"", ""منطقة الجوف"", ""منطقة الحدود الشمالية"", ""منطقة الرياض"", ""منطقة الشرقية"", ""منطقة القصيم"", ""منطقة المدينة المنوره"", ""منطقة تبوك"", ""منطقة جازان"", ""منطقة حائل"", ""منطقة عسير"", ""منطقة مكة المكرمه"", ""منطقة نجران""]",
205,MOJ,sales,MOJ-Sales-2022-Q4.csv,moj/sales/MOJ-Sales-2022-Q4.csv,5765491,43511,10,utf-8-sig,1,2022/10/01,2022/12/31,"[""منطقة الباحة"", ""منطقة الجوف"", ""منطقة الحدود الشمالية"", ""منطقة الرياض"", ""منطقة الشرقية"", ""منطقة القصيم"", ""منطقة المدينة المنوره"", ""منطقة تبوك"", ""منطقة جازان"", ""منطقة حائل"", ""منطقة عسير"", ""منطقة مكة المكرمه"", ""منطقة نجران""]",
206,MOJ,sales,MOJ-Sales-2023-Q1.csv,moj/sales/MOJ-Sales-2023-Q1.csv,7224713,44091,13,utf-8,0,,,"[""المنطقة الشرقية"", ""منطقة الباحة"", ""منطقة الجوف"", ""منطقة الحدود الشمالية"", ""منطقة الرياض"", ""منطقة القصيم"", ""منطقة المدينة المنورة"", ""منطقة تبوك"", ""منطقة جازان"", ""منطقة حائل"", ""منطقة عسير"", ""منطقة مكة المكرمة"", ""منطقة نجران""]",
207,MOJ,sales,MOJ-Sales-2023-Q2.csv,moj/sales/MOJ-Sales-2023-Q2.csv,5575645,38811,11,utf-8,0,2023/04/01,2023/06/30,"[""منطقة الباحة"", ""منطقة الجوف"", ""منطقة الحدود الشمالية"", ""منطقة الرياض"", ""منطقة الشرقية"", ""منطقة القصيم"", ""منطقة المدينة المنوره"", ""منطقة تبوك"", ""منطقة جازان"", ""منطقة حائل"", ""منطقة عسير"", ""منطقة مكة المكرمه"", ""منطقة نجران""]",
208,MOJ,sales,MOJ-Sales-2023-Q3.csv,moj/sales/MOJ-Sales-2023-Q3.csv,6912050,48545,11,utf-8,0,2023/07/01,2023/09/30,"[""منطقة الباحة"", ""منطقة الجوف"", ""منطقة الحدود الشمالية"", ""منطقة الرياض"", ""منطقة الشرقية"", ""منطقة القصيم"", ""منطقة المدينة المنوره"", ""منطقة تبوك"", ""منطقة جازان"", ""منطقة حائل"", ""منطقة عسير"", ""منطقة مكة المكرمه"", ""منطقة نجران""]",
209,MOJ,sales,MOJ-Sales-2023-Q4.csv,moj/sales/MOJ-Sales-2023-Q4.csv,6837074,52341,10,utf-8-sig,1,2023/10/01,2023/12/31,"[""منطقة الباحة"", ""منطقة الجوف"", ""منطقة الحدود الشمالية"", ""منطقة الرياض"", ""منطقة الشرقية"", ""منطقة القصيم"", ""منطقة المدينة المنوره"", ""منطقة تبوك"", ""منطقة جازان"", ""منطقة حائل"", ""منطقة عسير"", ""منطقة مكة المكرمه"", ""منطقة نجران""]",
210,MOJ,sales,MOJ-Sales-2024-Q1.csv,moj/sales/MOJ-Sales-2024-Q1.csv,7737267,59099,10,utf-8-sig,1,2024/01/01,2024/03/31,"[""منطقة الباحة"", ""منطقة الجوف"", ""منطقة الحدود الشمالية"", ""منطقة الرياض"", ""منطقة الشرقية"", ""منطقة القصيم"", ""منطقة المدينة المنوره"", ""منطقة تبوك"", ""منطقة جازان"", ""منطقة حائل"", ""منطقة عسير"", ""منطقة مكة المكرمه"", ""منطقة نجران""]",
211,MOJ,sales,MOJ-Sales-2024-Q2.csv,moj/sales/MOJ-Sales-2024-Q2.csv,6332354,48271,10,utf-8-sig,1,2024/04/01,2024/06/30,"[""منطقة الباحة"", ""منطقة الجوف"", ""منطقة الحدود الشمالية"", ""منطقة الرياض"", ""منطقة الشرقية"", ""منطقة القصيم"", ""منطقة المدينة المنوره"", ""منطقة تبوك"", ""منطقة جازان"", ""منطقة حائل"", ""منطقة عسير"", ""منطقة مكة المكرمه"", ""منطقة نجران""]",
212,MOJ,sales,MOJ-Sales-2024-Q3.csv,moj/sales/MOJ-Sales-2024-Q3.csv,9015835,69020,10,utf-8-sig,1,2024/07/01,2024/09/30,"[""منطقة الباحة"", ""منطقة الجوف"", ""منطقة الحدود الشمالية"", ""منطقة الرياض"", ""منطقة الشرقية"", ""منطقة القصيم"", ""منطقة المدينة المنوره"", ""منطقة تبوك"", ""منطقة جازان"", ""منطقة حائل"", ""منطقة عسير"", ""منطقة مكة المكرمه"", ""منطقة نجران""]",
213,MOJ,sales,MOJ-Sales-2024-Q4.csv,moj/sales/MOJ-Sales-2024-Q4.csv,9548541,72938,10,utf-8-sig,1,2024/10/01,2024/12/31,"[""منطقة الباحة"", ""منطقة الجوف"", ""منطقة الحدود الشمالية"", ""منطقة الرياض"", ""منطقة الشرقية"", ""منطقة القصيم"", ""منطقة المدينة المنوره"", ""منطقة تبوك"", ""منطقة جازان"", ""منطقة حائل"", ""منطقة عسير"", ""منطقة مكة المكرمه"", ""منطقة نجران""]",
214,MOJ,sales,MOJ-Sales-2025-Q1.csv,moj/sales/MOJ-Sales-2025-Q1.csv,8629226,65728,10,utf-8-sig,1,2025/01/01,2025/03/31,"[""منطقة الباحة"", ""منطقة الجوف"", ""منطقة الحدود الشمالية"", ""منطقة الرياض"", ""منطقة الشرقية"", ""منطقة القصيم"", ""منطقة المدينة المنوره"", ""منطقة تبوك"", ""منطقة جازان"", ""منطقة حائل"", ""منطقة عسير"", ""منطقة مكة المكرمه"", ""منطقة نجران""]",
215,MOJ,sales,MOJ-Sales-2025-Q2.csv,moj/sales/MOJ-Sales-2025-Q2.csv,5653283,42518,10,utf-8-sig,1,2025/04/01,2025/06/30,"[""منطقة الباحة"", ""منطقة الجوف"", ""منطقة الحدود الشمالية"", ""منطقة الرياض"", ""منطقة الشرقية"", ""منطقة القصيم"", ""منطقة المدينة المنوره"", ""منطقة تبوك"", ""منطقة جازان"", ""منطقة حائل"", ""منطقة عسير"", ""منطقة مكة المكرمه"", ""منطقة نجران""]",
216,MOJ,sales,MOJ-Sales-2025-Q3.csv,moj/sales/MOJ-Sales-2025-Q3.csv,6521815,48820,10,utf-8-sig,1,2025/07/01,2025/09/30,"[""منطقة الباحة"", ""منطقة الجوف"", ""منطقة الحدود الشمالية"", ""منطقة الرياض"", ""منطقة الشرقية"", ""منطقة القصيم"", ""منطقة المدينة المنوره"", ""منطقة تبوك"", ""منطقة جازان"", ""منطقة حائل"", ""منطقة عسير"", ""منطقة مكة المكرمه"", ""منطقة نجران""]",
217,MOJ,sales,MOJ-Sales-2025-Q4.csv,moj/sales/MOJ-Sales-2025-Q4.csv,5945523,44490,10,utf-8-sig,1,2025/10/01,2025/12/31,"[""منطقة الباحة"", ""منطقة الجوف"", ""منطقة الحدود الشمالية"", ""منطقة الرياض"", ""منطقة الشرقية"", ""منطقة القصيم"", ""منطقة المدينة المنوره"", ""منطقة تبوك"", ""منطقة جازان"", ""منطقة حائل"", ""منطقة عسير"", ""منطقة مكة المكرمه"", ""منطقة نجران""]",
218,MOJ,seizure,MOJ-Seizure-2025-Q1.csv,moj/real-estate/MOJ-Seizure-2025-Q1.csv,30073367,292680,6,utf-8-sig,1,1/1/2025,3/31/2025,"[""الرياض""]",
219,MOJ,seizure,MOJ-Seizure-2025-Q2.csv,moj/real-estate/MOJ-Seizure-2025-Q2.csv,25031863,240655,6,utf-8-sig,1,2025/04/01,2025/06/30,"[""الرياض""]",
220,MOJ,seizure,MOJ-Seizure-2025-Q3-Part1.csv,moj/real-estate/MOJ-Seizure-2025-Q3-Part1.csv,22380980,203473,6,utf-8-sig,1,2025/07/01,2025/08/16,"[""الرياض""]",
221,MOJ,seizure,MOJ-Seizure-2025-Q3-Part2.csv,moj/real-estate/MOJ-Seizure-2025-Q3-Part2.csv,18102001,174046,6,utf-8-sig,1,2025/08/17,2025/09/30,"[""الرياض""]",
222,MOJ,seizure,MOJ-Seizure-2025-Q3.csv,moj/real-estate/MOJ-Seizure-2025-Q3.csv,22380980,203473,6,utf-8-sig,1,2025/07/01,2025/08/16,"[""الرياض""]",
223,MOJ,seizure,MOJ-Seizure-2025-Q4-Part1.csv,moj/real-estate/MOJ-Seizure-2025-Q4-Part1.csv,18937712,182082,6,utf-8-sig,1,2025/10/01,2025/11/16,"[""الرياض""]",
224,MOJ,seizure,MOJ-Seizure-2025-Q4-Part2.csv,moj/real-estate/MOJ-Seizure-2025-Q4-Part2.csv,20568178,197764,6,utf-8-sig,1,2025/11/17,2025/12/31,"[""الرياض""]",
225,MOJ,transfer_ownership,MOJ-Transfer-Ownership-2025-Q1.csv,moj/real-estate/MOJ-Transfer-Ownership-2025-Q1.csv,74844,653,6,utf-8-sig,1,2025/01/01,2025/03/29,"[""الحدود الشمالية"", ""الخدمات الرقمية"", ""الرياض"", ""القصيم"", ""تبوك"", ""حائل"", ""مكة المكرمه""]",
226,MOJ,transfer_ownership,MOJ-Transfer-Ownership-2025-Q2.csv,moj/real-estate/MOJ-Transfer-Ownership-2025-Q2.csv,93050,813,6,utf-8-sig,1,4/5/2025,6/30/2025,"[""الخدمات الرقمية"", ""الرياض"", ""الشرقية"", ""القصيم"", ""حائل"", ""مكة المكرمه""]",
227,MOJ,transfer_ownership,MOJ-Transfer-Ownership-2025-Q3.csv,moj/real-estate/MOJ-Transfer-Ownership-2025-Q3.csv,95750,825,6,utf-8-sig,1,2025/07/01,2025/09/30,"[""الخدمات الرقمية"", ""الرياض"", ""حائل"", ""مكة المكرمه""]",
228,MOJ,transfer_ownership,MOJ-Transfer-Ownership-2025-Q4.csv,moj/real-estate/MOJ-Transfer-Ownership-2025-Q4.csv,184298,1527,6,utf-8-sig,1,2025/10/01,2025/12/31,"[""الخدمات الرقمية"", ""الرياض"", ""القصيم"", ""حائل"", ""مكة المكرمه""]",
229,MOJ,transfer_will_no_ownership,MOJ-Transfer-Will-No-Ownership-2025-Q3.csv,moj/real-estate/MOJ-Transfer-Will-No-Ownership-2025-Q3.csv,415,2,6,utf-8-sig,1,2025/07/21,2025/08/12,"[""الخدمات الرقمية"", ""الرياض""]",
230,MOJ,transfer_will_no_ownership,MOJ-Transfer-Will-No-Ownership-2025-Q4.csv,moj/real-estate/MOJ-Transfer-Will-No-Ownership-2025-Q4.csv,799,4,6,utf-8-sig,1,2025/11/06,2025/11/10,"[""الخدمات الرقمية""]",
231,MOJ,transfer,MOJ-Transfers-2025-Q1.csv,moj/real-estate/MOJ-Transfers-2025-Q1.csv,26017118,219591,6,utf-8-sig,1,2025/01/01,2025/03/31,"[""الباحة"", ""الجوف"", ""الحدود الشمالية"", ""الخدمات الرقمية"", ""الرياض"", ""الشرقية"", ""القصيم"", ""المدينة المنوره"", ""تبوك"", ""جازان"", ""حائل"", ""عسير"", ""مكة المكرمه"", ""نجران""]",
232,MOJ,transfer,MOJ-Transfers-2025-Q2.csv,moj/real-estate/MOJ-Transfers-2025-Q2.csv,93050,813,6,utf-8-sig,1,4/5/2025,6/30/2025,"[""الخدمات الرقمية"", ""الرياض"", ""الشرقية"", ""القصيم"", ""حائل"", ""مكة المكرمه""]",
233,MOJ,transfer,MOJ-Transfers-2025-Q3.csv,moj/real-estate/MOJ-Transfers-2025-Q3.csv,95750,825,6,utf-8-sig,1,2025/07/01,2025/09/30,"[""الخدمات الرقمية"", ""الرياض"", ""حائل"", ""مكة المكرمه""]",
234,MOJ,transfer,MOJ-Transfers-2025-Q4.csv,moj/real-estate/MOJ-Transfers-2025-Q4.csv,25900331,215873,6,utf-8-sig,1,2025/10/01,2025/12/31,"[""الباحة"", ""الجوف"", ""الحدود الشمالية"", ""الخدمات الرقمية"", ""الرياض"", ""الشرقية"", ""القصيم"", ""المدينة المنوره"", ""تبوك"", ""جازان"", ""حائل"", ""عسير"", ""مكة المكرمه"", ""نجران""]",
235,MOJ,update_deed,MOJ-Update-Deed-2025-Q1.csv,moj/real-estate/MOJ-Update-Deed-2025-Q1.csv,1149287,9827,6,utf-8-sig,1,2025/01/01,2025/03/31,"[""الباحة"", ""الجوف"", ""الحدود الشمالية"", ""الخدمات الرقمية"", ""الرياض"", ""الشرقية"", ""القصيم"", ""المدينة المنوره"", ""تبوك"", ""جازان"", ""حائل"", ""عسير"", ""مكة المكرمه"", ""نجران""]",
236,MOJ,update_deed,MOJ-Update-Deed-2025-Q2.csv,moj/real-estate/MOJ-Update-Deed-2025-Q2.csv,822959,6839,6,utf-8-sig,1,2025/04/01,2025/06/30,"[""الباحة"", ""الجوف"", ""الحدود الشمالية"", ""الخدمات الرقمية"", ""الرياض"", ""الشرقية"", ""القصيم"", ""المدينة المنوره"", ""تبوك"", ""جازان"", ""حائل"", ""عسير"", ""مكة المكرمه""]",
237,MOJ,update_deed,MOJ-Update-Deed-2025-Q3.csv,moj/real-estate/MOJ-Update-Deed-2025-Q3.csv,1376671,11241,6,utf-8-sig,1,2025/07/01,2025/09/30,"[""الباحة"", ""الجوف"", ""الحدود الشمالية"", ""الخدمات الرقمية"", ""الرياض"", ""الشرقية"", ""القصيم"", ""المدينة المنوره"", ""تبوك"", ""جازان"", ""حائل"", ""عسير"", ""مكة المكرمه"", ""نجران""]",
238,MOJ,update_deed,MOJ-Update-Deed-2025-Q4.csv,moj/real-estate/MOJ-Update-Deed-2025-Q4.csv,1526157,12468,6,utf-8-sig,1,2025/10/01,2025/12/31,"[""الباحة"", ""الجوف"", ""الحدود الشمالية"", ""الخدمات الرقمية"", ""الرياض"", ""الشرقية"", ""القصيم"", ""المدينة المنوره"", ""تبوك"", ""جازان"", ""حائل"", ""عسير"", ""مكة المكرمه""]",
239,MOJ,update_old_deed,MOJ-Update-Old-Deed-2025-Q1.csv,moj/real-estate/MOJ-Update-Old-Deed-2025-Q1.csv,41349,331,6,utf-8-sig,1,2025/01/01,2025/03/23,"[""الخدمات الرقمية"", ""الرياض"", ""الشرقية"", ""القصيم"", ""حائل""]",
240,MOJ,update_old_deed,MOJ-Update-Old-Deed-2025-Q2.csv,moj/real-estate/MOJ-Update-Old-Deed-2025-Q2.csv,62654,502,6,utf-8-sig,1,2025/04/06,2025/06/30,"[""الخدمات الرقمية"", ""الرياض"", ""الشرقية"", ""جازان"", ""حائل""]",
241,MOJ,update_old_deed,MOJ-Update-Old-Deed-2025-Q3.csv,moj/real-estate/MOJ-Update-Old-Deed-2025-Q3.csv,60226,482,6,utf-8-sig,1,2025/07/01,2025/09/30,"[""الخدمات الرقمية"", ""الرياض"", ""الشرقية""]",
242,MOJ,update_old_deed,MOJ-Update-Old-Deed-2025-Q4.csv,moj/real-estate/MOJ-Update-Old-Deed-2025-Q4.csv,66700,534,6,utf-8-sig,1,2025/10/01,2025/12/31,"[""الخدمات الرقمية"", ""الرياض"", ""الشرقية"", ""حائل""]",
243,REGA,gender_stats,Registered-Real-Estate-by-Gender-2024.csv,rega/Registered-Real-Estate-by-Gender-2024.csv,102,2,3,utf-8,0,,,,
244,REGA,rental_indicators,Rental-indicators-for-Cities-in-Riyadh-region.csv,rega/Rental-indicators-for-Cities-in-Riyadh-region.csv,311080,4486,7,utf-8-sig,1,2019.0,2024.0,"[""الرياض""]",
245,REGA,rental_indicators,Rental-indicators-for-cities-Asir-region.csv,rega/Rental-indicators-for-cities-Asir-region.csv,143331,2162,7,utf-8-sig,1,2019.0,2024.0,"[""عسير""]",
246,REGA,rental_indicators,Rental-indicators-for-cities-in-Al-Baha-region.csv,rega/Rental-indicators-for-cities-in-Al-Baha-region.csv,59720,890,7,utf-8-sig,1,2019.0,2024.0,"[""الباحة""]",
247,REGA,rental_indicators,Rental-indicators-for-cities-in-Al-jawf-region.csv,rega/Rental-indicators-for-cities-in-Al-jawf-region.csv,47957,715,7,utf-8-sig,1,2019.0,2024.0,"[""الجوف""]",
248,REGA,rental_indicators,Rental-indicators-for-cities-in-Eastern-Province.csv,rega/Rental-indicators-for-cities-in-Eastern-Province.csv,207191,2383,7,utf-8-sig,1,,,"[""المنطقة الشرقية""]",
249,REGA,rental_indicators,Rental-indicators-for-cities-in-Hail-region.csv,rega/Rental-indicators-for-cities-in-Hail-region.csv,43666,725,7,utf-8-sig,1,2019.0,2024.0,"[""حائل""]",
250,REGA,rental_indicators,Rental-indicators-for-cities-in-Jazan-region.csv,rega/Rental-indicators-for-cities-in-Jazan-region.csv,87678,1251,7,utf-8-sig,1,2019.0,2024.0,"[""جازان""]",
251,REGA,rental_indicators,Rental-indicators-for-cities-in-Madinah-region.csv,rega/Rental-indicators-for-cities-in-Madinah-region.csv,74589,847,7,utf-8-sig,1,,,"[""المدينة المنورة""]",
252,REGA,rental_indicators,Rental-indicators-for-cities-in-Makkah-region.csv,rega/Rental-indicators-for-cities-in-Makkah-region.csv,161826,2066,7,utf-8-sig,1,2019.0,2024.0,"[""مكة المكرمة""]",
253,REGA,rental_indicators,Rental-indicators-for-cities-in-N-B-region.csv,rega/Rental-indicators-for-cities-in-N-B-region.csv,64068,770,7,utf-8-sig,1,2019.0,2024.0,"[""الحدود الشماليه""]",
254,REGA,rental_indicators,Rental-indicators-for-cities-in-Najran-region.csv,rega/Rental-indicators-for-cities-in-Najran-region.csv,39568,613,7,utf-8-sig,1,2019.0,2024.0,"[""نجران""]",
255,REGA,rental_indicators,Rental-indicators-for-cities-in-Qassim-region.csv,rega/Rental-indicators-for-cities-in-Qassim-region.csv,156769,2241,7,utf-8-sig,1,2019.0,2024.0,"[""القصيم""]",
256,REGA,rental_indicators,Rental-indicators-for-cities-in-Tabuk-region.csv,rega/Rental-indicators-for-cities-in-Tabuk-region.csv,49651,805,7,utf-8-sig,1,2019.0,2024.0,"[""تبوك""]",
257,REGA,sales_indicators,Sales-transaction-indicators-in-EP-1st-Q-2025.csv,rega/Sales-transaction-indicators-in-EP-1st-Q-2025.csv,218889,1696,14,utf-8-sig,1,2025.0,2025.0,"[""الشرقية""]",
258,REGA,sales_indicators,Sales-transaction-indicators-in-EP-2nd-Q-2025.csv,rega/Sales-transaction-indicators-in-EP-2nd-Q-2025.csv,213435,1634,14,utf-8-sig,1,2025.0,2025.0,"[""الشرقية""]",
259,REGA,sales_indicators,Sales-transaction-indicators-in-EP-3rd-Q-2025.csv,rega/Sales-transaction-indicators-in-EP-3rd-Q-2025.csv,88440,599,14,utf-8-sig,1,2025.0,2025.0,"[""الشرقية""]",
260,REGA,sales_indicators,Sales-transaction-indicators-in-Hail-1st-Q-2025.csv,rega/Sales-transaction-indicators-in-Hail-1st-Q-2025.csv,38367,333,14,utf-8-sig,1,2025.0,2025.0,"[""حائل""]",
261,REGA,sales_indicators,Sales-transaction-indicators-in-Hail-2nd-Q-2025.csv,rega/Sales-transaction-indicators-in-Hail-2nd-Q-2025.csv,31463,298,14,utf-8-sig,1,2025.0,2025.0,"[""حائل""]",
262,REGA,sales_indicators,Sales-transaction-indicators-in-Hail-3rd-Q-2025.csv,rega/Sales-transaction-indicators-in-Hail-3rd-Q-2025.csv,12119,103,14,utf-8-sig,1,2025.0,2025.0,"[""حائل""]",
263,REGA,sales_indicators,Sales-transaction-indicators-in-Madinah-1stQ-2024.csv,rega/Sales-transaction-indicators-in-Madinah-1stQ-2024.csv,34424,201,14,utf-8-sig,1,2024.0,2024.0,"[""المدينة المنورة""]",
264,REGA,sales_indicators,Sales-transaction-indicators-in-Madinah-3rdQ-2024.csv,rega/Sales-transaction-indicators-in-Madinah-3rdQ-2024.csv,37044,214,14,utf-8-sig,1,2024.0,2024.0,"[""المدينة المنورة""]",
265,REGA,sales_indicators,Sales-transaction-indicators-in-Madinah-4th-Q-2024.csv,rega/Sales-transaction-indicators-in-Madinah-4th-Q-2024.csv,37998,219,14,utf-8-sig,1,2024.0,2024.0,"[""المدينة المنورة""]",
266,REGA,sales_indicators,Sales-transaction-indicators-in-Madinah-Q2-2024.csv,rega/Sales-transaction-indicators-in-Madinah-Q2-2024.csv,33486,194,14,utf-8-sig,1,2024.0,2024.0,"[""المدينة المنورة""]",
267,REGA,sales_indicators,Sales-transaction-indicators-in-Makkah-1st-Q-2024.csv,rega/Sales-transaction-indicators-in-Makkah-1st-Q-2024.csv,62558,428,14,utf-8-sig,1,2024.0,2024.0,"[""مكة المكرمة""]",
268,REGA,sales_indicators,Sales-transaction-indicators-in-Makkah-1st-Q-2025.csv,rega/Sales-transaction-indicators-in-Makkah-1st-Q-2025.csv,256853,1919,14,utf-8-sig,1,2025.0,2025.0,"[""مكة المكرمة""]",
269,REGA,sales_indicators,Sales-transaction-indicators-in-Makkah-2nd-Q-2024.csv,rega/Sales-transaction-indicators-in-Makkah-2nd-Q-2024.csv,62096,418,14,utf-8-sig,1,2024.0,2024.0,"[""مكة المكرمة""]",
270,REGA,sales_indicators,Sales-transaction-indicators-in-Makkah-2nd-Q-2025.csv,rega/Sales-transaction-indicators-in-Makkah-2nd-Q-2025.csv,253469,1872,14,utf-8-sig,1,2025.0,2025.0,"[""مكة المكرمة""]",
271,REGA,sales_indicators,Sales-transaction-indicators-in-Makkah-3rd-Q-2024.csv,rega/Sales-transaction-indicators-in-Makkah-3rd-Q-2024.csv,64364,434,14,utf-8-sig,1,2024.0,2024.0,"[""مكة المكرمة""]",
272,REGA,sales_indicators,Sales-transaction-indicators-in-Makkah-3rd-Q-2025.csv,rega/Sales-transaction-indicators-in-Makkah-3rd-Q-2025.csv,91860,679,14,utf-8-sig,1,2025.0,2025.0,"[""مكة المكرمة""]",
273,REGA,sales_indicators,Sales-transaction-indicators-in-Makkah-4th-Q-2024.csv,rega/Sales-transaction-indicators-in-Makkah-4th-Q-2024.csv,67106,450,14,utf-8-sig,1,2024.0,2024.0,"[""مكة المكرمة""]",
274,REGA,sales_indicators,Sales-transaction-indicators-in-Riyadh-1st-Q-2024.csv,rega/Sales-transaction-indicators-in-Riyadh-1st-Q-2024.csv,72701,522,14,utf-8-sig,1,2024.0,2024.0,"[""الرياض""]",
275,REGA,sales_indicators,Sales-transaction-indicators-in-Riyadh-2nd-Q-2024.csv,rega/Sales-transaction-indicators-in-Riyadh-2nd-Q-2024.csv,70189,499,14,utf-8-sig,1,2024.0,2024.0,"[""الرياض""]",
276,REGA,sales_indicators,Sales-transaction-indicators-in-Riyadh-2nd-Q-2025.csv,rega/Sales-transaction-indicators-in-Riyadh-2nd-Q-2025.csv,313998,2492,14,utf-8-sig,1,2025.0,2025.0,"[""الرياض""]",
277,REGA,sales_indicators,Sales-transaction-indicators-in-Riyadh-3rd-Q-2025.csv,rega/Sales-transaction-indicators-in-Riyadh-3rd-Q-2025.csv,112611,890,14,utf-8-sig,1,2025.0,2025.0,"[""الرياض""]",
278,REGA,sales_indicators,Sales-transaction-indicators-in-Riyadh-3rdQ-2024.csv,rega/Sales-transaction-indicators-in-Riyadh-3rdQ-2024.csv,73920,525,14,utf-8-sig,1,2024.0,2024.0,"[""الرياض""]",
279,REGA,sales_indicators,Sales-transaction-indicators-in-Riyadh-4th-Q-2024.csv,rega/Sales-transaction-indicators-in-Riyadh-4th-Q-2024.csv,74135,525,14,utf-8-sig,1,2024.0,2024.0,"[""الرياض""]",
280,REGA,sales_indicators,Sales-transaction-indicators-in-Riyadh-Q1-2025.csv,rega/Sales-transaction-indicators-in-Riyadh-Q1-2025.csv,364478,2903,14,utf-8-sig,1,2025.0,2025.0,"[""الرياض""]",
281,REGA,sales_indicators,Sales-transaction-indicators-in-albaha-1st-Q-2025.csv,rega/Sales-transaction-indicators-in-albaha-1st-Q-2025.csv,6777,61,14,utf-8-sig,1,2025.0,2025.0,"[""الباحة""]",
282,REGA,sales_indicators,Sales-transaction-indicators-in-albaha-2nd-Q-2025.csv,rega/Sales-transaction-indicators-in-albaha-2nd-Q-2025.csv,7095,63,14,utf-8-sig,1,2025.0,2025.0,"[""الباحة""]",
283,REGA,sales_indicators,Sales-transaction-indicators-in-albaha-3rd-Q-2025.csv,rega/Sales-transaction-indicators-in-albaha-3rd-Q-2025.csv,2609,21,14,utf-8-sig,1,2025.0,2025.0,"[""الباحة""]",
284,REGA,sales_indicators,Sales-transaction-indicators-in-the-EP-2nd-Q-2024.csv,rega/Sales-transaction-indicators-in-the-EP-2nd-Q-2024.csv,24243,172,14,utf-8-sig,1,2024.0,2024.0,"[""الشرقية""]",
285,REGA,sales_indicators,Sales-transaction-indicators-in-the-EP-3rd-Q-2024.csv,rega/Sales-transaction-indicators-in-the-EP-3rd-Q-2024.csv,23891,168,14,utf-8-sig,1,2024.0,2024.0,"[""الشرقية""]",
286,REGA,sales_indicators,Sales-transaction-indicators-in-the-EP-4th-Q-2024.csv,rega/Sales-transaction-indicators-in-the-EP-4th-Q-2024.csv,24059,170,14,utf-8-sig,1,2024.0,2024.0,"[""الشرقية""]",
287,REGA,sales_indicators,Sales-transaction-indicators-in-the-EP-Q-2024.csv,rega/Sales-transaction-indicators-in-the-EP-Q-2024.csv,24021,172,14,utf-8-sig,1,2024.0,2024.0,"[""الشرقية""]",
288,REGA,consolidated,quarter-report-SI.csv,rega/quarter-report-SI.csv,4132808,32730,11,utf-8,0,2018.0,2023.0,"[""المنطقة الشرقية"", ""منطقة الباحة"", ""منطقة الجوف"", ""منطقة الحدود الشماليه"", ""منطقة الرياض"", ""منطقة القصيم"", ""منطقة المدينة المنورة"", ""منطقة تبوك"", ""منطقة جازان"", ""منطقة حائل"", ""منطقة عسير"", ""منطقة مكة المكرمة"", ""منطقة نجران""]",
289,UNKNOWN,unknown,region_mapping.csv,data/region_mapping.csv,2027,33,3,utf-8,0,,,,
290,UNKNOWN,unknown,registry_enums.csv,data/registry_enums.csv,476594,3864,10,utf-8,0,,,,
291,UNKNOWN,unknown,registry_fields.csv,data/registry_fields.csv,278228,1388,17,utf-8,0,,,,
292,UNKNOWN,unknown,registry_files.csv,data/registry_files.csv,58053,159,14,utf-8,0,,,,
